sample_id,has_emoji,text_length_bin,has_contrast,has_negation,uppercase_ratio,has_repeated_chars,word_count,uppercase_ratio_bin
0,False,medium,False,True,0.014492753623188406,False,18,low
1,False,medium,False,False,0.1509433962264151,False,15,high
2,False,medium,True,False,0.04411764705882353,False,15,low
3,False,medium,False,False,0.03225806451612903,False,14,low
4,False,long,False,False,0.12380952380952381,False,22,high
5,False,medium,False,True,0.07142857142857142,False,17,low
6,True,short,False,False,0.03333333333333333,False,8,low
7,False,short,False,False,0.2549019607843137,False,7,high
8,False,long,False,False,0.12087912087912088,False,19,high
9,False,medium,False,False,0.012658227848101266,False,18,low
10,False,short,False,True,0.015384615384615385,False,12,low
11,False,short,False,False,0.15789473684210525,False,9,high
12,True,short,False,False,0.0,False,6,none
13,False,long,False,False,0.10476190476190476,False,24,high
14,False,short,False,False,0.057971014492753624,False,12,low
15,True,medium,False,False,0.0136986301369863,True,18,low
16,False,short,False,False,0.358974358974359,False,7,high
17,False,medium,False,False,0.31746031746031744,False,15,high
18,False,medium,False,False,0.058823529411764705,False,15,low
19,False,short,False,False,0.14583333333333334,False,8,high
20,False,short,False,False,0.16363636363636364,False,10,high
21,False,long,True,False,0.061855670103092786,False,22,low
22,False,short,False,False,0.061224489795918366,False,11,low
23,True,short,False,False,0.12162162162162163,False,12,high
24,False,short,False,False,0.21739130434782608,False,10,high
25,False,short,False,False,0.14285714285714285,False,6,high
26,False,short,False,False,0.05,False,9,low
27,False,short,False,False,0.043478260869565216,False,11,low
28,False,long,False,False,0.047058823529411764,False,20,low
29,False,short,False,False,0.08450704225352113,False,11,low
30,False,short,False,False,0.1891891891891892,False,8,high
31,False,long,False,False,0.028169014084507043,False,19,low
32,False,short,False,False,0.05,False,4,low
33,False,medium,False,True,0.07246376811594203,False,18,low
34,False,medium,False,False,0.061855670103092786,False,18,low
35,False,long,False,False,0.018518518518518517,False,25,low
36,False,short,False,False,0.125,False,7,high
37,False,short,False,False,0.11940298507462686,False,12,high
38,False,medium,False,False,0.05434782608695652,False,18,low
39,False,short,False,False,0.030303030303030304,False,11,low
40,False,short,False,False,0.04477611940298507,False,11,low
41,False,short,False,False,0.1,False,12,low
42,False,short,False,False,0.14285714285714285,False,2,high
43,False,long,False,False,0.06593406593406594,False,22,low
44,False,medium,False,True,0.06557377049180328,False,17,low
45,False,short,False,False,0.05405405405405406,False,9,low
46,False,medium,False,False,0.175,False,18,high
47,False,medium,False,False,0.08108108108108109,False,15,low
48,False,short,False,True,0.23404255319148937,False,7,high
49,False,medium,False,False,0.07777777777777778,False,14,low
50,False,short,False,False,0.018867924528301886,False,8,low
51,False,medium,False,False,0.2571428571428571,False,13,high
52,False,short,False,False,0.05555555555555555,False,3,low
53,False,medium,False,False,0.014492753623188406,False,16,low
54,False,short,False,False,0.5064935064935064,False,10,high
55,False,long,False,False,0.04878048780487805,False,19,low
56,False,long,True,False,0.05,False,25,low
57,False,medium,False,False,0.11627906976744186,False,16,high
58,False,long,False,False,0.12,False,24,high
59,False,medium,False,False,0.0821917808219178,False,16,low
60,False,medium,False,False,0.11428571428571428,False,15,high
61,False,medium,False,True,0.07936507936507936,False,13,low
62,False,short,False,False,1.0,False,5,high
63,True,medium,True,False,0.013333333333333334,False,17,low
64,False,medium,False,True,0.046511627906976744,False,16,low
65,False,short,False,False,0.14285714285714285,False,7,high
66,False,medium,False,False,0.14084507042253522,False,18,high
67,False,long,False,True,0.12195121951219512,False,20,high
68,False,short,False,False,0.05405405405405406,False,7,low
69,False,medium,False,False,0.08333333333333333,False,15,low
70,False,medium,False,False,0.060240963855421686,False,17,low
71,False,short,False,False,0.0,False,8,none
72,True,short,False,False,0.06451612903225806,False,9,low
73,False,short,False,False,0.07407407407407407,False,7,low
74,False,short,False,False,0.06060606060606061,False,8,low
75,False,medium,False,False,0.037037037037037035,False,15,low
76,False,medium,False,False,0.4107142857142857,False,13,high
77,False,short,False,False,0.125,False,8,high
78,False,short,False,False,0.047619047619047616,False,11,low
79,False,short,False,False,0.08823529411764706,False,10,low
80,False,long,False,False,0.06521739130434782,False,21,low
81,True,medium,False,False,0.08181818181818182,False,17,low
82,True,medium,False,False,0.015384615384615385,False,14,low
83,False,medium,False,False,0.3148148148148148,False,16,high
84,False,medium,False,False,0.06422018348623854,False,17,low
85,False,medium,False,False,0.0379746835443038,False,16,low
86,False,long,False,False,0.037383177570093455,False,25,low
87,False,medium,False,False,0.18461538461538463,False,15,high
88,False,short,False,False,0.08333333333333333,False,6,low
89,False,short,False,False,0.12,False,6,high
90,False,short,False,False,0.21428571428571427,False,12,high
91,False,long,False,True,0.07142857142857142,False,25,low
92,False,long,False,False,0.09090909090909091,False,20,low
93,False,short,False,False,0.18518518518518517,False,12,high
94,False,short,False,False,0.17777777777777778,False,8,high
95,False,medium,False,False,0.08108108108108109,False,16,low
96,False,long,False,False,0.07865168539325842,False,19,low
97,False,long,False,False,0.0,False,21,none
98,False,long,True,True,0.11538461538461539,False,23,high
99,False,medium,False,False,0.07936507936507936,False,13,low
100,False,medium,False,False,0.0,False,14,none
101,False,medium,False,False,0.0,False,17,none
102,False,medium,False,False,0.15384615384615385,False,18,high
103,False,medium,False,False,0.04597701149425287,False,18,low
104,False,long,False,True,0.04,False,19,low
105,False,long,False,False,0.06172839506172839,False,19,low
106,False,short,False,False,0.09302325581395349,False,10,low
107,False,medium,False,False,0.0,False,13,none
108,False,medium,False,False,0.04938271604938271,False,15,low
109,False,medium,False,False,0.02631578947368421,False,18,low
110,False,long,False,False,0.043478260869565216,False,21,low
111,False,medium,False,False,0.05319148936170213,False,18,low
112,False,short,False,False,0.24489795918367346,False,7,high
113,False,medium,False,False,0.05555555555555555,False,17,low
114,False,long,False,True,0.012195121951219513,False,19,low
115,False,short,False,False,0.07692307692307693,False,9,low
116,False,long,False,False,0.022222222222222223,False,22,low
117,False,short,False,False,0.21794871794871795,False,11,high
118,False,short,False,False,0.10810810810810811,False,7,high
119,False,long,False,True,0.15,False,23,high
120,True,medium,False,False,0.045454545454545456,False,18,low
121,False,short,False,True,0.06666666666666667,False,11,low
122,False,short,False,True,0.037037037037037035,False,5,low
123,False,long,False,False,0.41975308641975306,False,19,high
124,False,short,False,False,0.0,True,5,none
125,False,long,False,True,0.05319148936170213,False,26,low
126,True,medium,False,False,0.1568627450980392,False,13,high
127,False,short,False,False,0.16666666666666666,False,11,high
128,True,medium,False,False,0.014705882352941176,False,15,low
129,False,long,False,False,0.06542056074766354,False,19,low
130,False,long,False,True,0.05102040816326531,False,21,low
131,False,medium,False,False,0.11827956989247312,False,16,high
132,False,long,False,True,0.06422018348623854,False,19,low
133,False,long,False,False,0.0,False,20,none
134,False,short,False,False,0.0,False,7,none
135,False,medium,False,False,0.058823529411764705,False,15,low
136,False,long,False,True,0.07228915662650602,False,20,low
137,False,medium,False,False,0.04,False,13,low
138,False,short,True,True,0.03508771929824561,False,12,low
139,False,short,False,False,0.08695652173913043,False,5,low
140,False,short,False,True,0.0625,False,11,low
141,False,short,False,False,0.11627906976744186,False,8,high
142,False,long,False,True,0.049019607843137254,False,21,low
143,False,short,False,False,0.15789473684210525,False,4,high
144,False,short,False,False,0.16216216216216217,False,6,high
145,False,short,False,False,0.13846153846153847,False,12,high
146,False,short,False,False,0.323943661971831,False,12,high
147,False,medium,False,True,0.45555555555555555,False,17,high
148,False,short,False,False,0.05172413793103448,False,9,low
149,False,long,True,False,0.010869565217391304,True,23,low
150,True,long,False,False,0.045454545454545456,False,20,low
151,True,long,False,True,0.08247422680412371,False,25,low
152,False,medium,False,False,0.07526881720430108,False,13,low
153,False,short,False,False,0.08771929824561403,False,8,low
154,False,short,False,False,0.0,False,5,none
155,False,long,False,True,0.010869565217391304,False,19,low
156,False,short,False,False,0.11475409836065574,False,10,high
157,False,long,False,False,0.0684931506849315,False,20,low
158,False,medium,False,False,0.10112359550561797,False,16,high
159,False,medium,True,True,0.04878048780487805,False,17,low
160,False,long,False,True,0.07228915662650602,False,20,low
161,False,short,False,False,0.6875,False,11,high
162,False,short,False,False,0.17142857142857143,False,6,high
163,False,long,False,False,0.09782608695652174,False,20,low
164,False,long,True,True,0.018691588785046728,False,25,low
165,True,long,True,False,0.0625,False,20,low
166,False,short,False,False,0.14705882352941177,False,10,high
167,False,short,False,True,0.09523809523809523,False,8,low
168,False,short,False,False,0.2,False,2,high
169,False,short,False,False,0.09302325581395349,False,11,low
170,False,medium,False,False,0.11688311688311688,False,17,high
171,False,short,False,False,0.1346153846153846,False,7,high
172,False,short,False,False,0.16417910447761194,False,12,high
173,False,long,False,True,0.05128205128205128,False,19,low
174,False,short,False,False,0.15555555555555556,False,9,high
175,False,short,False,False,0.037037037037037035,False,11,low
176,False,short,False,False,0.06,False,11,low
177,False,medium,False,True,0.0,False,13,none
178,False,long,True,False,0.06930693069306931,False,22,low
179,False,short,False,False,0.19607843137254902,False,11,high
180,False,long,False,False,0.017543859649122806,False,23,low
181,False,short,False,False,0.13725490196078433,False,12,high
182,False,short,False,False,0.04,False,8,low
183,True,long,False,False,0.07216494845360824,False,22,low
184,False,long,False,True,0.029411764705882353,False,24,low
185,False,short,False,False,0.05454545454545454,False,6,low
186,False,medium,False,False,0.044444444444444446,False,18,low
187,False,medium,False,False,0.1206896551724138,False,16,high
188,False,short,False,False,0.08,False,10,low
189,False,medium,False,False,0.09090909090909091,False,14,low
190,False,short,False,False,0.08823529411764706,False,9,low
191,False,medium,False,False,0.15492957746478872,False,13,high
192,False,short,False,True,0.11764705882352941,False,11,high
193,False,medium,True,False,0.047058823529411764,False,16,low
194,False,long,True,False,0.04938271604938271,False,22,low
195,False,long,False,False,0.09821428571428571,True,25,low
196,False,long,False,False,0.010638297872340425,False,19,low
197,False,medium,False,False,0.05555555555555555,False,18,low
198,False,short,False,False,0.022222222222222223,False,12,low
199,False,long,False,False,0.06097560975609756,False,19,low
200,False,medium,False,False,0.15463917525773196,False,14,high
201,False,long,False,False,0.009259259259259259,False,23,low
202,False,short,False,False,0.04081632653061224,False,7,low
203,False,short,False,False,0.21875,False,6,high
204,False,long,False,False,0.04819277108433735,False,19,low
205,False,short,False,False,0.3611111111111111,False,9,high
206,False,short,False,True,0.1,False,9,low
207,False,medium,False,False,0.08888888888888889,False,17,low
208,False,long,False,False,0.07339449541284404,False,19,low
209,False,short,False,False,0.14634146341463414,False,8,high
210,False,long,False,True,0.07766990291262135,False,19,low
211,False,short,False,False,0.034482758620689655,False,8,low
212,False,short,False,False,0.0,False,8,none
213,False,medium,False,False,0.04938271604938271,False,14,low
214,False,medium,False,False,0.052083333333333336,False,17,low
215,False,long,False,True,0.02197802197802198,False,23,low
216,False,medium,False,True,0.08737864077669903,False,18,low
217,False,medium,False,False,0.15384615384615385,False,15,high
218,False,long,False,False,0.11956521739130435,False,20,high
219,False,medium,False,False,0.0,False,18,none
220,False,medium,False,False,0.08620689655172414,False,13,low
221,False,long,False,False,0.009433962264150943,False,22,low
222,False,short,False,False,0.037037037037037035,False,8,low
223,False,short,False,False,0.2714285714285714,False,9,high
224,False,short,False,False,0.020833333333333332,False,8,low
225,False,short,False,False,0.11363636363636363,False,9,high
226,False,short,False,False,0.125,False,6,high
227,False,long,False,False,0.038834951456310676,False,19,low
228,False,medium,False,False,0.046153846153846156,False,13,low
229,True,short,False,False,0.017241379310344827,False,10,low
230,False,medium,False,False,0.058823529411764705,False,17,low
231,False,medium,False,False,0.02666666666666667,False,14,low
232,False,short,False,False,0.0,False,10,none
233,False,short,False,False,0.015151515151515152,False,10,low
234,False,medium,False,False,0.08695652173913043,False,18,low
235,False,long,False,True,0.06451612903225806,False,19,low
236,False,short,False,False,0.025,False,12,low
237,False,short,False,False,0.2962962962962963,False,12,high
238,False,short,False,False,0.07142857142857142,False,11,low
239,False,medium,False,False,0.08450704225352113,False,15,low
240,False,short,False,False,0.125,False,9,high
241,False,medium,False,True,0.10465116279069768,False,15,high
242,False,long,False,False,0.0625,False,22,low
243,False,medium,False,False,0.039473684210526314,False,18,low
244,False,short,False,False,0.06153846153846154,False,10,low
245,False,long,False,False,0.2608695652173913,False,20,high
246,False,short,False,False,0.029411764705882353,False,8,low
247,False,medium,False,False,0.08196721311475409,False,14,low
248,False,short,False,False,0.1346153846153846,False,9,high
249,False,short,False,False,0.11666666666666667,False,10,high
250,False,medium,False,False,0.07692307692307693,False,16,low
251,False,short,False,False,0.02564102564102564,False,9,low
252,False,medium,False,True,0.023529411764705882,False,17,low
253,False,short,False,False,0.0,False,6,none
254,False,long,False,False,0.031914893617021274,False,19,low
255,False,short,False,False,0.022727272727272728,False,8,low
256,False,long,False,True,0.03409090909090909,False,23,low
257,False,medium,False,False,0.02,False,15,low
258,True,long,False,True,0.011363636363636364,False,19,low
259,False,long,False,False,0.01098901098901099,False,21,low
260,False,medium,False,False,0.05263157894736842,False,16,low
261,False,long,False,False,0.03260869565217391,False,20,low
262,False,short,False,False,0.0125,False,11,low
263,False,medium,False,False,0.05825242718446602,False,18,low
264,False,short,False,False,0.10344827586206896,False,12,high
265,False,medium,False,False,0.05970149253731343,False,14,low
266,False,short,False,False,0.21153846153846154,False,8,high
267,False,medium,False,False,0.12790697674418605,False,16,high
268,False,long,False,False,0.0,False,22,none
269,True,medium,True,False,0.08620689655172414,False,17,low
270,False,short,False,False,0.0945945945945946,False,11,low
271,False,medium,False,False,0.08,False,18,low
272,False,medium,False,False,0.052083333333333336,False,15,low
273,False,medium,False,False,0.15584415584415584,False,18,high
274,False,long,False,False,0.07079646017699115,False,22,low
275,False,short,True,False,0.046875,False,12,low
276,False,medium,False,False,0.03333333333333333,False,16,low
277,False,short,False,False,0.15789473684210525,False,7,high
278,False,medium,False,False,0.04819277108433735,False,14,low
279,False,long,False,False,0.009523809523809525,False,22,low
280,False,medium,False,False,0.10714285714285714,False,17,high
281,False,medium,False,False,0.14285714285714285,False,13,high
282,False,short,False,False,0.10526315789473684,False,11,high
283,False,medium,False,False,0.04411764705882353,False,14,low
284,False,long,False,False,0.1414141414141414,False,23,high
285,False,medium,True,False,0.0379746835443038,False,17,low
286,True,short,False,False,0.05357142857142857,False,10,low
287,False,long,False,True,0.044444444444444446,False,21,low
288,False,long,False,True,0.1111111111111111,False,23,high
289,False,long,False,False,0.06382978723404255,False,20,low
290,False,long,False,False,0.02040816326530612,False,23,low
291,False,long,False,False,0.03529411764705882,False,22,low
292,False,long,False,False,0.010309278350515464,False,19,low
293,False,short,False,False,0.03225806451612903,False,6,low
294,False,long,False,False,0.07216494845360824,False,22,low
295,False,long,False,False,0.009900990099009901,False,21,low
296,False,medium,False,True,0.03508771929824561,False,16,low
297,False,medium,False,False,0.054945054945054944,False,18,low
298,False,short,False,False,0.09230769230769231,False,11,low
299,False,medium,False,False,0.075,False,17,low
300,False,medium,False,True,0.01904761904761905,False,18,low
301,False,medium,False,False,0.056074766355140186,False,18,low
302,False,short,False,False,0.0136986301369863,False,10,low
303,False,long,False,False,0.11320754716981132,False,23,high
304,False,short,False,False,0.058823529411764705,False,5,low
305,False,medium,True,True,0.06097560975609756,False,16,low
306,False,medium,False,False,0.6705882352941176,False,18,high
307,False,medium,False,False,0.9814814814814815,False,15,high
308,False,short,False,False,0.15789473684210525,False,9,high
309,False,long,False,False,0.0,False,23,none
310,False,long,False,True,0.030612244897959183,False,23,low
311,False,short,False,False,0.1,False,10,low
312,False,long,False,False,0.07865168539325842,False,20,low
313,False,short,False,True,0.05,False,7,low
314,False,medium,False,False,0.10416666666666667,False,16,high
315,False,short,False,False,0.1694915254237288,False,9,high
316,False,medium,False,False,0.12195121951219512,False,17,high
317,False,short,False,False,0.034482758620689655,False,6,low
318,True,long,False,True,0.05,False,25,low
319,False,long,True,True,0.10891089108910891,False,21,high
320,False,short,False,False,0.13513513513513514,False,9,high
321,False,long,False,False,0.05555555555555555,False,26,low
322,False,long,False,False,0.11235955056179775,False,20,high
323,False,short,False,False,0.0967741935483871,False,12,low
324,False,medium,False,False,0.04395604395604396,False,16,low
325,False,medium,False,False,0.11702127659574468,False,15,high
326,False,medium,False,False,0.05813953488372093,False,17,low
327,False,long,False,False,0.05217391304347826,False,21,low
328,False,short,False,False,0.07317073170731707,False,9,low
329,False,short,False,True,0.043478260869565216,False,11,low
330,False,short,False,False,0.03636363636363636,False,12,low
331,False,medium,False,False,0.053763440860215055,False,18,low
332,False,medium,False,False,0.12727272727272726,False,13,high
333,False,long,False,False,0.07692307692307693,False,20,low
334,False,medium,False,False,0.1791044776119403,False,15,high
335,False,long,False,False,0.05813953488372093,False,20,low
336,False,long,False,False,0.08823529411764706,False,23,low
337,False,short,False,False,0.07142857142857142,False,7,low
338,False,long,False,True,0.07692307692307693,False,19,low
339,False,long,False,True,0.042735042735042736,False,22,low
340,True,long,False,False,0.024096385542168676,False,20,low
341,True,long,False,False,0.020202020202020204,False,27,low
342,False,medium,False,False,0.031578947368421054,False,16,low
343,True,medium,False,False,0.057971014492753624,False,16,low
344,False,medium,False,False,0.011494252873563218,False,14,low
345,False,medium,False,False,0.05714285714285714,False,15,low
346,True,long,False,True,0.12790697674418605,False,21,high
347,False,long,False,False,0.1,False,22,low
348,False,medium,False,False,0.06944444444444445,False,16,low
349,False,long,False,False,0.020618556701030927,False,19,low
350,False,short,False,False,0.10714285714285714,False,12,high
351,False,short,False,False,0.09090909090909091,False,2,low
352,False,medium,False,True,0.038461538461538464,False,18,low
353,False,medium,False,False,0.19444444444444445,False,15,high
354,False,medium,False,True,0.07058823529411765,False,13,low
355,False,medium,False,False,0.0759493670886076,False,18,low
356,False,medium,False,False,0.0,False,14,none
357,False,short,False,False,0.10714285714285714,False,11,high
358,False,medium,False,False,0.056338028169014086,False,16,low
359,False,short,False,False,0.034482758620689655,False,5,low
360,False,medium,False,True,0.08333333333333333,False,18,low
361,False,medium,False,False,0.14953271028037382,False,16,high
362,False,long,False,False,0.09,False,19,low
363,False,medium,False,False,0.06451612903225806,False,14,low
364,False,short,False,False,0.0851063829787234,False,9,low
365,False,medium,False,False,0.041666666666666664,False,13,low
366,False,long,False,True,0.06481481481481481,False,20,low
367,False,short,False,False,0.20754716981132076,False,11,high
368,False,long,True,False,0.04950495049504951,False,25,low
369,False,medium,False,False,0.16470588235294117,False,15,high
370,False,long,False,True,0.11320754716981132,False,21,high
371,False,long,False,False,0.10227272727272728,False,19,high
372,False,medium,False,False,0.04411764705882353,False,16,low
373,False,medium,False,False,0.16455696202531644,False,15,high
374,False,short,False,True,0.05263157894736842,False,9,low
375,False,short,False,False,0.09523809523809523,False,10,low
376,False,medium,False,True,0.21359223300970873,False,15,high
377,False,long,False,True,0.075,False,21,low
378,False,long,True,False,0.04672897196261682,False,23,low
379,False,short,False,False,0.0625,False,4,low
380,True,medium,False,False,0.14705882352941177,False,14,high
381,False,short,False,False,0.13333333333333333,False,7,high
382,False,short,False,False,0.16049382716049382,False,12,high
383,False,short,False,False,0.0,False,4,none
384,False,long,False,False,0.009708737864077669,False,22,low
385,False,short,False,False,0.18518518518518517,False,9,high
386,False,short,False,False,0.8709677419354839,False,10,high
387,False,short,False,False,0.037037037037037035,False,7,low
388,False,long,False,False,0.0,False,22,none
389,False,long,True,False,0.11607142857142858,False,23,high
390,False,medium,False,False,0.06172839506172839,False,13,low
391,False,short,False,False,0.11538461538461539,False,8,high
392,False,medium,False,False,0.0641025641025641,False,16,low
393,False,short,False,False,0.14705882352941177,False,7,high
394,False,short,False,False,0.18867924528301888,False,7,high
395,False,medium,False,False,0.08235294117647059,False,14,low
396,False,long,False,False,0.0,False,19,none
397,False,long,False,False,0.07446808510638298,False,24,low
398,False,medium,False,False,0.13432835820895522,False,15,high
399,False,short,False,True,0.02127659574468085,False,7,low
400,False,short,False,False,0.38333333333333336,False,11,high
401,False,long,False,False,0.057692307692307696,False,22,low
402,False,medium,False,False,0.13953488372093023,False,15,high
403,False,medium,False,False,0.010526315789473684,False,17,low
404,False,medium,False,True,0.17204301075268819,False,17,high
405,False,long,False,False,0.14285714285714285,False,20,high
406,False,long,False,True,0.0380952380952381,False,25,low
407,False,short,False,False,0.022222222222222223,False,11,low
408,False,long,False,True,0.0297029702970297,False,20,low
409,False,medium,False,False,0.0967741935483871,False,15,low
410,False,short,False,False,0.06976744186046512,False,11,low
411,False,short,False,False,0.10144927536231885,False,8,high
412,False,short,False,False,0.05,False,11,low
413,False,long,False,True,0.04225352112676056,False,19,low
414,False,short,False,False,0.018867924528301886,False,11,low
415,False,medium,False,False,0.25287356321839083,False,13,high
416,False,long,False,False,0.03333333333333333,False,20,low
417,True,short,False,False,0.12903225806451613,False,7,high
418,False,long,False,True,0.13829787234042554,False,20,high
419,False,medium,False,False,0.08974358974358974,False,18,low
420,False,medium,False,True,0.07777777777777778,False,18,low
421,False,medium,False,False,0.14864864864864866,False,14,high
422,False,short,False,False,0.019230769230769232,False,11,low
423,False,medium,False,False,0.058823529411764705,False,18,low
424,False,medium,False,False,0.18333333333333332,False,13,high
425,False,short,False,False,0.1875,False,4,high
426,False,long,False,False,0.06382978723404255,False,20,low
427,False,long,False,True,0.08653846153846154,False,22,low
428,False,long,False,False,0.08333333333333333,False,19,low
429,False,long,True,True,0.049019607843137254,False,25,low
430,False,short,False,False,0.045454545454545456,False,3,low
431,False,long,False,True,0.01,False,24,low
432,False,short,False,False,0.18181818181818182,False,4,high
433,False,short,False,False,0.08620689655172414,False,11,low
434,False,medium,False,False,0.0,True,15,none
435,True,short,False,False,0.16129032258064516,False,4,high
436,False,medium,False,True,0.04819277108433735,False,17,low
437,False,short,False,False,0.0641025641025641,False,12,low
438,False,short,False,False,0.015384615384615385,False,10,low
439,False,medium,False,False,0.3157894736842105,False,14,high
440,False,medium,False,True,0.022988505747126436,False,18,low
441,False,medium,False,False,0.11864406779661017,False,14,high
442,False,long,False,False,0.11818181818181818,False,22,high
443,False,long,False,True,0.024096385542168676,False,23,low
444,False,medium,False,True,0.06060606060606061,False,17,low
445,False,short,False,False,0.17391304347826086,False,3,high
446,False,short,False,False,0.16981132075471697,False,9,high
447,False,medium,False,False,0.25609756097560976,False,14,high
448,False,medium,True,False,0.046153846153846156,False,14,low
449,False,short,True,False,0.045454545454545456,False,11,low
450,False,long,False,False,0.06,False,21,low
451,True,long,False,False,0.05660377358490566,False,25,low
452,True,short,False,False,0.25,False,5,high
453,False,medium,False,False,0.041666666666666664,False,17,low
454,False,short,False,False,0.09523809523809523,False,3,low
455,False,medium,False,True,0.06666666666666667,False,13,low
456,False,medium,False,True,0.01694915254237288,False,14,low
457,False,short,False,False,0.0,False,9,none
458,False,medium,False,False,0.013333333333333334,False,14,low
459,False,short,False,False,0.015873015873015872,False,11,low
460,False,medium,True,False,0.057692307692307696,False,13,low
461,False,short,True,False,0.0967741935483871,False,5,low
462,False,medium,False,False,0.9411764705882353,False,14,high
463,False,medium,False,False,0.05063291139240506,False,16,low
464,False,short,False,False,0.05263157894736842,False,10,low
465,False,medium,False,False,0.0,False,15,none
466,True,medium,True,False,0.047619047619047616,False,17,low
467,False,medium,False,False,0.015625,False,14,low
468,False,medium,False,False,0.08,False,15,low
469,False,short,False,False,0.10843373493975904,False,12,high
470,False,short,False,False,0.12727272727272726,False,10,high
471,False,short,False,False,0.14634146341463414,False,7,high
472,False,short,False,False,0.10256410256410256,False,7,high
473,False,medium,False,False,0.06557377049180328,False,14,low
474,False,short,False,False,0.0,False,6,none
475,False,short,False,False,0.017543859649122806,False,11,low
476,False,long,False,True,0.01098901098901099,False,20,low
477,False,medium,False,True,0.12941176470588237,False,13,high
478,False,medium,False,False,0.16363636363636364,False,16,high
479,False,long,False,False,0.03260869565217391,False,23,low
480,False,medium,False,False,0.06896551724137931,False,13,low
481,False,long,False,True,0.025974025974025976,False,20,low
482,False,medium,False,False,0.11702127659574468,True,15,high
483,False,medium,False,False,0.13636363636363635,False,16,high
484,False,short,False,False,0.23076923076923078,False,10,high
485,False,short,False,False,0.01282051282051282,False,12,low
486,False,short,False,False,0.11904761904761904,False,8,high
487,False,short,False,False,0.10204081632653061,False,10,high
488,False,short,False,False,0.09259259259259259,False,8,low
489,False,long,False,False,0.04672897196261682,False,25,low
490,False,long,False,False,0.0761904761904762,False,24,low
491,False,short,False,False,0.140625,False,9,high
492,False,long,False,False,0.011111111111111112,False,21,low
493,False,medium,False,False,0.18055555555555555,False,17,high
494,False,long,False,False,0.03,False,21,low
495,False,short,False,False,0.22807017543859648,False,11,high
496,False,short,False,False,0.1,False,5,low
497,False,medium,False,False,0.025974025974025976,False,15,low
498,False,medium,False,False,0.2597402597402597,False,15,high
499,False,medium,False,False,0.07142857142857142,False,15,low
500,False,long,False,False,0.01098901098901099,False,20,low
501,False,short,False,False,0.2962962962962963,False,9,high
502,False,medium,False,True,0.015873015873015872,False,15,low
503,False,medium,False,False,0.04878048780487805,False,14,low
504,False,long,True,False,0.0594059405940594,False,19,low
505,False,short,False,False,0.08,False,12,low
506,False,short,False,False,0.0625,False,10,low
507,False,short,False,False,0.15384615384615385,False,8,high
508,False,long,True,True,0.0449438202247191,False,23,low
509,False,long,False,True,0.14563106796116504,False,23,high
510,False,short,False,False,0.15,False,11,high
511,False,medium,False,True,0.07142857142857142,False,16,low
512,False,short,False,False,0.1388888888888889,False,8,high
513,False,short,False,False,0.8771929824561403,False,11,high
514,False,long,False,False,0.0,False,21,none
515,False,short,False,False,0.0958904109589041,False,11,low
516,False,long,False,True,0.047619047619047616,False,20,low
517,False,medium,False,True,0.10112359550561797,False,18,high
518,False,short,False,False,0.07407407407407407,False,5,low
519,False,long,False,False,0.9541284403669725,False,22,high
520,False,short,False,False,0.1694915254237288,False,12,high
521,True,long,False,True,0.1111111111111111,False,21,high
522,False,medium,False,True,0.16049382716049382,False,15,high
523,False,medium,False,False,0.013157894736842105,False,17,low
524,False,medium,False,False,0.0425531914893617,False,17,low
525,False,medium,False,False,0.04819277108433735,False,16,low
526,False,long,False,True,0.028037383177570093,False,23,low
527,False,short,False,False,0.1702127659574468,False,11,high
528,False,short,False,False,0.23076923076923078,False,11,high
529,False,medium,False,True,0.0,False,18,none
530,False,long,True,True,0.16129032258064516,False,21,high
531,False,medium,False,False,0.13580246913580246,False,13,high
532,False,short,False,False,0.037037037037037035,False,5,low
533,False,short,False,False,0.0,False,9,none
534,False,long,True,False,0.3548387096774194,False,19,high
535,True,short,False,False,0.08695652173913043,False,12,low
536,False,short,False,False,0.3125,True,8,high
537,False,medium,False,False,0.03409090909090909,False,17,low
538,False,medium,False,False,0.07954545454545454,False,15,low
539,False,short,False,False,0.07894736842105263,False,8,low
540,False,short,False,False,0.0945945945945946,False,12,low
541,False,long,False,True,0.08737864077669903,False,20,low
542,False,short,False,False,0.06818181818181818,False,10,low
543,False,medium,False,False,0.08620689655172414,False,15,low
544,False,short,False,False,0.0,False,7,none
545,False,medium,False,False,0.012195121951219513,False,17,low
546,False,medium,False,False,0.13761467889908258,False,18,high
547,False,long,False,False,0.11764705882352941,False,24,high
548,False,long,False,False,0.047619047619047616,False,20,low
549,False,short,False,False,0.10638297872340426,False,8,high
550,False,long,False,False,0.08080808080808081,False,21,low
551,False,short,False,False,0.057971014492753624,False,11,low
552,False,short,False,False,0.02564102564102564,False,10,low
553,False,short,False,False,0.27710843373493976,False,12,high
554,False,short,False,False,0.01639344262295082,False,12,low
555,False,medium,False,False,0.09090909090909091,False,13,low
556,False,medium,False,False,0.010416666666666666,False,18,low
557,True,long,False,False,0.11009174311926606,False,19,high
558,False,short,False,False,0.08695652173913043,False,4,low
559,False,long,False,False,0.03508771929824561,False,20,low
560,False,long,False,True,0.017857142857142856,False,26,low
561,False,long,False,False,0.03296703296703297,False,23,low
562,False,short,False,False,0.0784313725490196,False,9,low
563,False,long,False,False,0.05128205128205128,False,20,low
564,False,long,True,True,0.12871287128712872,False,22,high
565,False,long,False,False,0.07272727272727272,False,26,low
566,False,medium,False,False,0.08235294117647059,False,17,low
567,False,long,False,True,0.02247191011235955,False,19,low
568,False,long,False,False,0.02,False,24,low
569,False,medium,True,True,0.0,False,14,none
570,False,long,True,False,0.057692307692307696,False,23,low
571,False,long,False,False,0.12643678160919541,False,19,high
572,False,medium,False,False,0.058823529411764705,False,13,low
573,False,long,False,False,0.11538461538461539,False,25,high
574,False,short,False,False,0.06451612903225806,False,10,low
575,False,short,False,False,0.10869565217391304,False,10,high
576,False,medium,False,True,0.05405405405405406,False,14,low
577,False,short,False,False,0.14,False,11,high
578,False,medium,False,False,0.05405405405405406,False,14,low
579,False,long,False,False,0.010309278350515464,False,21,low
580,False,medium,False,False,0.0,False,14,none
581,False,medium,True,False,0.0136986301369863,False,14,low
582,False,short,False,False,0.017543859649122806,False,11,low
583,False,short,False,False,0.07407407407407407,False,11,low
584,False,medium,False,False,0.036585365853658534,False,18,low
585,False,short,False,True,0.044444444444444446,False,8,low
586,False,medium,False,False,0.017241379310344827,False,16,low
587,True,short,False,False,0.0963855421686747,False,12,low
588,False,short,False,False,0.18518518518518517,False,11,high
589,False,short,False,False,0.13253012048192772,False,9,high
590,False,long,False,False,0.022222222222222223,False,20,low
591,True,medium,False,False,0.08139534883720931,False,16,low
592,False,long,False,False,0.07368421052631578,False,22,low
593,False,long,True,True,0.010638297872340425,False,21,low
594,False,long,False,True,0.921875,False,20,high
595,False,medium,False,True,0.09375,False,15,low
596,False,long,False,True,0.023255813953488372,False,22,low
597,False,long,False,True,0.05102040816326531,False,27,low
598,False,long,False,False,0.023255813953488372,False,23,low
599,False,short,False,False,0.20754716981132076,False,10,high
600,False,short,False,False,0.07547169811320754,False,9,low
601,False,short,False,False,0.07894736842105263,False,9,low
602,False,long,False,True,0.1927710843373494,False,20,high
603,False,medium,False,False,0.14285714285714285,False,14,high
604,False,medium,True,True,0.11594202898550725,False,18,high
605,False,short,False,False,0.16666666666666666,False,8,high
606,False,long,False,True,0.027522935779816515,False,23,low
607,False,short,False,False,0.14285714285714285,False,10,high
608,False,short,False,True,0.04225352112676056,False,9,low
609,False,medium,False,False,0.17721518987341772,False,13,high
610,False,medium,False,True,0.6785714285714286,False,18,high
611,False,long,False,True,0.1,False,19,low
612,False,short,False,False,0.0,False,7,none
613,False,short,False,False,0.14,False,12,high
614,False,medium,False,True,0.13414634146341464,False,16,high
615,False,short,False,False,0.1,False,8,low
616,False,short,False,False,0.16666666666666666,False,7,high
617,False,short,False,False,0.16666666666666666,False,7,high
618,False,medium,False,False,0.02197802197802198,False,18,low
619,False,medium,False,False,0.06172839506172839,False,15,low
620,False,medium,False,False,0.0,False,13,none
621,False,short,False,False,0.0,False,4,none
622,False,short,False,False,0.08928571428571429,False,12,low
623,False,short,False,False,0.1206896551724138,False,10,high
624,False,short,False,False,0.13953488372093023,False,8,high
625,False,medium,False,False,0.3246753246753247,False,16,high
626,False,long,False,False,0.09174311926605505,False,19,low
627,False,long,False,False,0.10869565217391304,False,21,high
628,False,medium,False,False,0.14705882352941177,False,14,high
629,False,medium,False,False,0.15384615384615385,False,18,high
630,False,short,False,False,0.4,False,10,high
631,False,medium,False,False,0.037037037037037035,False,14,low
632,False,short,False,False,0.1,False,7,low
633,False,long,False,True,0.05813953488372093,False,20,low
634,False,medium,False,False,0.021052631578947368,False,18,low
635,False,medium,False,False,0.011904761904761904,False,16,low
636,False,short,False,False,0.0,False,7,none
637,False,medium,False,False,0.047619047619047616,False,16,low
638,False,short,False,False,0.2608695652173913,False,11,high
639,False,medium,False,False,0.02040816326530612,False,14,low
640,False,medium,False,False,0.12195121951219512,False,18,high
641,False,short,False,False,0.11320754716981132,False,11,high
642,False,medium,False,False,0.05660377358490566,False,14,low
643,False,medium,False,False,0.6551724137931034,False,15,high
644,True,long,False,False,0.05813953488372093,False,22,low
645,False,medium,True,True,0.0,False,15,none
646,False,long,False,False,0.03529411764705882,False,24,low
647,False,short,False,False,0.09900990099009901,False,12,low
648,False,long,False,False,0.031914893617021274,False,22,low
649,False,short,False,False,0.21621621621621623,False,9,high
650,True,long,True,True,0.057692307692307696,False,21,low
651,False,short,False,False,0.16216216216216217,False,12,high
652,True,long,True,True,0.01,False,22,low
653,False,short,False,False,0.07317073170731707,False,7,low
654,False,short,False,False,0.02631578947368421,False,6,low
655,False,medium,False,False,0.0379746835443038,False,17,low
656,False,long,False,False,0.17333333333333334,False,19,high
657,False,medium,False,False,0.08620689655172414,False,14,low
658,False,long,False,False,0.05263157894736842,False,21,low
659,False,short,False,False,0.12195121951219512,False,6,high
660,False,medium,False,False,0.023255813953488372,False,18,low
661,False,medium,False,False,0.08571428571428572,False,14,low
662,False,long,False,False,0.061224489795918366,True,22,low
663,False,medium,False,False,0.0,False,15,none
664,False,short,False,False,0.0,False,12,none
665,False,short,False,False,0.09090909090909091,False,7,low
666,False,medium,False,False,0.07575757575757576,False,15,low
667,False,short,False,False,0.425531914893617,False,7,high
668,False,long,False,False,0.043478260869565216,False,21,low
669,False,medium,False,False,0.22077922077922077,False,14,high
670,False,long,True,False,0.010869565217391304,False,22,low
671,False,medium,False,False,0.0684931506849315,False,18,low
672,False,short,False,False,0.06818181818181818,False,10,low
673,False,long,False,True,0.010309278350515464,False,22,low
674,False,medium,False,False,0.11956521739130435,False,16,high
675,False,medium,True,False,0.17333333333333334,False,14,high
676,False,long,False,False,0.023255813953488372,False,20,low
677,False,long,False,False,0.07228915662650602,False,22,low
678,False,long,False,False,0.16279069767441862,False,20,high
679,False,long,False,False,0.043478260869565216,False,23,low
680,False,medium,False,False,0.01818181818181818,False,13,low
681,False,short,False,False,0.10869565217391304,False,9,high
682,False,medium,False,False,0.013333333333333334,False,15,low
683,False,short,False,False,0.05555555555555555,False,12,low
684,False,short,False,False,0.28,False,11,high
685,False,medium,False,False,0.033707865168539325,False,16,low
686,False,long,False,False,0.024096385542168676,False,21,low
687,False,short,False,False,0.08888888888888889,False,12,low
688,False,long,False,False,0.010416666666666666,False,22,low
689,False,medium,False,True,0.011235955056179775,False,17,low
690,False,long,False,False,0.0,False,21,none
691,False,short,False,False,0.08888888888888889,False,9,low
692,True,short,False,False,0.022727272727272728,False,5,low
693,False,medium,False,False,0.04225352112676056,False,17,low
694,False,medium,False,False,0.16470588235294117,False,18,high
695,False,long,False,True,0.12149532710280374,False,22,high
696,False,medium,False,False,0.2,False,17,high
697,False,long,False,False,0.036585365853658534,False,19,low
698,False,medium,False,False,0.022988505747126436,False,18,low
699,False,long,False,False,0.04,False,22,low
700,False,medium,False,False,0.14666666666666667,False,16,high
701,False,medium,False,False,0.07,False,17,low
702,False,medium,False,True,0.08433734939759036,False,18,low
703,False,long,False,False,0.07368421052631578,False,22,low
704,False,short,False,False,0.2542372881355932,False,7,high
705,False,short,False,False,0.05555555555555555,False,6,low
706,False,medium,False,False,0.1095890410958904,False,16,high
707,False,short,False,True,0.10204081632653061,False,10,high
708,False,long,False,False,0.030927835051546393,False,21,low
709,False,medium,False,True,0.22058823529411764,False,15,high
710,False,short,False,False,0.17391304347826086,False,4,high
711,False,short,False,False,0.19444444444444445,False,5,high
712,False,medium,False,False,0.07407407407407407,False,18,low
713,False,long,False,True,0.05434782608695652,False,24,low
714,False,long,False,False,1.0,False,24,high
715,False,medium,False,True,0.17647058823529413,False,13,high
716,False,short,False,False,0.12962962962962962,False,8,high
717,False,short,False,False,0.05660377358490566,False,12,low
718,False,long,True,False,0.042105263157894736,False,19,low
719,False,long,False,True,0.05,False,28,low
720,False,medium,False,False,0.04054054054054054,False,14,low
721,False,short,False,False,0.18421052631578946,False,7,high
722,False,medium,True,True,0.09473684210526316,False,15,low
723,False,long,True,False,0.09615384615384616,False,26,low
724,False,long,False,True,0.024096385542168676,False,22,low
725,False,medium,False,False,0.17857142857142858,False,14,high
726,False,medium,False,False,0.1506849315068493,False,14,high
727,True,medium,False,True,0.02857142857142857,False,18,low
728,False,medium,False,False,0.07291666666666667,False,17,low
729,False,short,False,False,0.09278350515463918,False,11,low
730,False,long,False,True,0.36486486486486486,False,20,high
731,False,long,False,False,0.043478260869565216,False,21,low
732,False,short,False,False,0.11428571428571428,False,8,high
733,False,short,False,False,0.09090909090909091,False,5,low
734,False,short,False,False,0.03529411764705882,False,11,low
735,False,medium,False,False,0.14583333333333334,False,14,high
736,False,medium,False,False,0.1375,False,16,high
737,False,short,False,False,0.046153846153846156,False,12,low
738,False,medium,False,False,0.02247191011235955,False,16,low
739,False,short,False,False,0.08196721311475409,False,11,low
740,False,medium,False,False,0.031746031746031744,False,13,low
741,False,long,False,False,0.027777777777777776,False,24,low
742,False,short,False,False,0.125,False,6,high
743,False,short,False,False,0.17307692307692307,False,11,high
744,False,medium,False,False,0.037037037037037035,False,17,low
745,False,short,False,False,0.0425531914893617,False,10,low
746,False,short,False,False,0.14285714285714285,False,11,high
747,False,medium,False,False,0.10344827586206896,False,15,high
748,False,long,False,False,0.02,False,22,low
749,True,short,False,False,0.05714285714285714,False,10,low
750,False,long,False,False,0.07920792079207921,False,24,low
751,False,medium,False,False,0.04411764705882353,False,15,low
752,False,long,False,False,0.02727272727272727,False,26,low
753,False,short,False,False,0.09375,False,8,low
754,False,short,False,False,0.016129032258064516,False,12,low
755,False,long,False,True,0.037037037037037035,False,25,low
756,True,short,False,False,0.0,False,12,none
757,False,long,False,True,0.1978021978021978,True,19,high
758,False,short,False,False,0.24242424242424243,False,6,high
759,False,medium,False,True,0.010309278350515464,False,15,low
760,False,medium,False,False,0.010101010101010102,False,18,low
761,False,short,False,False,0.2909090909090909,False,11,high
762,False,long,False,False,0.0375,False,19,low
763,False,long,False,False,0.018018018018018018,False,27,low
764,False,medium,False,False,0.09090909090909091,False,15,low
765,False,medium,False,False,0.09649122807017543,False,13,low
766,False,long,False,True,0.075,False,19,low
767,False,long,False,True,0.02912621359223301,False,23,low
768,False,medium,False,False,0.1506849315068493,False,15,high
769,False,short,False,False,0.022727272727272728,False,12,low
770,False,long,False,False,0.0,False,22,none
771,False,medium,False,False,0.3389830508474576,False,15,high
772,False,short,False,False,0.0625,False,10,low
773,False,medium,False,False,0.054945054945054944,False,17,low
774,False,medium,False,False,0.0,False,17,none
775,False,medium,False,True,0.04477611940298507,False,17,low
776,False,medium,True,True,0.012987012987012988,False,17,low
777,False,medium,False,False,0.039473684210526314,False,18,low
778,False,medium,False,False,0.020833333333333332,False,13,low
779,False,long,False,False,0.18446601941747573,False,22,high
780,True,long,False,False,0.02564102564102564,False,19,low
781,False,medium,False,False,0.15151515151515152,False,13,high
782,False,short,False,False,0.11904761904761904,False,7,high
783,False,medium,False,False,0.16853932584269662,False,17,high
784,False,long,False,False,0.07216494845360824,False,22,low
785,False,medium,False,False,0.06818181818181818,False,16,low
786,False,short,False,False,0.09259259259259259,False,8,low
787,False,long,False,True,0.04878048780487805,False,20,low
788,False,short,False,False,0.175,False,6,high
789,False,medium,True,False,0.012345679012345678,False,18,low
790,False,medium,False,False,0.015625,False,14,low
791,False,medium,False,True,0.05405405405405406,False,16,low
792,False,long,True,True,0.03260869565217391,False,23,low
793,False,medium,False,False,0.05952380952380952,False,15,low
794,False,long,False,False,0.12844036697247707,False,22,high
795,False,long,False,False,0.09782608695652174,False,21,low
796,False,long,False,False,0.061855670103092786,False,22,low
797,False,long,False,True,0.6629213483146067,False,20,high
798,False,medium,False,False,0.013333333333333334,False,16,low
799,False,short,False,False,0.023255813953488372,False,11,low
800,True,short,False,True,0.10256410256410256,False,9,high
801,False,short,False,False,0.2,False,1,high
802,False,medium,False,False,0.08823529411764706,False,15,low
803,False,short,False,False,0.14492753623188406,False,11,high
804,False,long,False,True,0.04081632653061224,False,23,low
805,False,long,False,False,0.027777777777777776,False,24,low
806,False,medium,False,False,0.02702702702702703,False,17,low
807,False,medium,False,False,0.036036036036036036,False,17,low
808,False,short,False,False,0.023255813953488372,False,6,low
809,False,short,False,False,0.0,False,12,none
810,False,long,False,False,0.031578947368421054,False,26,low
811,False,medium,False,False,0.02702702702702703,False,16,low
812,False,short,False,False,0.08108108108108109,False,8,low
813,False,long,False,False,0.0,False,27,none
814,False,medium,False,False,0.04395604395604396,False,16,low
815,False,short,False,False,0.13095238095238096,False,12,high
816,False,medium,False,True,0.21428571428571427,False,17,high
817,False,short,False,False,0.0641025641025641,False,12,low
818,False,medium,False,False,0.9642857142857143,False,17,high
819,False,short,False,False,0.15217391304347827,False,5,high
820,False,long,False,False,0.043010752688172046,False,20,low
821,False,short,False,False,0.125,False,9,high
822,False,short,False,False,0.0,False,7,none
823,False,medium,False,False,0.07079646017699115,False,16,low
824,False,short,True,False,0.17857142857142858,False,7,high
825,False,long,True,False,0.03571428571428571,False,23,low
826,False,short,False,False,0.16,False,11,high
827,False,long,False,False,0.1,False,21,low
828,False,medium,False,False,0.028985507246376812,False,17,low
829,False,medium,False,True,0.01639344262295082,False,13,low
830,False,medium,False,False,0.09210526315789473,False,14,low
831,False,short,False,False,0.18604651162790697,False,11,high
832,False,medium,False,False,0.0,False,14,none
833,False,short,False,False,0.058823529411764705,False,9,low
834,False,short,False,False,0.0,False,9,none
835,False,medium,False,False,0.022222222222222223,False,16,low
836,False,short,False,False,0.07692307692307693,False,9,low
837,False,short,False,False,0.0,False,5,none
838,False,long,False,False,0.09574468085106383,False,19,low
839,False,long,False,True,0.0,False,26,none
840,False,short,False,False,0.14285714285714285,False,9,high
841,False,short,True,False,0.08571428571428572,False,8,low
842,False,short,False,False,0.0,False,7,none
843,False,short,False,False,0.05319148936170213,False,12,low
844,False,long,False,False,0.07058823529411765,False,21,low
845,False,medium,False,False,0.10869565217391304,False,17,high
846,False,short,False,False,0.04,False,6,low
847,False,medium,False,False,0.0375,False,18,low
848,False,long,False,True,0.041666666666666664,False,19,low
849,False,medium,False,False,0.028037383177570093,False,18,low
850,False,long,False,True,0.0,False,21,none
851,True,medium,False,False,0.23880597014925373,False,14,high
852,False,medium,False,False,0.07462686567164178,False,15,low
853,False,short,False,False,0.0,False,4,none
854,False,long,False,False,0.07272727272727272,False,25,low
855,False,medium,False,False,0.024691358024691357,False,18,low
856,True,medium,False,False,0.07317073170731707,False,13,low
857,False,medium,False,False,0.06329113924050633,False,17,low
858,False,medium,False,False,0.01904761904761905,False,18,low
859,False,medium,False,True,0.0707070707070707,False,18,low
860,False,short,False,False,0.1794871794871795,False,12,high
861,False,long,False,False,0.07142857142857142,False,23,low
862,False,medium,False,False,0.0,False,14,none
863,True,short,False,False,0.3333333333333333,False,4,high
864,False,short,False,False,0.045454545454545456,False,11,low
865,False,medium,False,False,0.11494252873563218,False,14,high
866,True,short,False,False,0.10526315789473684,False,10,high
867,False,medium,False,False,0.022727272727272728,False,14,low
868,False,short,False,False,0.07042253521126761,False,12,low
869,True,medium,False,False,0.07446808510638298,False,17,low
870,True,short,False,False,0.05555555555555555,False,9,low
871,False,medium,False,False,0.1076923076923077,False,14,high
872,False,medium,False,False,0.07142857142857142,False,18,low
873,False,short,False,False,0.1702127659574468,False,8,high
874,False,short,False,False,0.5,False,8,high
875,False,long,False,False,0.011764705882352941,False,19,low
876,False,short,False,False,0.10144927536231885,False,12,high
877,False,short,False,False,0.09375,False,11,low
878,True,medium,False,False,0.18888888888888888,True,13,high
879,False,short,False,False,0.09803921568627451,False,11,low
880,False,short,False,False,0.07894736842105263,False,12,low
881,False,short,False,False,0.043478260869565216,False,9,low
882,False,short,False,False,0.09090909090909091,False,9,low
883,False,long,False,False,0.07142857142857142,False,19,low
884,False,long,False,True,0.06666666666666667,False,28,low
885,False,short,False,False,0.08823529411764706,False,8,low
886,False,medium,True,True,0.06382978723404255,False,15,low
887,False,medium,False,False,0.40540540540540543,False,16,high
888,False,medium,False,False,0.2923076923076923,False,14,high
889,False,medium,False,True,0.04395604395604396,False,18,low
890,False,medium,False,False,0.06060606060606061,False,13,low
891,False,short,False,False,0.05,False,12,low
892,False,long,False,False,0.06818181818181818,False,23,low
893,False,medium,False,False,0.06172839506172839,False,17,low
894,False,long,True,True,0.019801980198019802,False,24,low
895,False,medium,False,False,0.019230769230769232,False,14,low
896,False,short,False,False,0.625,False,8,high
897,False,long,False,False,0.06593406593406594,False,22,low
898,False,long,False,True,0.021052631578947368,False,20,low
899,False,long,False,False,0.08247422680412371,False,24,low
900,False,long,False,True,0.041237113402061855,False,22,low
901,False,short,False,False,0.30357142857142855,False,11,high
902,False,short,False,False,0.3394495412844037,False,10,high
903,False,long,False,False,0.17307692307692307,False,24,high
904,False,short,False,False,0.12121212121212122,False,6,high
905,False,long,False,False,0.0375,False,19,low
906,False,short,False,False,0.027777777777777776,False,8,low
907,False,medium,False,False,0.10752688172043011,False,17,high
908,False,medium,False,False,0.23684210526315788,False,15,high
909,False,short,False,False,0.05660377358490566,False,11,low
910,False,medium,False,False,0.016129032258064516,False,14,low
911,False,medium,False,True,0.06097560975609756,False,15,low
912,False,medium,False,False,0.11392405063291139,False,14,high
913,False,short,False,False,0.17073170731707318,False,10,high
914,False,medium,False,True,0.14814814814814814,False,17,high
915,False,medium,False,True,0.21428571428571427,False,16,high
916,False,long,False,True,0.03296703296703297,False,19,low
917,False,medium,False,False,0.043478260869565216,False,13,low
918,False,short,False,False,0.06896551724137931,False,10,low
919,False,medium,False,True,0.1095890410958904,False,16,high
920,False,long,False,False,0.07339449541284404,False,24,low
921,False,medium,False,False,0.061855670103092786,False,17,low
922,False,medium,False,False,0.125,False,17,high
923,False,short,False,False,0.22580645161290322,False,10,high
924,False,short,False,False,0.14583333333333334,False,7,high
925,False,medium,False,False,0.05434782608695652,False,17,low
926,False,medium,False,False,0.05172413793103448,False,15,low
927,False,long,False,False,0.17857142857142858,False,21,high
928,False,medium,False,False,0.10126582278481013,False,17,high
929,False,long,False,False,0.07777777777777778,False,19,low
930,False,short,False,False,0.08955223880597014,False,9,low
931,False,short,False,True,0.09302325581395349,False,10,low
932,False,medium,False,False,0.1016949152542373,False,14,high
933,False,short,False,False,0.06976744186046512,False,7,low
934,False,short,False,False,0.08571428571428572,False,8,low
935,False,long,True,False,0.05813953488372093,False,23,low
936,False,short,False,False,0.25,False,9,high
937,False,long,False,True,0.12087912087912088,False,23,high
938,False,short,False,False,0.09615384615384616,False,11,low
939,False,short,False,False,0.0625,False,10,low
940,False,long,False,True,0.046296296296296294,False,22,low
941,False,short,False,False,0.03508771929824561,False,12,low
942,False,short,False,False,0.08823529411764706,False,7,low
943,False,medium,False,False,0.2073170731707317,False,18,high
944,False,short,False,False,0.10256410256410256,False,6,high
945,False,medium,False,False,0.08045977011494253,False,18,low
946,False,long,False,False,0.02631578947368421,False,19,low
947,False,medium,False,False,0.17647058823529413,False,14,high
948,False,medium,False,True,0.03260869565217391,False,18,low
949,False,medium,False,False,0.046153846153846156,False,14,low
950,True,medium,False,False,0.0,False,13,none
951,False,short,False,False,0.19148936170212766,False,9,high
952,False,medium,False,False,0.16666666666666666,False,13,high
953,False,medium,False,False,0.08536585365853659,False,18,low
954,False,long,True,False,0.04424778761061947,False,27,low
955,False,medium,False,False,0.15217391304347827,False,13,high
956,False,long,False,False,0.046296296296296294,False,20,low
957,False,medium,False,False,0.024691358024691357,False,17,low
958,False,long,False,False,0.09649122807017543,False,24,low
959,False,medium,False,False,0.07608695652173914,False,16,low
960,False,long,False,True,0.06060606060606061,False,21,low
961,False,short,False,False,0.024691358024691357,False,12,low
962,False,long,False,False,0.06862745098039216,False,20,low
963,True,short,False,False,0.16666666666666666,False,4,high
964,False,long,False,False,0.021052631578947368,False,23,low
965,False,long,True,True,0.030303030303030304,False,22,low
966,False,short,False,False,0.3333333333333333,False,12,high
967,False,medium,False,True,0.08860759493670886,False,18,low
968,False,short,False,False,0.1724137931034483,False,7,high
969,False,short,False,False,0.08571428571428572,False,12,low
970,False,short,False,False,0.09259259259259259,False,11,low
971,False,long,False,False,0.08,False,24,low
972,False,long,False,False,0.043010752688172046,False,20,low
973,False,short,False,False,0.20754716981132076,False,9,high
974,False,medium,False,True,0.07692307692307693,False,13,low
975,False,medium,False,False,0.1875,False,18,high
976,True,long,False,False,0.05813953488372093,False,23,low
977,False,medium,False,False,0.0641025641025641,False,14,low
978,False,long,False,True,0.0,False,19,none
979,False,short,False,False,0.0967741935483871,False,7,low
980,False,medium,False,False,0.14583333333333334,False,18,high
981,False,long,True,False,0.0196078431372549,False,29,low
982,False,long,True,False,0.07692307692307693,False,21,low
983,False,medium,False,True,0.13793103448275862,False,15,high
984,False,short,False,False,0.05555555555555555,False,8,low
985,False,long,False,False,0.02857142857142857,False,21,low
986,False,long,False,False,0.0625,False,20,low
987,False,short,False,False,0.10989010989010989,False,7,high
988,False,medium,False,False,0.15942028985507245,False,13,high
989,False,medium,True,False,0.010869565217391304,False,16,low
990,False,medium,False,False,0.12631578947368421,False,18,high
991,False,medium,False,False,0.14285714285714285,False,14,high
992,False,short,False,False,0.19230769230769232,False,9,high
993,False,medium,False,False,0.21739130434782608,False,18,high
994,False,medium,False,False,0.010869565217391304,False,13,low
995,True,medium,False,False,0.04225352112676056,False,13,low
996,True,medium,False,False,0.12643678160919541,False,16,high
997,False,long,False,True,0.027777777777777776,False,22,low
998,False,medium,False,False,1.0,False,17,high
999,False,long,False,False,0.021505376344086023,False,20,low
1000,False,short,False,False,0.06521739130434782,False,12,low
1001,False,long,False,False,0.020618556701030927,False,24,low
1002,False,medium,False,False,0.09803921568627451,False,13,low
1003,False,long,False,False,0.010869565217391304,False,19,low
1004,False,short,False,False,0.06818181818181818,False,7,low
1005,False,short,False,False,0.15217391304347827,False,8,high
1006,False,long,False,False,0.09183673469387756,False,24,low
1007,False,medium,False,False,0.08450704225352113,False,16,low
1008,True,medium,False,False,0.1590909090909091,False,15,high
1009,False,medium,False,False,0.11538461538461539,False,16,high
1010,False,long,False,False,0.052083333333333336,False,19,low
1011,True,short,False,False,0.125,False,10,high
1012,False,medium,False,False,0.014705882352941176,False,15,low
1013,False,medium,False,False,0.34523809523809523,False,17,high
1014,False,medium,False,False,0.04395604395604396,False,17,low
1015,True,short,False,False,0.08333333333333333,False,11,low
1016,False,short,False,False,0.029411764705882353,False,6,low
1017,False,medium,False,False,0.03389830508474576,False,17,low
1018,False,long,True,True,0.07317073170731707,False,23,low
1019,False,medium,False,False,0.0,False,13,none
1020,False,short,False,False,0.0625,False,4,low
1021,False,short,False,False,0.21875,False,3,high
1022,False,medium,False,False,0.25806451612903225,False,16,high
1023,False,long,False,False,0.018867924528301886,False,20,low
1024,False,medium,True,False,0.16483516483516483,False,14,high
1025,False,short,False,False,0.044444444444444446,False,12,low
1026,False,long,False,True,0.0989010989010989,False,20,low
1027,False,medium,False,False,0.012658227848101266,False,16,low
1028,False,long,True,False,0.08333333333333333,False,20,low
1029,True,medium,True,False,0.0975609756097561,False,16,low
1030,False,long,True,False,0.04716981132075472,False,28,low
1031,False,long,False,True,0.10752688172043011,False,21,high
1032,False,long,False,False,0.033707865168539325,False,24,low
1033,False,short,False,False,0.15555555555555556,False,10,high
1034,False,short,False,False,0.08196721311475409,False,12,low
1035,True,medium,False,False,0.05333333333333334,False,17,low
1036,False,medium,False,True,0.08333333333333333,False,18,low
1037,False,medium,False,False,0.12658227848101267,False,15,high
1038,False,short,False,False,0.023255813953488372,False,7,low
1039,False,long,False,True,0.10344827586206896,False,23,high
1040,False,short,False,False,0.15384615384615385,False,4,high
1041,True,short,False,False,0.0,True,5,none
1042,True,medium,True,False,0.17073170731707318,False,16,high
1043,False,medium,False,False,0.06363636363636363,False,17,low
1044,False,short,False,False,0.0375,False,12,low
1045,False,long,True,False,0.0625,False,21,low
1046,False,medium,False,False,0.10256410256410256,False,18,high
1047,False,medium,False,False,0.07142857142857142,False,14,low
1048,False,long,False,False,0.03409090909090909,False,23,low
1049,False,short,False,False,0.06666666666666667,False,11,low
1050,False,short,True,True,0.0392156862745098,False,12,low
1051,False,long,True,True,0.022727272727272728,False,23,low
1052,False,short,False,False,0.09090909090909091,False,9,low
1053,False,long,False,False,0.017699115044247787,False,25,low
1054,False,medium,False,False,0.043478260869565216,False,17,low
1055,False,long,False,False,0.02040816326530612,False,20,low
1056,False,medium,False,False,0.16923076923076924,False,14,high
1057,False,short,False,False,0.14457831325301204,False,10,high
1058,False,short,False,False,0.03333333333333333,False,8,low
1059,False,long,False,False,0.0,False,24,none
1060,False,short,False,False,0.18292682926829268,False,10,high
1061,False,long,False,True,0.043478260869565216,False,21,low
1062,False,long,False,False,0.049019607843137254,False,22,low
1063,False,long,False,True,0.031578947368421054,False,23,low
1064,False,short,False,False,0.044444444444444446,False,7,low
1065,False,short,False,False,1.0,False,7,high
1066,False,medium,False,False,0.012987012987012988,False,18,low
1067,True,short,False,False,0.16129032258064516,False,5,high
1068,False,long,False,False,0.0,False,22,none
1069,False,short,False,False,0.10714285714285714,False,11,high
1070,False,short,False,False,0.08860759493670886,False,9,low
1071,False,medium,False,True,0.036585365853658534,False,17,low
1072,False,short,False,False,0.27956989247311825,False,8,high
1073,False,long,False,False,0.031914893617021274,False,19,low
1074,False,short,False,False,0.10344827586206896,False,6,high
1075,False,short,False,True,0.08064516129032258,False,9,low
1076,False,short,False,False,0.019230769230769232,False,12,low
1077,False,long,False,False,0.05319148936170213,False,19,low
1078,False,short,False,False,0.15,False,6,high
1079,False,short,False,False,0.0,False,12,none
1080,False,long,False,False,0.11235955056179775,False,25,high
1081,False,medium,False,False,0.2,False,15,high
1082,False,short,False,False,0.0196078431372549,False,11,low
1083,False,long,False,True,0.011764705882352941,False,22,low
1084,False,short,False,False,0.03225806451612903,False,7,low
1085,False,medium,False,False,0.15730337078651685,False,13,high
1086,False,medium,False,False,0.015384615384615385,False,14,low
1087,False,long,False,False,0.05263157894736842,False,24,low
1088,False,medium,False,False,0.016666666666666666,False,14,low
1089,False,medium,False,False,0.0,False,13,none
1090,False,medium,False,False,0.028169014084507043,False,16,low
1091,False,short,False,False,0.044444444444444446,True,10,low
1092,False,long,False,True,0.05555555555555555,False,19,low
1093,False,short,False,False,0.09090909090909091,False,8,low
1094,False,long,True,True,0.033707865168539325,False,21,low
1095,False,medium,False,False,0.06976744186046512,False,18,low
1096,False,medium,False,False,0.0625,False,18,low
1097,False,short,False,False,0.15,False,10,high
1098,False,short,False,False,0.07692307692307693,False,9,low
1099,False,short,False,False,0.1506849315068493,False,11,high
1100,False,short,False,False,0.0425531914893617,False,11,low
1101,False,short,False,False,0.10810810810810811,False,6,high
1102,False,short,False,False,0.18181818181818182,False,9,high
1103,True,long,False,True,0.019230769230769232,False,23,low
1104,False,medium,False,False,0.0,False,18,none
1105,True,short,False,False,0.16666666666666666,False,11,high
1106,False,medium,False,False,0.09574468085106383,False,16,low
1107,False,medium,False,False,0.0958904109589041,False,13,low
1108,False,medium,False,False,0.043478260869565216,False,17,low
1109,False,medium,False,False,0.890625,False,16,high
1110,False,short,False,False,0.05555555555555555,False,10,low
1111,True,short,False,False,0.014285714285714285,False,11,low
1112,True,short,False,False,0.14705882352941177,False,9,high
1113,False,short,False,False,0.1276595744680851,False,6,high
1114,False,medium,False,False,0.09195402298850575,False,14,low
1115,False,medium,False,False,0.07142857142857142,False,14,low
1116,False,medium,False,False,0.04,False,15,low
1117,False,short,False,False,0.21621621621621623,False,9,high
1118,False,medium,False,False,0.02666666666666667,False,18,low
1119,False,short,False,False,0.11320754716981132,False,12,high
1120,False,long,True,True,0.0,False,24,none
1121,False,long,False,True,0.018867924528301886,False,23,low
1122,False,short,False,False,0.08620689655172414,False,10,low
1123,False,medium,False,False,0.04,False,18,low
1124,False,short,False,False,0.15517241379310345,False,10,high
1125,False,medium,False,False,0.10752688172043011,False,17,high
1126,False,long,True,False,0.08490566037735849,False,25,low
1127,False,short,False,False,0.08108108108108109,False,7,low
1128,True,medium,False,False,0.10810810810810811,False,18,high
1129,False,medium,False,False,0.054945054945054944,False,14,low
1130,False,long,False,False,0.018691588785046728,False,23,low
1131,False,medium,True,False,0.0,False,17,none
1132,False,medium,False,False,0.05454545454545454,False,13,low
1133,False,medium,False,False,0.021052631578947368,False,16,low
1134,False,short,False,False,0.09523809523809523,False,12,low
1135,False,medium,False,True,0.0,False,17,none
1136,False,long,False,False,0.09,False,21,low
1137,False,medium,False,False,0.06779661016949153,False,14,low
1138,False,short,False,False,0.13725490196078433,False,11,high
1139,False,short,False,False,0.18,False,11,high
1140,False,long,False,True,0.0975609756097561,False,21,low
1141,False,medium,False,False,0.09302325581395349,False,14,low
1142,False,long,True,False,0.0898876404494382,False,20,low
1143,True,short,False,False,0.20833333333333334,False,3,high
1144,False,long,False,True,0.06451612903225806,False,20,low
1145,False,short,False,False,0.08,False,3,low
1146,False,long,False,False,0.10526315789473684,False,22,high
1147,False,short,False,False,0.058823529411764705,False,11,low
1148,False,long,False,True,0.02702702702702703,False,19,low
1149,False,medium,False,False,0.1839080459770115,False,18,high
1150,False,long,False,True,0.009900990099009901,False,24,low
1151,True,short,False,False,0.046511627906976744,False,7,low
1152,False,long,False,False,0.05154639175257732,False,22,low
1153,False,long,False,False,0.07547169811320754,False,20,low
1154,False,short,False,False,0.13513513513513514,False,5,high
1155,False,medium,False,False,0.03409090909090909,False,17,low
1156,False,medium,False,True,0.18181818181818182,False,15,high
1157,False,long,False,False,0.0,False,32,none
1158,True,short,False,False,0.22033898305084745,False,11,high
1159,False,long,False,False,0.023809523809523808,False,19,low
1160,False,long,False,True,0.10126582278481013,False,24,high
1161,False,medium,False,True,0.14285714285714285,False,16,high
1162,False,short,False,False,0.16666666666666666,False,9,high
1163,False,short,False,False,0.038461538461538464,False,12,low
1164,False,short,False,False,0.0,False,3,none
1165,False,medium,False,False,0.06306306306306306,False,18,low
1166,False,long,False,True,0.15841584158415842,False,30,high
1167,False,short,False,False,0.09210526315789473,False,12,low
1168,False,long,False,True,0.23423423423423423,False,23,high
1169,False,medium,False,False,0.15730337078651685,False,16,high
1170,False,medium,False,False,0.16483516483516483,False,14,high
1171,False,medium,False,False,0.07792207792207792,False,13,low
1172,False,medium,False,False,0.011494252873563218,False,17,low
1173,False,medium,False,False,0.03488372093023256,False,17,low
1174,False,medium,True,True,0.21621621621621623,False,17,high
1175,False,short,False,False,0.18421052631578946,False,9,high
1176,False,short,False,False,0.2,False,3,high
1177,False,medium,True,False,0.08333333333333333,False,17,low
1178,False,long,False,True,0.02666666666666667,False,19,low
1179,False,short,False,False,0.03225806451612903,False,8,low
1180,False,medium,False,False,0.11666666666666667,False,13,high
1181,False,medium,False,False,0.1095890410958904,False,13,high
1182,False,short,False,False,0.04081632653061224,False,6,low
1183,False,short,False,False,0.13793103448275862,False,11,high
1184,False,medium,False,False,0.03296703296703297,False,18,low
1185,True,short,False,False,0.22,False,12,high
1186,False,medium,False,False,0.3076923076923077,False,14,high
1187,False,short,False,False,0.058823529411764705,False,12,low
1188,False,short,False,False,0.13636363636363635,False,8,high
1189,False,medium,False,False,0.19101123595505617,False,13,high
1190,False,medium,False,False,0.08045977011494253,False,14,low
1191,False,short,False,False,0.05,False,5,low
1192,False,short,False,False,0.2413793103448276,False,7,high
1193,False,long,False,False,0.010869565217391304,False,25,low
1194,False,long,False,False,0.07865168539325842,False,23,low
1195,False,medium,False,True,0.058823529411764705,False,17,low
1196,False,short,False,False,0.8974358974358975,False,7,high
1197,False,short,False,False,0.2,False,8,high
1198,False,long,False,False,0.06542056074766354,False,22,low
1199,False,long,False,True,0.05555555555555555,False,20,low
1200,False,medium,False,False,0.07575757575757576,False,13,low
1201,False,medium,False,False,0.0379746835443038,False,15,low
1202,False,medium,False,False,0.05970149253731343,False,14,low
1203,False,medium,False,False,0.3855421686746988,False,16,high
1204,False,short,False,False,0.0975609756097561,False,10,low
1205,False,long,True,False,0.010416666666666666,False,22,low
1206,False,short,False,False,0.09090909090909091,False,3,low
1207,False,long,True,True,0.023255813953488372,False,19,low
1208,False,short,False,False,0.86,False,10,high
1209,False,long,True,False,0.021739130434782608,False,24,low
1210,False,medium,False,False,0.12307692307692308,False,14,high
1211,False,short,False,False,0.034482758620689655,False,6,low
1212,False,medium,False,True,0.08641975308641975,False,13,low
1213,False,long,False,False,0.08333333333333333,False,23,low
1214,False,medium,False,False,0.18421052631578946,False,15,high
1215,False,short,False,False,0.10989010989010989,False,8,high
1216,False,long,False,True,0.044444444444444446,False,19,low
1217,False,medium,False,False,0.07272727272727272,False,14,low
1218,False,long,False,True,0.031914893617021274,False,24,low
1219,False,long,False,False,0.027777777777777776,False,22,low
1220,False,medium,False,False,0.16901408450704225,False,14,high
1221,False,long,False,False,0.0975609756097561,False,19,low
1222,False,long,False,False,0.01098901098901099,False,20,low
1223,False,short,False,False,0.0851063829787234,False,8,low
1224,False,long,False,True,0.030927835051546393,False,21,low
1225,False,medium,False,False,0.0,False,15,none
1226,False,long,False,False,0.0425531914893617,False,21,low
1227,False,long,False,False,0.05102040816326531,False,19,low
1228,False,short,False,False,0.7543859649122807,False,11,high
1229,False,short,False,False,0.06666666666666667,False,9,low
1230,False,medium,False,False,0.03614457831325301,False,16,low
1231,False,long,False,False,0.1,False,20,low
1232,False,short,False,False,0.43478260869565216,True,6,high
1233,False,long,False,False,0.24691358024691357,False,19,high
1234,False,medium,False,False,0.02702702702702703,False,13,low
1235,False,medium,False,False,0.02197802197802198,False,17,low
1236,False,medium,False,True,0.19736842105263158,False,13,high
1237,False,short,False,False,0.07142857142857142,False,11,low
1238,False,long,False,True,0.02830188679245283,False,23,low
1239,False,short,False,False,0.10526315789473684,False,7,high
1240,True,short,False,False,0.1320754716981132,False,11,high
1241,False,medium,False,False,0.03508771929824561,False,13,low
1242,True,short,False,False,0.037037037037037035,False,8,low
1243,False,long,False,False,0.05952380952380952,False,20,low
1244,False,medium,False,False,0.017241379310344827,False,16,low
1245,False,medium,False,False,0.060240963855421686,False,15,low
1246,False,short,False,False,0.3090909090909091,False,10,high
1247,False,long,False,False,0.011235955056179775,False,23,low
1248,False,long,False,False,0.08695652173913043,False,21,low
1249,True,medium,False,False,0.07462686567164178,False,13,low
1250,True,short,False,True,0.35714285714285715,False,9,high
1251,False,long,False,False,0.056818181818181816,False,21,low
1252,False,long,False,False,0.012195121951219513,True,21,low
1253,False,long,False,True,0.1,False,22,low
1254,False,medium,False,False,0.06896551724137931,False,18,low
1255,False,short,False,False,0.058823529411764705,False,12,low
1256,False,long,True,True,0.0,False,24,none
1257,False,medium,False,False,0.06493506493506493,False,15,low
1258,False,short,False,False,0.21359223300970873,False,7,high
1259,False,medium,False,False,0.367816091954023,False,17,high
1260,False,short,False,False,0.24324324324324326,False,10,high
1261,False,medium,False,False,0.2608695652173913,False,15,high
1262,False,long,False,False,0.06666666666666667,False,21,low
1263,False,long,True,False,0.010869565217391304,False,21,low
1264,False,short,False,False,0.15384615384615385,False,6,high
1265,False,short,False,False,0.13333333333333333,False,10,high
1266,False,short,False,False,0.08163265306122448,False,8,low
1267,False,long,True,True,0.022727272727272728,False,19,low
1268,False,long,False,False,0.07865168539325842,False,22,low
1269,False,short,False,False,0.1791044776119403,False,12,high
1270,False,medium,False,False,0.0,False,13,none
1271,False,short,False,True,0.047619047619047616,False,10,low
1272,False,short,False,False,0.043478260869565216,False,7,low
1273,False,short,False,False,0.1791044776119403,False,12,high
1274,False,long,False,False,0.017543859649122806,False,22,low
1275,False,long,False,False,0.045871559633027525,False,25,low
1276,False,medium,False,False,0.19047619047619047,False,13,high
1277,False,short,False,True,0.04081632653061224,False,10,low
1278,False,medium,False,False,0.02631578947368421,False,16,low
1279,False,medium,False,False,0.06578947368421052,False,18,low
1280,False,medium,False,False,0.08,False,13,low
1281,False,medium,False,False,0.3058823529411765,False,17,high
1282,False,medium,False,False,0.20224719101123595,False,15,high
1283,False,medium,False,False,0.06060606060606061,False,13,low
1284,False,short,False,False,0.08333333333333333,False,5,low
1285,False,short,False,False,0.08108108108108109,False,9,low
1286,True,medium,False,False,0.0,False,13,none
1287,False,long,False,False,0.06521739130434782,False,22,low
1288,False,short,False,False,0.10344827586206896,False,7,high
1289,False,medium,False,False,0.13793103448275862,False,17,high
1290,False,short,False,False,0.21875,False,12,high
1291,False,medium,False,False,0.09090909090909091,False,18,low
1292,True,medium,False,False,0.11267605633802817,False,16,high
1293,False,long,False,False,0.08080808080808081,False,23,low
1294,False,short,False,False,0.0684931506849315,False,11,low
1295,False,short,False,False,0.0,False,11,none
1296,False,short,False,False,0.07317073170731707,False,9,low
1297,False,medium,False,False,0.37777777777777777,False,17,high
1298,False,medium,False,False,0.11940298507462686,False,13,high
1299,False,short,False,False,0.019230769230769232,False,10,low
1300,False,long,False,True,0.10752688172043011,False,23,high
1301,False,short,False,False,0.1864406779661017,False,12,high
1302,False,short,False,False,0.46875,False,3,high
1303,False,short,False,False,0.0,False,12,none
1304,False,short,False,False,0.07692307692307693,False,7,low
1305,False,medium,False,False,0.09523809523809523,False,13,low
1306,False,medium,False,False,0.05063291139240506,False,17,low
1307,False,short,False,False,0.05357142857142857,False,9,low
1308,False,short,False,False,0.2391304347826087,False,6,high
1309,False,long,False,True,0.05555555555555555,False,24,low
1310,False,medium,False,False,0.029411764705882353,False,15,low
1311,True,short,False,False,0.08450704225352113,False,10,low
1312,False,medium,False,False,1.0,False,16,high
1313,False,short,False,True,0.21428571428571427,False,11,high
1314,False,long,False,False,0.02197802197802198,False,22,low
1315,False,long,True,False,0.00980392156862745,False,22,low
1316,False,short,False,False,0.05263157894736842,False,9,low
1317,False,short,False,False,0.48484848484848486,False,12,high
1318,False,short,False,False,0.09836065573770492,False,10,low
1319,False,short,False,False,0.16071428571428573,False,10,high
1320,False,medium,False,False,0.06451612903225806,False,13,low
1321,False,long,False,False,0.039603960396039604,False,25,low
1322,False,medium,False,True,0.03488372093023256,False,17,low
1323,False,medium,False,False,0.06756756756756757,False,18,low
1324,False,short,False,False,0.05,False,8,low
1325,False,short,False,False,0.07142857142857142,False,5,low
1326,False,medium,False,False,0.0,False,13,none
1327,False,long,False,True,0.03260869565217391,False,24,low
1328,False,medium,False,False,0.07692307692307693,False,14,low
1329,False,long,True,True,0.047619047619047616,False,23,low
1330,False,medium,False,False,0.0851063829787234,False,14,low
1331,False,medium,False,False,0.015384615384615385,False,16,low
1332,False,medium,False,False,0.20689655172413793,False,15,high
1333,False,medium,False,True,0.05,False,15,low
1334,False,short,False,True,0.05084745762711865,False,11,low
1335,False,long,False,True,0.06593406593406594,False,21,low
1336,False,medium,False,False,0.25,False,13,high
1337,False,medium,False,False,0.11904761904761904,False,16,high
1338,False,medium,True,False,0.0,False,16,none
1339,True,long,False,False,0.0625,False,20,low
1340,False,long,False,False,0.04878048780487805,False,20,low
1341,False,medium,False,False,0.09195402298850575,False,18,low
1342,False,long,False,False,0.011111111111111112,False,19,low
1343,True,long,True,False,0.06862745098039216,False,21,low
1344,False,short,False,False,0.2,False,8,high
1345,False,medium,False,False,0.04807692307692308,False,18,low
1346,False,medium,False,False,0.21621621621621623,False,17,high
1347,False,short,False,True,0.06666666666666667,False,9,low
1348,False,medium,False,False,0.07272727272727272,False,17,low
1349,False,long,False,False,0.047619047619047616,False,21,low
1350,False,long,False,True,0.03409090909090909,False,19,low
1351,False,long,False,False,0.18571428571428572,False,20,high
1352,False,short,False,False,0.24390243902439024,False,9,high
1353,False,long,False,False,0.057692307692307696,False,24,low
1354,False,short,False,False,0.10227272727272728,False,10,high
1355,False,long,False,False,0.02857142857142857,False,20,low
1356,False,medium,False,False,0.11904761904761904,False,13,high
1357,False,medium,False,False,0.0,False,16,none
1358,False,long,False,False,0.0380952380952381,False,26,low
1359,False,short,False,False,0.0,False,10,none
1360,False,medium,True,True,0.1111111111111111,False,13,high
1361,False,short,False,False,0.08,False,4,low
1362,False,medium,False,False,0.18333333333333332,False,15,high
1363,False,long,False,False,0.1262135922330097,False,19,high
1364,False,medium,False,True,0.0707070707070707,False,17,low
1365,False,long,False,False,0.01904761904761905,False,20,low
1366,False,short,False,False,0.16666666666666666,False,11,high
1367,False,long,False,False,0.07777777777777778,False,20,low
1368,False,short,False,False,0.1111111111111111,False,4,high
1369,False,short,False,False,0.14285714285714285,False,1,high
1370,False,medium,False,False,0.07777777777777778,False,14,low
1371,False,medium,False,False,0.041666666666666664,False,13,low
1372,False,medium,False,False,0.05263157894736842,False,18,low
1373,False,short,False,False,0.11363636363636363,False,9,high
1374,False,short,False,False,0.12903225806451613,False,11,high
1375,False,short,False,False,0.16666666666666666,False,11,high
1376,False,short,False,False,0.2463768115942029,False,12,high
1377,False,short,False,False,0.14516129032258066,False,11,high
1378,False,medium,False,True,0.024691358024691357,False,17,low
1379,False,long,False,False,0.041666666666666664,False,19,low
1380,False,medium,False,False,0.0,False,14,none
1381,False,short,False,False,0.20454545454545456,False,9,high
1382,True,medium,False,False,0.07407407407407407,False,16,low
1383,False,medium,False,False,0.0136986301369863,False,15,low
1384,False,long,False,True,0.03636363636363636,False,24,low
1385,False,short,False,False,0.043478260869565216,False,9,low
1386,False,medium,False,False,0.20618556701030927,False,14,high
1387,False,long,False,False,0.07766990291262135,False,24,low
1388,False,medium,False,False,0.14457831325301204,False,15,high
1389,False,short,False,False,0.19444444444444445,False,9,high
1390,True,short,False,False,0.21428571428571427,False,12,high
1391,False,medium,False,False,0.02531645569620253,False,14,low
1392,False,medium,False,False,0.13131313131313133,False,17,high
1393,False,short,False,False,0.06,False,9,low
1394,False,short,False,False,0.2692307692307692,False,7,high
1395,False,medium,False,False,0.11494252873563218,False,13,high
1396,False,short,False,False,1.0,False,8,high
1397,False,long,False,False,0.9636363636363636,False,23,high
1398,False,long,True,False,0.037037037037037035,False,24,low
1399,False,medium,False,False,0.024390243902439025,False,16,low
1400,False,short,False,False,0.13513513513513514,False,10,high
1401,False,medium,False,False,0.09090909090909091,False,18,low
1402,False,medium,False,False,0.06779661016949153,False,13,low
1403,False,medium,False,True,0.12371134020618557,False,15,high
1404,False,long,True,False,0.09473684210526316,False,22,low
1405,False,short,False,False,0.10638297872340426,False,11,high
1406,False,medium,False,False,0.0,False,16,none
1407,False,short,False,False,0.0967741935483871,False,8,low
1408,False,medium,False,False,0.06593406593406594,False,17,low
1409,False,short,False,False,0.05263157894736842,False,6,low
1410,False,short,False,False,0.125,False,10,high
1411,False,medium,False,False,0.046875,False,13,low
1412,False,long,False,False,0.04716981132075472,False,25,low
1413,False,medium,False,False,0.036585365853658534,False,18,low
1414,False,medium,False,True,0.07017543859649122,False,14,low
1415,False,medium,False,False,0.03260869565217391,False,18,low
1416,False,medium,False,False,0.0898876404494382,False,15,low
1417,False,long,False,False,0.04938271604938271,False,23,low
1418,False,long,False,True,0.10227272727272728,False,22,high
1419,False,short,False,False,0.0,False,5,none
1420,False,long,False,True,0.03260869565217391,False,23,low
1421,False,long,False,True,0.019801980198019802,False,24,low
1422,False,short,False,False,0.043478260869565216,False,12,low
1423,False,short,False,False,0.047619047619047616,False,8,low
1424,False,short,False,False,0.16091954022988506,False,10,high
1425,False,medium,False,True,0.014925373134328358,False,14,low
1426,False,short,False,False,0.08,False,9,low
1427,False,short,False,False,0.1518987341772152,False,10,high
1428,False,long,False,False,0.0660377358490566,False,22,low
1429,False,short,False,False,0.20454545454545456,False,11,high
1430,False,long,False,False,0.03896103896103896,False,19,low
1431,False,medium,False,False,0.11666666666666667,False,13,high
1432,False,long,False,False,0.046296296296296294,False,22,low
1433,True,short,False,False,0.13793103448275862,False,6,high
1434,False,long,False,False,0.06315789473684211,False,19,low
1435,False,short,False,False,0.125,False,6,high
1436,False,short,False,False,0.15384615384615385,False,10,high
1437,True,short,False,False,0.17142857142857143,False,5,high
1438,False,medium,False,False,0.21686746987951808,False,17,high
1439,False,short,False,False,0.0851063829787234,False,10,low
1440,False,long,False,False,0.009900990099009901,False,25,low
1441,False,medium,False,False,0.0784313725490196,False,13,low
1442,False,medium,False,False,0.07462686567164178,False,15,low
1443,False,medium,False,False,0.0,False,13,none
1444,True,medium,False,True,0.10144927536231885,False,15,high
1445,True,long,False,False,0.10476190476190476,False,27,high
1446,False,medium,False,True,0.075,False,18,low
1447,False,short,False,False,0.11363636363636363,False,8,high
1448,False,medium,False,False,0.056818181818181816,False,14,low
1449,False,medium,False,False,0.05128205128205128,False,14,low
1450,False,medium,False,False,0.045454545454545456,False,16,low
1451,False,short,False,False,0.06451612903225806,False,7,low
1452,False,medium,False,False,0.18867924528301888,False,13,high
1453,False,medium,False,False,0.08045977011494253,False,17,low
1454,False,medium,False,False,0.08450704225352113,False,17,low
1455,False,long,False,False,0.1,False,22,low
1456,False,long,False,True,0.26436781609195403,False,21,high
1457,False,long,False,False,0.009259259259259259,False,22,low
1458,False,medium,False,False,0.0,False,13,none
1459,False,medium,False,True,0.02631578947368421,False,17,low
1460,True,short,False,False,0.09523809523809523,False,9,low
1461,False,short,False,False,0.1276595744680851,False,11,high
1462,False,medium,False,False,0.2,False,14,high
1463,True,short,False,False,0.2,False,6,high
1464,False,long,False,True,0.02912621359223301,False,22,low
1465,True,short,False,True,0.046875,False,12,low
1466,False,medium,False,False,0.2,False,14,high
1467,True,short,False,True,0.08695652173913043,False,11,low
1468,False,short,False,False,0.044444444444444446,False,10,low
1469,False,short,False,False,0.058823529411764705,False,12,low
1470,False,short,False,True,0.7471264367816092,False,12,high
1471,True,medium,False,False,0.12244897959183673,False,13,high
1472,False,short,False,False,0.0,False,12,none
1473,True,medium,False,False,0.060240963855421686,True,18,low
1474,False,medium,False,False,0.04,False,16,low
1475,False,short,False,False,0.2549019607843137,False,8,high
1476,False,short,False,False,0.14893617021276595,False,8,high
1477,False,long,True,False,0.0449438202247191,False,20,low
1478,False,short,False,False,0.1111111111111111,False,9,high
1479,False,medium,False,False,0.057971014492753624,False,13,low
1480,False,long,False,True,0.045454545454545456,False,21,low
1481,False,medium,False,False,0.04878048780487805,False,13,low
1482,False,medium,False,False,0.041666666666666664,False,15,low
1483,False,long,False,False,0.025974025974025976,False,20,low
1484,False,short,False,False,0.0,False,4,none
1485,False,short,False,False,1.0,False,12,high
1486,False,short,False,False,0.14925373134328357,False,11,high
1487,False,medium,False,False,0.16853932584269662,False,16,high
1488,False,medium,False,True,0.1590909090909091,False,17,high
1489,False,short,False,False,0.0,False,11,none
1490,False,long,False,False,0.09195402298850575,False,22,low
1491,False,short,False,False,0.05263157894736842,False,12,low
1492,False,short,False,False,0.08571428571428572,False,5,low
1493,False,medium,False,False,0.018867924528301886,False,15,low
1494,False,medium,False,True,0.10256410256410256,False,13,high
1495,False,short,False,False,0.030303030303030304,False,6,low
1496,False,medium,True,True,0.05263157894736842,False,14,low
1497,False,medium,False,False,0.1794871794871795,False,18,high
1498,False,medium,False,False,0.04819277108433735,False,18,low
1499,False,long,False,True,0.05319148936170213,False,21,low
1500,False,long,False,False,0.06451612903225806,False,20,low
1501,False,medium,False,False,0.1917808219178082,False,14,high
1502,False,short,False,False,0.12195121951219512,False,5,high
1503,False,long,False,False,0.03488372093023256,False,24,low
1504,False,short,False,False,0.1111111111111111,False,9,high
1505,False,short,False,False,0.013157894736842105,False,12,low
1506,False,short,False,False,0.0625,False,5,low
1507,False,long,False,False,0.04,False,20,low
1508,False,long,False,False,0.0,False,19,none
1509,False,medium,False,False,0.19642857142857142,False,13,high
1510,False,short,True,False,0.24444444444444444,False,11,high
1511,False,long,False,True,0.04854368932038835,False,22,low
1512,False,medium,False,False,0.0,False,13,none
1513,False,medium,False,False,0.1782178217821782,False,18,high
1514,False,medium,False,False,0.7763157894736842,False,13,high
1515,False,short,False,False,0.2033898305084746,False,11,high
1516,False,short,False,True,0.234375,False,12,high
1517,False,medium,False,False,0.17045454545454544,False,18,high
1518,False,medium,True,False,0.08695652173913043,False,14,low
1519,False,short,False,False,0.11320754716981132,False,12,high
1520,False,short,False,False,0.17857142857142858,False,8,high
1521,False,long,True,False,0.0,False,19,none
1522,False,short,False,False,0.08974358974358974,False,11,low
1523,False,long,False,False,0.011235955056179775,False,21,low
1524,False,long,False,False,0.04,False,25,low
1525,False,short,False,False,0.13432835820895522,False,12,high
1526,False,long,False,False,0.021505376344086023,False,19,low
1527,False,short,False,False,0.029850746268656716,False,10,low
1528,False,long,False,False,0.2087912087912088,False,20,high
1529,False,short,False,False,0.0,False,10,none
1530,False,medium,False,False,0.1267605633802817,False,14,high
1531,False,medium,True,False,0.06976744186046512,False,16,low
1532,False,short,False,False,0.021739130434782608,False,11,low
1533,False,short,False,False,0.45714285714285713,False,7,high
1534,False,long,False,False,0.1927710843373494,False,19,high
1535,False,long,False,False,0.01,False,21,low
1536,True,medium,False,False,0.0851063829787234,False,13,low
1537,False,long,True,True,0.029411764705882353,False,23,low
1538,False,short,False,False,0.11666666666666667,False,12,high
1539,False,medium,False,False,0.15789473684210525,False,17,high
1540,False,long,True,False,0.03571428571428571,False,19,low
1541,False,long,False,False,0.07547169811320754,False,24,low
1542,False,short,False,False,0.75,False,3,high
1543,False,medium,False,False,0.20430107526881722,False,17,high
1544,False,medium,False,False,0.09859154929577464,False,18,low
1545,False,medium,False,False,0.04938271604938271,False,18,low
1546,False,short,False,False,0.34146341463414637,False,8,high
1547,False,medium,False,False,0.18840579710144928,False,16,high
1548,False,medium,False,False,0.031578947368421054,False,17,low
1549,False,long,False,True,0.022222222222222223,False,24,low
1550,False,medium,False,True,0.12121212121212122,False,14,high
1551,False,medium,False,False,0.020833333333333332,False,13,low
1552,False,short,False,False,0.021739130434782608,False,10,low
1553,False,short,False,False,0.022222222222222223,False,10,low
1554,False,short,False,False,0.125,False,3,high
1555,False,medium,False,True,0.03389830508474576,False,15,low
1556,False,short,False,False,0.0,False,6,none
1557,False,long,False,True,0.08411214953271028,False,27,low
1558,False,short,False,False,0.11940298507462686,False,11,high
1559,False,short,False,False,0.13725490196078433,False,8,high
1560,False,long,False,False,0.08139534883720931,False,21,low
1561,False,medium,False,False,0.041666666666666664,False,15,low
1562,False,short,False,False,0.06666666666666667,False,2,low
1563,False,medium,False,False,0.08433734939759036,False,17,low
1564,False,short,False,False,0.07272727272727272,False,9,low
1565,False,medium,False,False,0.06315789473684211,False,15,low
1566,False,long,False,False,0.047619047619047616,False,20,low
1567,False,short,False,False,0.8356164383561644,False,11,high
1568,False,medium,False,True,0.0784313725490196,False,17,low
1569,False,medium,False,True,0.2876712328767123,False,16,high
1570,True,medium,False,False,0.08888888888888889,True,14,low
1571,False,long,False,False,0.05434782608695652,False,21,low
1572,False,long,False,False,0.011627906976744186,False,20,low
1573,True,short,False,False,0.5096153846153846,False,9,high
1574,False,medium,False,False,0.3287671232876712,False,16,high
1575,False,short,False,False,0.027777777777777776,False,7,low
1576,False,short,False,False,0.15625,False,5,high
1577,False,medium,False,False,0.04411764705882353,False,13,low
1578,False,medium,False,True,0.1232876712328767,False,13,high
1579,False,medium,False,False,0.1875,False,17,high
1580,True,short,False,False,0.2222222222222222,False,3,high
1581,False,short,False,False,0.18333333333333332,False,9,high
1582,False,short,False,False,0.11428571428571428,False,10,high
1583,False,short,False,False,0.2222222222222222,False,10,high
1584,True,long,False,False,0.0449438202247191,False,23,low
1585,False,medium,False,False,0.04225352112676056,False,15,low
1586,False,long,True,False,0.05434782608695652,False,24,low
1587,False,short,False,False,0.14705882352941177,False,10,high
1588,False,long,False,False,0.030612244897959183,False,21,low
1589,False,medium,False,True,0.15873015873015872,False,18,high
1590,False,short,False,False,0.0625,False,12,low
1591,False,long,False,False,0.11827956989247312,False,21,high
1592,False,short,False,False,0.06,False,12,low
1593,False,long,False,False,0.12149532710280374,False,21,high
1594,False,medium,False,False,0.1206896551724138,False,15,high
1595,False,medium,False,False,0.18055555555555555,False,14,high
1596,False,medium,False,False,0.05319148936170213,False,17,low
1597,False,long,False,False,0.06363636363636363,False,23,low
1598,False,long,True,True,0.03508771929824561,False,25,low
1599,False,long,False,True,0.07368421052631578,False,22,low
1600,True,short,False,False,0.018867924528301886,False,8,low
1601,False,short,False,False,1.0,False,4,high
1602,False,medium,False,False,0.17857142857142858,False,16,high
1603,False,short,False,False,0.16279069767441862,False,8,high
1604,False,long,False,False,0.03225806451612903,False,21,low
1605,False,long,False,True,0.04040404040404041,False,21,low
1606,False,medium,False,False,0.09230769230769231,False,13,low
1607,False,medium,False,True,0.06542056074766354,False,17,low
1608,False,medium,False,False,0.0,False,14,none
1609,False,long,False,False,0.05714285714285714,False,19,low
1610,False,medium,False,True,0.14285714285714285,False,14,high
1611,False,short,False,False,0.25,False,8,high
1612,False,short,False,False,0.17857142857142858,False,12,high
1613,False,long,False,False,0.008695652173913044,False,19,low
1614,False,medium,False,False,0.09174311926605505,False,13,low
1615,False,medium,False,False,0.19718309859154928,False,15,high
1616,False,long,True,False,0.009174311926605505,False,21,low
1617,False,short,False,False,0.16666666666666666,False,8,high
1618,False,medium,False,False,0.12162162162162163,False,15,high
1619,False,long,False,False,0.03488372093023256,False,19,low
1620,False,medium,False,False,0.08695652173913043,False,15,low
1621,False,short,False,False,0.02,False,9,low
1622,False,long,True,False,0.15151515151515152,False,21,high
1623,False,medium,False,True,0.30851063829787234,False,15,high
1624,False,medium,False,False,0.1,False,15,low
1625,False,short,False,False,0.1951219512195122,False,7,high
1626,False,medium,False,True,0.06756756756756757,False,15,low
1627,False,short,False,False,0.0625,False,6,low
1628,False,long,False,False,0.024390243902439025,False,19,low
1629,False,long,True,True,0.0784313725490196,False,19,low
1630,False,short,False,False,0.0,False,8,none
1631,False,long,False,True,0.03773584905660377,False,22,low
1632,False,short,False,False,0.09523809523809523,False,9,low
1633,False,medium,False,False,0.06666666666666667,False,14,low
1634,False,short,False,False,0.09375,False,12,low
1635,True,medium,False,False,0.09523809523809523,False,16,low
1636,False,short,False,True,0.025974025974025976,False,12,low
1637,False,long,False,False,0.043010752688172046,False,20,low
1638,False,short,True,True,0.1864406779661017,False,12,high
1639,False,medium,False,False,0.38461538461538464,False,13,high
1640,False,medium,False,False,0.12280701754385964,False,16,high
1641,False,short,False,False,0.1206896551724138,False,8,high
1642,True,medium,False,True,0.0945945945945946,False,17,low
1643,False,short,False,False,0.14893617021276595,False,9,high
1644,False,medium,False,False,0.0625,False,17,low
1645,False,long,True,False,0.00980392156862745,False,22,low
1646,False,medium,False,False,0.11538461538461539,False,18,high
1647,False,long,True,False,0.07216494845360824,False,24,low
1648,False,long,False,False,0.03488372093023256,False,24,low
1649,False,medium,False,False,0.15873015873015872,False,14,high
1650,False,medium,False,False,0.14516129032258066,False,18,high
1651,False,long,True,False,0.0,False,19,none
1652,False,long,False,False,0.0,False,21,none
1653,False,medium,False,False,0.06818181818181818,False,15,low
1654,False,short,False,False,0.02,False,11,low
1655,True,short,False,False,0.0625,False,9,low
1656,False,long,False,False,0.03225806451612903,False,19,low
1657,False,short,False,False,0.07291666666666667,False,7,low
1658,False,short,False,False,0.041666666666666664,False,8,low
1659,False,long,True,True,0.03260869565217391,False,22,low
1660,False,long,False,True,0.021052631578947368,False,24,low
1661,False,medium,False,True,0.037037037037037035,False,14,low
1662,False,medium,False,False,0.0958904109589041,False,17,low
1663,False,medium,False,False,0.0,False,13,none
1664,False,medium,False,False,0.1125,False,15,high
1665,False,short,False,False,0.14285714285714285,False,1,high
1666,False,long,False,False,0.04054054054054054,False,19,low
1667,False,medium,False,False,0.07017543859649122,False,15,low
1668,True,medium,False,True,0.02,False,13,low
1669,False,short,False,False,0.14285714285714285,False,9,high
1670,False,medium,False,False,0.2345679012345679,False,15,high
1671,False,short,False,False,0.1076923076923077,False,11,high
1672,False,short,False,False,0.06818181818181818,False,8,low
1673,False,medium,False,False,0.03409090909090909,False,18,low
1674,False,medium,False,False,0.07017543859649122,False,13,low
1675,False,medium,False,False,0.05454545454545454,False,13,low
1676,False,medium,False,False,0.014925373134328358,False,14,low
1677,False,long,False,False,0.07608695652173914,False,20,low
1678,False,long,False,False,0.05,False,29,low
1679,False,medium,False,False,0.029850746268656716,False,15,low
1680,False,short,False,False,0.21212121212121213,False,7,high
1681,False,medium,True,True,0.022222222222222223,False,18,low
1682,False,long,True,True,0.08421052631578947,False,22,low
1683,False,long,False,False,0.16129032258064516,False,24,high
1684,False,medium,False,True,0.02564102564102564,False,18,low
1685,False,long,False,True,0.3,False,19,high
1686,False,medium,False,False,0.22641509433962265,False,14,high
1687,False,short,False,True,0.09302325581395349,False,10,low
1688,False,medium,False,False,0.12162162162162163,False,14,high
1689,False,medium,False,False,0.07865168539325842,False,18,low
1690,False,medium,False,False,0.05333333333333334,False,16,low
1691,False,long,False,False,0.1523809523809524,False,19,high
1692,False,medium,False,False,0.0967741935483871,False,18,low
1693,False,medium,False,False,0.0761904761904762,False,15,low
1694,False,medium,False,False,0.07317073170731707,False,16,low
1695,False,long,False,False,0.044444444444444446,False,22,low
1696,False,short,False,False,0.036585365853658534,False,12,low
1697,False,long,False,False,0.05357142857142857,False,21,low
1698,False,medium,False,False,0.07692307692307693,False,16,low
1699,False,short,False,False,0.2236842105263158,False,12,high
1700,True,short,False,False,0.047619047619047616,False,5,low
1701,False,long,False,False,0.09278350515463918,False,21,low
1702,False,long,False,False,0.02564102564102564,False,20,low
1703,False,long,False,False,0.21348314606741572,False,19,high
1704,False,medium,False,False,0.011494252873563218,False,17,low
1705,False,short,False,False,0.19047619047619047,False,7,high
1706,False,medium,False,False,0.21875,False,15,high
1707,False,medium,False,False,0.06481481481481481,False,18,low
1708,False,medium,False,False,0.024390243902439025,False,17,low
1709,False,long,False,True,0.12962962962962962,False,26,high
1710,False,short,False,False,0.2962962962962963,False,6,high
1711,False,short,False,False,0.16883116883116883,False,12,high
1712,False,short,False,True,0.125,False,11,high
1713,False,long,False,False,0.057692307692307696,False,27,low
1714,False,long,False,True,0.06930693069306931,False,28,low
1715,False,short,False,False,0.029850746268656716,False,11,low
1716,False,medium,False,False,0.0,False,16,none
1717,False,medium,False,False,0.0,False,15,none
1718,False,medium,False,False,0.6,False,15,high
1719,False,medium,False,True,0.013513513513513514,False,17,low
1720,False,short,False,False,0.07936507936507936,False,12,low
1721,False,short,False,False,0.08064516129032258,False,10,low
1722,False,medium,False,False,0.017543859649122806,False,15,low
1723,True,medium,True,False,0.34285714285714286,False,18,high
1724,False,long,False,True,0.07407407407407407,False,25,low
1725,False,short,False,False,0.06666666666666667,False,8,low
1726,False,short,False,False,0.15151515151515152,False,11,high
1727,False,medium,False,False,0.1791044776119403,False,13,high
1728,False,medium,False,False,0.05434782608695652,False,16,low
1729,False,medium,False,False,0.07462686567164178,False,16,low
1730,False,long,True,True,0.041237113402061855,False,23,low
1731,False,long,False,False,0.2647058823529412,False,20,high
1732,False,medium,False,False,0.034482758620689655,False,14,low
1733,True,medium,False,False,0.0,False,13,none
1734,False,long,False,False,0.0410958904109589,False,19,low
1735,True,short,False,True,0.0967741935483871,False,9,low
1736,False,medium,False,True,0.04285714285714286,False,15,low
1737,False,short,False,True,0.05128205128205128,False,10,low
1738,False,long,False,False,0.05063291139240506,False,20,low
1739,False,short,False,False,0.0625,False,7,low
1740,False,short,False,True,0.0196078431372549,False,9,low
1741,False,medium,False,False,0.04918032786885246,False,15,low
1742,False,short,False,False,0.0,False,7,none
1743,False,medium,False,False,0.15,False,13,high
1744,False,medium,False,False,0.09523809523809523,False,13,low
1745,False,long,True,False,0.018691588785046728,False,25,low
1746,False,short,False,False,0.16,True,4,high
1747,False,medium,False,False,0.0196078431372549,False,13,low
1748,False,medium,False,False,0.08641975308641975,False,17,low
1749,False,medium,False,False,0.03614457831325301,False,16,low
1750,False,short,False,False,0.05357142857142857,False,12,low
1751,False,medium,False,False,0.4953271028037383,False,14,high
1752,False,short,False,False,0.15714285714285714,False,12,high
1753,False,medium,False,False,0.3,False,13,high
1754,False,short,True,True,0.05128205128205128,False,12,low
1755,False,medium,False,False,0.19047619047619047,False,16,high
1756,False,medium,False,False,0.08620689655172414,False,16,low
1757,False,long,False,True,0.0,False,21,none
1758,False,short,False,False,0.10294117647058823,False,11,high
1759,False,long,False,True,0.1,False,21,low
1760,False,medium,False,False,0.19791666666666666,False,15,high
1761,False,medium,False,False,0.18309859154929578,False,15,high
1762,False,short,False,False,0.16666666666666666,False,5,high
1763,False,medium,False,False,0.018518518518518517,False,18,low
1764,False,long,False,False,0.08247422680412371,False,25,low
1765,False,short,False,False,0.13157894736842105,False,11,high
1766,False,medium,False,True,0.18072289156626506,False,13,high
1767,False,short,False,False,0.015151515151515152,False,12,low
1768,False,short,False,False,0.10526315789473684,False,11,high
1769,False,long,False,True,0.044444444444444446,False,21,low
1770,False,medium,False,False,0.04838709677419355,False,15,low
1771,False,long,False,False,0.07476635514018691,False,19,low
1772,False,medium,False,False,0.07792207792207792,False,13,low
1773,False,short,False,False,0.061224489795918366,False,10,low
1774,False,medium,False,False,0.03225806451612903,False,15,low
1775,False,long,True,False,0.2765957446808511,False,22,high
1776,False,short,False,False,0.05084745762711865,False,11,low
1777,True,long,False,False,0.14606741573033707,False,19,high
1778,False,long,False,False,0.0975609756097561,False,19,low
1779,False,medium,False,False,0.04411764705882353,False,18,low
1780,False,short,False,False,0.034482758620689655,False,10,low
1781,False,short,False,False,0.06382978723404255,False,9,low
1782,False,short,False,False,0.08,False,4,low
1783,False,medium,False,False,0.04938271604938271,False,18,low
1784,False,medium,False,False,0.06382978723404255,False,17,low
1785,False,short,False,False,0.1686746987951807,False,11,high
1786,False,long,False,False,0.14285714285714285,False,22,high
1787,False,medium,False,True,0.06578947368421052,False,15,low
1788,False,medium,False,False,0.13253012048192772,False,17,high
1789,False,medium,False,True,0.0847457627118644,False,16,low
1790,True,medium,False,False,0.037037037037037035,False,17,low
1791,False,medium,True,True,0.052083333333333336,False,18,low
1792,False,short,False,False,0.10843373493975904,False,10,high
1793,False,medium,False,False,0.3018867924528302,False,16,high
1794,False,short,False,False,0.1568627450980392,False,10,high
1795,False,long,False,False,0.0625,False,21,low
1796,False,medium,False,True,0.06756756756756757,False,15,low
1797,False,long,True,True,0.09473684210526316,False,23,low
1798,False,short,False,False,0.10810810810810811,False,7,high
1799,False,medium,False,False,0.15730337078651685,False,14,high
1800,False,medium,False,False,0.10204081632653061,False,14,high
1801,False,medium,False,False,0.043010752688172046,False,13,low
1802,False,long,False,True,0.05555555555555555,False,23,low
1803,False,short,False,False,0.12195121951219512,False,11,high
1804,True,short,True,True,0.15151515151515152,False,10,high
1805,False,long,False,False,0.06306306306306306,False,26,low
1806,False,medium,False,True,0.0547945205479452,False,15,low
1807,False,long,True,False,0.08421052631578947,False,20,low
1808,False,medium,False,False,0.0,False,15,none
1809,True,short,False,False,0.1346153846153846,False,8,high
1810,True,long,False,False,0.1724137931034483,False,19,high
1811,False,short,False,False,0.12244897959183673,False,7,high
1812,False,short,False,False,0.16129032258064516,False,11,high
1813,False,medium,False,False,0.02127659574468085,False,16,low
1814,False,long,True,True,0.02631578947368421,False,25,low
1815,True,long,True,True,0.056338028169014086,False,22,low
1816,False,medium,False,False,0.19718309859154928,False,18,high
1817,False,short,False,False,0.11428571428571428,False,10,high
1818,False,medium,False,False,0.10989010989010989,False,16,high
1819,False,medium,False,False,0.07407407407407407,False,15,low
1820,False,medium,False,False,0.25,False,17,high
1821,False,short,False,True,0.20689655172413793,False,10,high
1822,False,long,False,False,0.05,False,26,low
1823,False,short,False,False,0.1111111111111111,False,6,high
1824,False,short,False,False,0.08695652173913043,False,3,low
1825,False,long,False,False,0.03260869565217391,False,25,low
1826,False,medium,True,False,0.0,False,15,none
1827,False,medium,False,False,0.02666666666666667,False,16,low
1828,False,short,False,False,0.21428571428571427,False,4,high
1829,False,short,False,False,0.19047619047619047,False,8,high
1830,False,short,False,False,0.07692307692307693,False,10,low
1831,False,short,False,False,0.03508771929824561,False,8,low
1832,False,medium,False,False,0.013888888888888888,False,16,low
1833,False,long,False,False,0.043478260869565216,False,19,low
1834,False,medium,False,False,0.08450704225352113,False,14,low
1835,False,short,False,False,0.04225352112676056,True,12,low
1836,False,short,False,False,0.02127659574468085,False,10,low
1837,False,short,False,False,0.18181818181818182,False,10,high
1838,False,short,False,False,0.0963855421686747,False,11,low
1839,False,long,False,False,0.14893617021276595,False,21,high
1840,False,short,False,False,0.1076923076923077,False,11,high
1841,False,long,False,True,0.10989010989010989,False,22,high
1842,False,short,False,False,0.06451612903225806,False,10,low
1843,False,short,False,True,0.1643835616438356,False,6,high
1844,False,long,False,True,0.05,False,25,low
1845,False,medium,False,False,0.7209302325581395,False,17,high
1846,False,medium,False,True,0.0410958904109589,False,14,low
1847,False,long,False,False,0.1038961038961039,False,19,high
1848,False,medium,True,False,0.012195121951219513,False,18,low
1849,True,medium,False,False,0.0759493670886076,False,14,low
1850,False,medium,False,False,0.1282051282051282,False,13,high
1851,False,short,False,False,0.13829787234042554,False,12,high
1852,False,long,True,True,0.02127659574468085,False,22,low
1853,False,short,False,False,0.04,True,11,low
1854,False,long,False,False,0.11764705882352941,False,22,high
1855,False,short,False,False,0.058823529411764705,False,7,low
1856,False,medium,False,False,0.03333333333333333,False,15,low
1857,False,long,False,False,0.05405405405405406,False,22,low
1858,False,short,False,False,0.17391304347826086,False,3,high
1859,False,medium,False,False,0.15555555555555556,False,14,high
1860,False,medium,False,False,0.02857142857142857,False,18,low
1861,False,long,True,False,0.011363636363636364,False,20,low
1862,False,short,False,False,0.09615384615384616,False,10,low
1863,False,medium,False,False,0.044444444444444446,False,16,low
1864,False,long,True,True,0.043010752688172046,False,19,low
1865,False,short,False,False,0.03225806451612903,False,11,low
1866,False,medium,False,False,0.3048780487804878,False,16,high
1867,False,long,False,False,0.033707865168539325,False,21,low
1868,False,short,False,False,0.09615384615384616,False,8,low
1869,False,long,False,False,0.04597701149425287,False,19,low
1870,False,medium,False,False,0.13043478260869565,False,16,high
1871,False,medium,False,True,0.09375,False,16,low
1872,False,medium,False,True,0.05319148936170213,False,18,low
1873,False,medium,True,False,0.037037037037037035,False,13,low
1874,False,long,False,True,0.0963855421686747,False,20,low
1875,False,short,False,False,0.09302325581395349,False,7,low
1876,False,medium,False,False,0.12,False,17,high
1877,False,long,False,False,0.10588235294117647,False,22,high
1878,False,long,False,False,0.07526881720430108,False,22,low
1879,False,short,False,False,0.11764705882352941,False,9,high
1880,False,medium,False,False,0.02564102564102564,False,13,low
1881,False,medium,False,False,1.0,False,13,high
1882,False,medium,False,False,0.078125,False,17,low
1883,False,short,False,True,0.037037037037037035,False,10,low
1884,False,long,False,False,0.02127659574468085,False,21,low
1885,False,long,False,False,0.08421052631578947,False,24,low
1886,False,medium,False,False,0.08695652173913043,False,18,low
1887,False,medium,False,False,0.20408163265306123,False,16,high
1888,False,short,False,False,0.054945054945054944,False,10,low
1889,False,medium,False,False,0.125,False,17,high
1890,False,long,False,True,0.25773195876288657,False,22,high
1891,False,long,False,False,0.08860759493670886,False,21,low
1892,False,short,False,False,0.19642857142857142,False,11,high
1893,False,medium,False,False,0.0821917808219178,False,18,low
1894,False,short,False,False,0.04411764705882353,False,12,low
1895,False,medium,False,False,0.056179775280898875,False,16,low
1896,False,medium,False,False,0.1595744680851064,False,16,high
1897,False,medium,False,False,0.024691358024691357,True,18,low
1898,False,short,False,False,0.017543859649122806,False,11,low
1899,False,medium,False,False,0.0,False,16,none
1900,False,short,False,False,0.10416666666666667,False,10,high
1901,False,medium,False,False,0.043010752688172046,False,18,low
1902,False,short,False,True,0.16666666666666666,False,11,high
1903,False,long,False,False,0.021739130434782608,False,23,low
1904,False,medium,False,False,0.022222222222222223,False,18,low
1905,False,medium,False,False,0.05,False,13,low
1906,False,short,False,False,0.0,False,10,none
1907,False,long,False,True,0.36363636363636365,False,20,high
1908,False,short,False,False,0.20588235294117646,False,9,high
1909,True,medium,False,False,0.015873015873015872,False,17,low
1910,False,long,False,True,0.1,False,23,low
1911,False,medium,False,False,0.0,False,16,none
1912,False,long,False,False,0.035398230088495575,False,19,low
1913,False,short,False,False,0.75,False,6,high
1914,False,short,False,False,0.10810810810810811,False,7,high
1915,False,medium,False,False,0.07575757575757576,False,16,low
1916,False,long,False,False,0.03260869565217391,False,19,low
1917,False,medium,False,True,0.0684931506849315,False,14,low
1918,True,medium,False,False,0.0,False,18,none
1919,False,long,False,False,0.03571428571428571,False,21,low
1920,False,short,False,True,0.13043478260869565,False,11,high
1921,False,medium,False,False,0.08928571428571429,False,13,low
1922,False,short,False,False,0.09090909090909091,False,10,low
1923,False,short,False,False,0.17777777777777778,False,11,high
1924,False,medium,False,False,0.23595505617977527,False,15,high
1925,False,medium,False,False,0.10526315789473684,False,13,high
1926,False,medium,False,False,0.078125,False,13,low
1927,False,medium,False,False,0.09375,False,16,low
1928,False,medium,False,False,0.0967741935483871,False,18,low
1929,False,medium,False,False,0.13114754098360656,False,13,high
1930,False,medium,False,False,0.04938271604938271,False,14,low
1931,False,medium,False,True,0.047619047619047616,False,17,low
1932,False,medium,False,False,0.0,False,16,none
1933,False,medium,False,False,0.22727272727272727,False,17,high
1934,False,short,False,False,0.11940298507462686,False,12,high
1935,False,short,False,False,0.09375,False,6,low
1936,False,short,False,False,0.2127659574468085,False,9,high
1937,False,long,False,False,0.02631578947368421,False,24,low
1938,False,medium,False,False,0.09375,False,15,low
1939,False,medium,False,False,0.05714285714285714,False,15,low
1940,False,short,False,False,0.05660377358490566,False,12,low
1941,True,medium,False,False,0.015384615384615385,False,16,low
1942,False,short,False,False,0.1951219512195122,False,10,high
1943,False,medium,False,False,0.2597402597402597,False,17,high
1944,False,long,False,False,0.1262135922330097,False,28,high
1945,False,short,False,False,0.08888888888888889,False,8,low
1946,False,short,False,False,0.0,False,11,none
1947,False,short,False,False,0.2,False,9,high
1948,False,short,False,False,0.1509433962264151,False,10,high
1949,True,short,False,False,0.08108108108108109,False,7,low
1950,False,short,False,False,0.16417910447761194,False,12,high
1951,False,medium,False,False,0.058823529411764705,False,14,low
1952,False,medium,False,False,0.14084507042253522,False,18,high
1953,True,short,False,False,0.12195121951219512,False,10,high
1954,True,long,False,True,0.029411764705882353,False,25,low
1955,False,long,True,True,0.06666666666666667,False,28,low
1956,False,medium,True,False,0.11764705882352941,False,14,high
1957,False,short,False,False,0.07692307692307693,False,9,low
1958,False,medium,False,False,0.1282051282051282,False,13,high
1959,True,medium,False,False,0.10112359550561797,False,13,high
1960,False,short,False,False,0.14814814814814814,False,11,high
1961,False,long,False,False,0.04424778761061947,False,20,low
1962,False,short,False,False,0.06976744186046512,False,11,low
1963,False,short,False,False,0.2962962962962963,False,4,high
1964,False,medium,False,False,0.375,False,16,high
1965,False,long,False,True,0.1875,False,27,high
1966,False,medium,False,False,0.09090909090909091,False,18,low
1967,False,short,False,False,0.05555555555555555,False,12,low
1968,False,medium,False,False,0.04,False,16,low
1969,False,long,False,True,0.03296703296703297,False,23,low
1970,False,medium,False,False,0.6612903225806451,False,15,high
1971,False,medium,False,False,0.07777777777777778,False,14,low
1972,False,short,False,False,0.8260869565217391,False,4,high
1973,False,medium,False,False,0.012195121951219513,False,17,low
1974,False,medium,False,False,0.09523809523809523,False,13,low
1975,False,short,False,False,0.13829787234042554,False,11,high
1976,False,short,False,True,0.046511627906976744,False,10,low
1977,False,short,False,False,0.36065573770491804,False,12,high
1978,False,long,False,False,0.10666666666666667,False,21,high
1979,True,long,False,False,1.0,False,22,high
1980,False,long,False,False,0.04672897196261682,False,27,low
1981,False,medium,False,False,0.022222222222222223,False,15,low
1982,False,short,False,False,0.06451612903225806,False,7,low
1983,False,short,False,False,0.11940298507462686,False,11,high
1984,False,long,False,True,0.02197802197802198,False,22,low
1985,False,long,False,True,0.05319148936170213,False,19,low
1986,False,long,False,True,0.009433962264150943,False,21,low
1987,False,long,False,True,0.07894736842105263,False,20,low
1988,False,short,False,False,0.03636363636363636,False,10,low
1989,False,medium,False,False,0.031914893617021274,False,18,low
1990,False,medium,False,False,0.029411764705882353,False,18,low
1991,False,medium,False,False,0.17525773195876287,True,16,high
1992,False,short,False,False,0.07692307692307693,False,5,low
1993,False,short,False,False,0.2222222222222222,False,2,high
1994,False,medium,False,False,0.15492957746478872,False,14,high
1995,True,medium,False,True,0.05970149253731343,False,15,low
1996,False,short,False,False,0.02564102564102564,False,9,low
1997,False,short,False,True,0.2222222222222222,False,4,high
1998,True,short,False,False,0.0,False,4,none
1999,False,short,False,False,0.06521739130434782,False,9,low
2000,False,long,False,False,0.012048192771084338,False,19,low
2001,False,medium,False,True,0.01,False,17,low
2002,False,medium,False,True,0.06521739130434782,False,13,low
2003,False,long,False,False,0.06976744186046512,False,19,low
2004,False,long,False,True,0.045454545454545456,False,22,low
2005,False,medium,False,False,0.19101123595505617,False,16,high
2006,False,short,False,True,0.09259259259259259,False,11,low
2007,False,long,False,True,0.02247191011235955,False,21,low
2008,False,medium,False,False,0.13559322033898305,False,15,high
2009,False,short,False,False,0.09090909090909091,False,9,low
2010,False,short,False,True,0.03278688524590164,False,11,low
2011,False,long,False,True,0.04040404040404041,False,23,low
2012,False,medium,False,False,0.21518987341772153,False,16,high
2013,False,medium,False,False,0.052083333333333336,False,17,low
2014,False,long,False,True,0.02197802197802198,False,23,low
2015,False,medium,False,False,0.030612244897959183,False,17,low
2016,False,long,False,True,0.023529411764705882,False,24,low
2017,False,long,False,False,0.0392156862745098,False,22,low
2018,False,long,True,True,0.017699115044247787,False,26,low
2019,False,short,False,False,0.018867924528301886,False,10,low
2020,False,medium,False,False,0.1388888888888889,False,13,high
2021,False,long,False,False,0.05333333333333334,False,19,low
2022,False,long,False,False,0.044444444444444446,False,19,low
2023,True,medium,False,False,0.24444444444444444,False,18,high
2024,True,medium,True,False,0.0,False,14,none
2025,False,short,False,False,0.2033898305084746,False,11,high
2026,True,short,False,False,0.15,False,7,high
2027,False,medium,False,False,0.047619047619047616,False,13,low
2028,True,medium,False,False,0.04225352112676056,False,14,low
2029,False,medium,False,True,0.10126582278481013,False,13,high
2030,False,medium,False,True,0.010526315789473684,False,18,low
2031,False,long,False,False,0.11702127659574468,False,19,high
2032,False,long,False,False,0.037383177570093455,False,22,low
2033,False,short,False,False,0.034482758620689655,False,11,low
2034,False,medium,False,True,0.08433734939759036,False,17,low
2035,False,long,False,False,0.08421052631578947,False,22,low
2036,False,long,False,True,0.043478260869565216,False,19,low
2037,True,medium,True,True,0.11842105263157894,False,18,high
2038,False,medium,False,False,0.125,False,14,high
2039,False,medium,False,False,0.037037037037037035,True,18,low
2040,False,short,True,False,0.0425531914893617,False,11,low
2041,False,long,False,False,0.08771929824561403,False,21,low
2042,False,short,False,False,0.16279069767441862,False,9,high
2043,False,long,False,True,0.061224489795918366,False,21,low
2044,False,short,False,False,0.07142857142857142,False,6,low
2045,False,short,False,False,0.1875,False,4,high
2046,False,long,False,False,0.011363636363636364,False,21,low
2047,False,medium,False,False,0.07216494845360824,False,16,low
2048,False,medium,False,True,0.037037037037037035,False,18,low
2049,False,long,False,False,0.06,False,23,low
2050,True,medium,False,False,0.16279069767441862,False,18,high
2051,False,medium,False,False,0.08602150537634409,False,14,low
2052,False,long,False,False,0.020202020202020204,False,23,low
2053,False,long,True,False,0.019230769230769232,False,22,low
2054,False,long,False,False,0.04807692307692308,False,23,low
2055,False,medium,False,False,0.05555555555555555,False,16,low
2056,False,short,False,False,0.16071428571428573,False,12,high
2057,False,medium,False,False,0.06451612903225806,False,17,low
2058,False,long,False,False,0.027777777777777776,False,29,low
2059,True,long,False,False,0.15873015873015872,False,21,high
2060,False,long,False,False,0.043010752688172046,False,20,low
2061,False,medium,False,True,0.04918032786885246,False,16,low
2062,False,medium,False,False,0.1111111111111111,False,15,high
2063,False,long,False,False,0.07291666666666667,False,19,low
2064,False,long,False,False,0.010869565217391304,False,22,low
2065,False,medium,False,False,0.11494252873563218,False,18,high
2066,False,medium,False,False,0.09722222222222222,False,14,low
2067,False,long,False,False,0.04854368932038835,False,22,low
2068,False,short,False,False,0.1518987341772152,False,10,high
2069,False,long,False,False,0.07692307692307693,False,21,low
2070,False,long,False,False,0.1,False,22,low
2071,False,medium,False,False,0.01694915254237288,False,13,low
2072,False,medium,False,False,0.1282051282051282,False,18,high
2073,False,medium,False,False,0.013333333333333334,False,18,low
2074,False,long,True,True,0.0425531914893617,False,22,low
2075,False,medium,False,False,0.04838709677419355,False,14,low
2076,False,long,False,False,0.07476635514018691,False,22,low
2077,False,short,False,False,0.8666666666666667,False,9,high
2078,False,long,False,True,0.06521739130434782,False,21,low
2079,False,long,False,False,0.0,False,21,none
2080,False,short,False,False,0.125,False,8,high
2081,False,short,False,False,0.15,False,12,high
2082,False,medium,True,True,0.10909090909090909,False,16,high
2083,False,medium,False,True,0.22340425531914893,False,15,high
2084,False,short,False,False,0.057692307692307696,False,11,low
2085,False,short,False,False,0.06818181818181818,False,8,low
2086,False,short,False,True,0.07547169811320754,False,12,low
2087,False,short,False,False,0.07352941176470588,False,12,low
2088,False,short,False,False,0.05660377358490566,False,10,low
2089,False,medium,True,False,0.12962962962962962,False,14,high
2090,True,medium,False,False,0.2125,False,15,high
2091,False,short,False,False,0.15625,False,5,high
2092,False,medium,False,False,0.09523809523809523,False,14,low
2093,False,medium,False,False,0.22727272727272727,False,14,high
2094,False,short,False,False,0.21739130434782608,False,8,high
2095,False,long,False,True,0.05555555555555555,False,23,low
2096,False,medium,False,True,0.042105263157894736,False,13,low
2097,True,short,False,False,0.0196078431372549,False,12,low
2098,False,short,False,False,0.038461538461538464,False,10,low
2099,False,short,False,False,0.08163265306122448,False,12,low
2100,False,long,False,False,0.1956521739130435,False,23,high
2101,False,medium,False,False,0.0,False,14,none
2102,False,short,False,False,0.45714285714285713,False,8,high
2103,False,long,False,False,0.018867924528301886,False,21,low
2104,False,medium,False,False,0.17721518987341772,False,17,high
2105,False,short,False,False,0.11904761904761904,False,7,high
2106,False,long,False,False,0.07216494845360824,False,27,low
2107,False,medium,False,False,0.07692307692307693,False,17,low
2108,False,medium,False,False,0.13793103448275862,False,14,high
2109,False,long,False,False,0.07291666666666667,False,20,low
2110,False,short,False,False,0.0975609756097561,False,12,low
2111,False,short,False,False,0.046511627906976744,False,11,low
2112,False,medium,False,False,0.031578947368421054,False,18,low
2113,False,medium,False,True,0.109375,False,13,high
2114,False,short,False,False,0.17307692307692307,False,12,high
2115,False,short,False,False,0.06451612903225806,False,8,low
2116,False,medium,False,False,0.0425531914893617,False,13,low
2117,False,medium,False,False,0.43103448275862066,False,14,high
2118,False,short,False,False,0.16666666666666666,False,6,high
2119,False,short,False,False,0.043478260869565216,False,12,low
2120,False,medium,False,True,0.08064516129032258,False,13,low
2121,True,short,False,False,0.08620689655172414,False,11,low
2122,False,medium,False,False,0.28865979381443296,False,18,high
2123,False,short,False,False,0.0,False,4,none
2124,False,short,False,False,0.13253012048192772,False,11,high
2125,False,long,False,True,0.09195402298850575,False,20,low
2126,False,medium,False,False,0.023255813953488372,False,18,low
2127,False,long,False,False,0.009615384615384616,False,21,low
2128,False,medium,False,True,0.03296703296703297,False,17,low
2129,False,long,False,False,0.0,False,21,none
2130,False,medium,False,True,0.07777777777777778,False,18,low
2131,False,long,False,False,0.08108108108108109,False,24,low
2132,True,long,False,False,0.16363636363636364,False,20,high
2133,False,short,False,False,0.22413793103448276,False,12,high
2134,False,long,False,False,0.043010752688172046,False,20,low
2135,False,short,False,False,0.15625,False,6,high
2136,False,short,False,False,0.0,False,12,none
2137,False,medium,False,False,0.1509433962264151,False,14,high
2138,True,medium,False,False,0.07207207207207207,False,14,low
2139,False,medium,False,False,0.07777777777777778,False,13,low
2140,False,short,False,True,0.21428571428571427,False,9,high
2141,False,medium,False,False,0.8985507246376812,False,13,high
2142,False,long,False,True,0.010526315789473684,False,20,low
2143,False,short,False,False,0.0,False,7,none
2144,False,medium,False,False,0.23728813559322035,False,17,high
2145,False,long,False,False,0.26436781609195403,False,19,high
2146,False,long,False,False,0.12631578947368421,False,27,high
2147,False,short,False,False,0.0784313725490196,False,11,low
2148,False,long,False,False,0.06521739130434782,False,22,low
2149,False,long,False,True,0.08035714285714286,False,24,low
2150,False,short,False,False,0.0,False,5,none
2151,False,medium,False,False,0.10344827586206896,False,13,high
2152,False,short,False,False,0.35,False,7,high
2153,False,short,False,False,0.14893617021276595,False,9,high
2154,False,medium,False,False,0.12790697674418605,False,16,high
2155,False,medium,False,False,0.014705882352941176,False,18,low
2156,False,medium,False,True,0.058823529411764705,False,15,low
2157,False,short,False,False,0.18309859154929578,False,10,high
2158,False,short,False,False,0.0,False,3,none
2159,False,long,False,False,0.0,False,19,none
2160,False,short,False,False,0.016129032258064516,False,11,low
2161,False,long,False,False,0.03669724770642202,False,19,low
2162,False,medium,False,False,0.03896103896103896,False,18,low
2163,False,medium,False,False,0.05970149253731343,False,17,low
2164,False,short,False,False,0.09090909090909091,False,11,low
2165,False,long,False,False,0.07216494845360824,False,24,low
2166,False,long,False,True,0.043478260869565216,False,19,low
2167,False,short,False,False,0.02631578947368421,False,7,low
2168,False,medium,False,False,0.06493506493506493,False,16,low
2169,False,short,False,False,0.0392156862745098,False,7,low
2170,False,short,False,False,0.7380952380952381,False,9,high
2171,False,short,False,False,0.0821917808219178,False,11,low
2172,True,long,False,True,0.030612244897959183,False,23,low
2173,False,short,False,False,0.023255813953488372,False,9,low
2174,False,medium,False,False,0.045454545454545456,False,18,low
2175,False,medium,False,False,0.16455696202531644,False,14,high
2176,False,long,False,True,0.009433962264150943,False,25,low
2177,True,long,False,True,0.011627906976744186,False,21,low
2178,False,long,False,False,0.031914893617021274,False,20,low
2179,False,short,False,False,0.07142857142857142,False,12,low
2180,False,long,False,False,0.4230769230769231,False,20,high
2181,False,medium,False,False,0.15151515151515152,False,13,high
2182,False,short,False,False,0.10256410256410256,False,9,high
2183,False,short,False,False,0.14925373134328357,False,11,high
2184,False,long,False,True,0.11009174311926606,False,20,high
2185,False,medium,False,True,0.014285714285714285,False,13,low
2186,False,short,False,False,0.275,False,6,high
2187,False,long,False,True,0.023529411764705882,False,20,low
2188,False,long,True,True,0.03260869565217391,False,19,low
2189,True,short,False,False,0.04,False,7,low
2190,False,long,False,False,0.07272727272727272,False,20,low
2191,False,short,False,False,0.061224489795918366,False,12,low
2192,False,long,False,False,0.022727272727272728,False,19,low
2193,False,long,False,True,0.08888888888888889,False,19,low
2194,False,short,False,False,0.08620689655172414,False,11,low
2195,False,short,False,False,0.031746031746031744,False,11,low
2196,False,short,False,False,0.24324324324324326,False,9,high
2197,False,medium,False,False,0.08045977011494253,False,15,low
2198,False,medium,False,False,0.0379746835443038,False,15,low
2199,False,short,False,False,0.1,False,10,low
2200,False,long,False,False,0.0,False,21,none
2201,False,long,False,True,0.041237113402061855,False,19,low
2202,False,medium,False,False,0.16901408450704225,False,14,high
2203,False,long,False,True,0.038461538461538464,False,19,low
2204,False,long,False,True,0.023255813953488372,False,20,low
2205,False,medium,False,False,0.11827956989247312,False,15,high
2206,False,medium,False,False,0.42857142857142855,False,15,high
2207,False,medium,False,False,0.058823529411764705,False,17,low
2208,False,long,False,False,0.03636363636363636,False,20,low
2209,False,short,False,False,0.058823529411764705,False,8,low
2210,True,medium,False,False,0.0,False,13,none
2211,True,medium,False,False,0.1095890410958904,True,14,high
2212,False,long,False,False,0.009259259259259259,False,20,low
2213,False,long,False,False,0.07526881720430108,False,20,low
2214,False,short,False,False,0.41333333333333333,False,10,high
2215,False,short,False,False,0.0784313725490196,False,11,low
2216,False,medium,False,False,0.011235955056179775,False,18,low
2217,False,short,False,False,0.13793103448275862,False,9,high
2218,False,short,False,False,0.08928571428571429,False,9,low
2219,False,medium,False,False,0.04918032786885246,False,17,low
2220,False,medium,False,False,0.0449438202247191,False,16,low
2221,False,long,False,False,0.10377358490566038,False,22,high
2222,False,medium,False,True,0.03389830508474576,False,16,low
2223,False,medium,False,False,0.08771929824561403,False,15,low
2224,False,short,False,False,0.06,False,11,low
2225,False,medium,False,False,0.009615384615384616,False,17,low
2226,False,long,False,False,0.1,False,19,low
2227,False,long,False,False,0.1,False,24,low
2228,False,medium,False,False,0.05063291139240506,False,18,low
2229,False,medium,False,False,0.14473684210526316,False,13,high
2230,False,medium,False,False,0.06382978723404255,False,18,low
2231,False,short,False,True,0.03333333333333333,False,7,low
2232,False,short,False,False,0.024390243902439025,False,10,low
2233,False,medium,False,False,0.0625,False,18,low
2234,False,medium,False,False,0.05194805194805195,False,18,low
2235,False,medium,False,False,0.19736842105263158,False,18,high
2236,False,short,False,False,0.15625,False,7,high
2237,False,short,False,False,0.06779661016949153,False,12,low
2238,False,short,False,False,0.07142857142857142,False,7,low
2239,False,medium,False,False,0.19480519480519481,False,14,high
2240,False,short,False,False,0.03571428571428571,False,7,low
2241,False,long,False,False,0.0125,False,19,low
2242,False,short,False,False,0.3382352941176471,False,11,high
2243,False,long,False,False,0.948051948051948,False,22,high
2244,False,long,False,True,0.06818181818181818,False,20,low
2245,False,medium,False,False,0.0,False,16,none
2246,False,medium,False,False,0.16,False,13,high
2247,False,short,True,False,0.11904761904761904,False,10,high
2248,True,medium,False,False,0.18333333333333332,False,13,high
2249,False,medium,False,False,0.05434782608695652,False,14,low
2250,False,medium,True,False,0.2236842105263158,False,15,high
2251,False,medium,True,True,0.052083333333333336,False,17,low
2252,False,short,False,False,0.0425531914893617,False,6,low
2253,False,long,False,False,0.075,False,20,low
2254,True,short,True,False,0.0,False,8,none
2255,False,short,False,False,0.15,False,1,high
2256,False,short,False,False,0.11627906976744186,False,10,high
2257,False,medium,False,False,0.12903225806451613,False,15,high
2258,False,medium,False,True,0.0625,False,18,low
2259,False,medium,False,False,0.16666666666666666,False,15,high
2260,False,short,False,False,0.11764705882352941,False,6,high
2261,False,long,False,False,0.125,False,19,high
2262,False,short,False,False,0.07692307692307693,False,8,low
2263,False,long,False,False,0.1111111111111111,False,19,high
2264,False,short,False,False,0.1794871794871795,False,8,high
2265,False,long,False,False,0.07042253521126761,False,19,low
2266,False,long,False,False,0.018691588785046728,False,27,low
2267,False,short,False,False,0.023255813953488372,False,9,low
2268,False,medium,False,False,0.041666666666666664,False,17,low
2269,False,short,False,False,0.11904761904761904,False,9,high
2270,False,long,False,False,0.04395604395604396,False,20,low
2271,False,long,False,False,0.06796116504854369,False,22,low
2272,False,medium,False,False,0.0,False,18,none
2273,False,long,False,True,0.05319148936170213,False,22,low
2274,False,short,False,False,0.09615384615384616,False,12,low
2275,False,medium,False,False,0.07407407407407407,False,18,low
2276,False,long,False,False,0.0196078431372549,False,21,low
2277,False,short,False,False,0.07894736842105263,False,7,low
2278,False,long,True,True,0.02197802197802198,False,20,low
2279,False,short,False,False,0.07142857142857142,False,7,low
2280,False,medium,False,True,0.08602150537634409,False,18,low
2281,False,medium,False,False,0.2753623188405797,False,17,high
2282,False,short,False,False,0.03636363636363636,False,8,low
2283,False,medium,False,False,0.075,False,17,low
2284,False,short,False,False,0.08,False,5,low
2285,True,medium,False,False,0.07936507936507936,False,16,low
2286,False,long,False,True,0.056179775280898875,False,21,low
2287,False,long,False,False,0.125,False,24,high
2288,False,medium,False,False,0.14666666666666667,False,13,high
2289,False,short,False,False,0.16666666666666666,False,7,high
2290,False,medium,False,True,0.29357798165137616,False,18,high
2291,False,medium,False,False,0.22413793103448276,False,15,high
2292,False,medium,False,False,0.0375,False,16,low
2293,False,long,False,True,0.11428571428571428,False,21,high
2294,False,short,False,False,0.1111111111111111,False,6,high
2295,False,medium,False,False,0.015151515151515152,False,16,low
2296,True,short,False,False,0.12195121951219512,False,9,high
2297,False,medium,False,True,0.23655913978494625,False,14,high
2298,False,long,False,False,0.10989010989010989,False,23,high
2299,False,short,False,False,0.0,False,4,none
2300,False,short,False,False,0.22727272727272727,False,3,high
2301,False,long,False,False,0.1111111111111111,False,20,high
2302,False,short,False,True,0.016666666666666666,False,11,low
2303,False,medium,False,False,0.1797752808988764,False,15,high
2304,False,short,False,False,0.18181818181818182,False,9,high
2305,False,long,True,True,0.13541666666666666,False,27,high
2306,False,medium,False,True,0.13636363636363635,False,14,high
2307,False,short,False,False,0.043478260869565216,False,8,low
2308,True,short,False,False,0.08108108108108109,False,9,low
2309,False,long,False,False,0.04950495049504951,False,23,low
2310,False,short,False,False,0.04,False,9,low
2311,False,short,False,False,0.18518518518518517,False,11,high
2312,False,long,False,False,0.13402061855670103,False,21,high
2313,False,medium,True,True,0.08490566037735849,False,18,low
2314,False,long,True,False,0.06329113924050633,False,20,low
2315,False,long,False,False,0.060240963855421686,False,19,low
2316,False,medium,False,False,0.04,False,18,low
2317,False,medium,True,True,0.08108108108108109,False,15,low
2318,False,long,False,False,0.044444444444444446,False,24,low
2319,False,medium,False,False,0.0,False,17,none
2320,False,long,False,False,0.04395604395604396,False,23,low
2321,False,medium,False,False,0.11688311688311688,False,18,high
2322,False,long,False,False,0.18518518518518517,False,20,high
2323,False,long,False,False,0.0,False,20,none
2324,False,short,False,False,0.1111111111111111,False,11,high
2325,False,short,False,False,0.08433734939759036,False,12,low
2326,False,medium,False,True,0.012987012987012988,False,17,low
2327,False,long,False,True,0.22988505747126436,False,21,high
2328,False,long,False,True,0.05504587155963303,False,29,low
2329,False,long,False,False,0.043478260869565216,False,24,low
2330,False,short,False,False,0.13157894736842105,False,12,high
2331,False,medium,False,False,0.1590909090909091,False,18,high
2332,False,short,False,False,0.11363636363636363,False,9,high
2333,False,long,True,True,0.02702702702702703,False,20,low
2334,False,medium,False,False,0.04225352112676056,False,13,low
2335,False,medium,False,False,0.0273972602739726,False,15,low
2336,False,long,False,True,0.03225806451612903,False,20,low
2337,False,medium,False,True,0.014705882352941176,False,16,low
2338,False,medium,False,False,0.046153846153846156,False,16,low
2339,False,medium,False,False,0.35526315789473684,False,13,high
2340,False,long,True,True,0.0851063829787234,False,22,low
2341,False,medium,False,False,0.01639344262295082,False,14,low
2342,False,medium,False,True,0.11764705882352941,False,16,high
2343,False,medium,False,False,0.14084507042253522,False,18,high
2344,False,short,False,False,0.14285714285714285,False,7,high
2345,False,long,True,False,0.009174311926605505,False,25,low
2346,False,short,False,False,0.24,False,7,high
2347,False,medium,False,False,0.04819277108433735,False,14,low
2348,False,short,False,False,0.07692307692307693,False,3,low
2349,False,medium,False,False,0.017857142857142856,False,13,low
2350,False,long,False,False,0.043010752688172046,False,21,low
2351,False,medium,False,False,0.03409090909090909,False,18,low
2352,False,medium,False,False,0.08974358974358974,False,16,low
2353,False,long,False,False,0.29411764705882354,False,19,high
2354,False,long,False,False,0.04807692307692308,False,24,low
2355,False,short,False,False,0.26666666666666666,False,11,high
2356,False,medium,False,False,0.05263157894736842,False,15,low
2357,False,medium,False,False,0.05405405405405406,False,14,low
2358,False,long,False,False,0.047058823529411764,False,21,low
2359,False,medium,False,False,0.07017543859649122,False,13,low
2360,False,long,False,False,0.017094017094017096,False,21,low
2361,False,short,False,False,0.0,False,7,none
2362,False,medium,False,False,0.18181818181818182,False,15,high
2363,False,medium,False,True,0.08064516129032258,False,16,low
2364,False,short,False,False,0.3055555555555556,False,9,high
2365,False,long,False,False,0.06382978723404255,False,23,low
2366,False,short,False,False,0.043478260869565216,False,10,low
2367,False,long,False,True,0.047058823529411764,False,20,low
2368,False,medium,True,True,0.08235294117647059,False,14,low
2369,False,long,False,True,0.0641025641025641,False,19,low
2370,True,short,False,False,0.10714285714285714,False,10,high
2371,False,short,False,False,0.12345679012345678,False,10,high
2372,False,medium,False,False,0.06451612903225806,False,14,low
2373,False,short,False,False,0.025,False,7,low
2374,False,short,False,False,0.02564102564102564,False,10,low
2375,False,short,False,False,0.07142857142857142,False,11,low
2376,False,medium,False,True,0.01282051282051282,False,17,low
2377,False,short,False,False,0.13043478260869565,False,8,high
2378,False,medium,False,False,0.12903225806451613,False,18,high
2379,False,long,False,False,0.10975609756097561,False,19,high
2380,False,medium,False,False,0.0,False,16,none
2381,False,long,False,False,0.13043478260869565,False,19,high
2382,True,short,False,False,0.046511627906976744,False,11,low
2383,False,medium,False,False,0.15053763440860216,False,17,high
2384,False,short,False,True,0.16326530612244897,False,12,high
2385,False,medium,False,False,0.017857142857142856,False,15,low
2386,True,long,False,True,0.11764705882352941,False,23,high
2387,False,short,False,False,0.047619047619047616,False,9,low
2388,False,short,False,False,0.1694915254237288,False,11,high
2389,False,short,False,False,0.875,False,9,high
2390,False,long,False,True,0.05555555555555555,False,20,low
2391,False,medium,False,False,0.07246376811594203,False,17,low
2392,False,short,True,False,0.11864406779661017,False,11,high
2393,False,medium,False,False,0.043010752688172046,False,18,low
2394,False,short,False,False,0.09090909090909091,False,10,low
2395,False,short,False,False,0.0851063829787234,False,6,low
2396,False,long,False,True,0.010869565217391304,False,20,low
2397,False,medium,False,False,0.26262626262626265,False,15,high
2398,False,medium,False,False,0.024691358024691357,False,18,low
2399,False,short,False,False,0.1,False,7,low
2400,False,short,False,False,0.12,False,6,high
2401,False,short,False,True,0.021739130434782608,False,12,low
2402,False,long,False,False,0.053763440860215055,False,19,low
2403,False,medium,False,False,0.05405405405405406,False,15,low
2404,False,long,False,False,0.13978494623655913,False,19,high
2405,False,medium,False,False,0.12195121951219512,False,18,high
2406,False,short,False,False,0.05555555555555555,False,11,low
2407,False,short,False,False,0.06976744186046512,False,12,low
2408,False,medium,False,False,0.052083333333333336,False,16,low
2409,False,short,False,False,0.13157894736842105,False,7,high
2410,False,long,False,False,0.06741573033707865,False,21,low
2411,False,long,False,False,0.010869565217391304,False,22,low
2412,False,long,False,False,0.09615384615384616,False,22,low
2413,False,long,False,False,0.009259259259259259,False,22,low
2414,False,short,False,False,0.13953488372093023,False,9,high
2415,False,short,False,False,0.05555555555555555,False,8,low
2416,False,short,False,False,0.03225806451612903,False,12,low
2417,False,short,False,True,0.10891089108910891,False,10,high
2418,False,medium,False,False,0.05555555555555555,False,13,low
2419,False,short,False,False,0.07894736842105263,False,9,low
2420,False,long,False,False,0.07,False,19,low
2421,False,medium,False,False,0.07352941176470588,False,16,low
2422,False,long,True,True,0.06593406593406594,False,21,low
2423,False,short,False,False,0.125,False,12,high
2424,False,medium,True,True,0.01639344262295082,False,15,low
2425,False,long,False,False,0.0851063829787234,False,21,low
2426,False,medium,False,False,0.203125,False,15,high
2427,False,medium,False,False,0.21839080459770116,False,17,high
2428,False,medium,False,False,0.047619047619047616,False,15,low
2429,False,medium,False,False,0.01639344262295082,False,13,low
2430,False,long,True,False,0.056818181818181816,False,20,low
2431,False,short,False,False,0.1728395061728395,False,12,high
2432,False,medium,False,True,0.18840579710144928,False,15,high
2433,False,medium,False,False,0.11702127659574468,False,15,high
2434,False,medium,False,False,0.20588235294117646,False,15,high
2435,False,long,False,False,0.053763440860215055,False,24,low
2436,False,long,False,False,0.24175824175824176,False,21,high
2437,False,medium,False,False,0.10810810810810811,False,13,high
2438,False,short,False,False,0.21568627450980393,False,10,high
2439,False,medium,False,False,0.109375,False,15,high
2440,True,short,False,False,0.1,False,6,low
2441,False,short,False,False,0.16666666666666666,False,7,high
2442,False,short,False,False,0.0975609756097561,False,8,low
2443,False,medium,False,False,0.0898876404494382,False,15,low
2444,False,long,False,True,0.039473684210526314,False,20,low
2445,False,medium,False,False,0.056338028169014086,False,17,low
2446,False,short,False,False,0.11627906976744186,False,12,high
2447,False,medium,False,True,0.2711864406779661,False,13,high
2448,False,long,False,True,0.018691588785046728,False,25,low
2449,False,short,False,False,0.14,False,9,high
2450,False,medium,False,True,0.05454545454545454,False,16,low
2451,False,long,False,False,0.056179775280898875,False,19,low
2452,False,short,False,False,0.07142857142857142,False,8,low
2453,False,medium,False,False,0.08571428571428572,False,15,low
2454,False,medium,False,True,0.03409090909090909,False,15,low
2455,False,long,False,True,0.07207207207207207,False,24,low
2456,False,medium,False,False,0.21794871794871795,False,14,high
2457,False,medium,False,False,0.01639344262295082,False,13,low
2458,False,short,False,False,0.05405405405405406,False,7,low
2459,False,medium,False,True,0.017857142857142856,False,17,low
2460,False,short,False,False,0.1111111111111111,False,1,high
2461,False,medium,False,False,0.11688311688311688,False,14,high
2462,False,medium,False,True,0.030303030303030304,False,17,low
2463,False,medium,False,True,0.02,False,14,low
2464,False,medium,False,False,0.05,False,15,low
2465,False,medium,False,False,0.15384615384615385,False,15,high
2466,False,short,False,False,0.038461538461538464,False,5,low
2467,False,short,False,False,0.06382978723404255,False,9,low
2468,False,short,False,False,0.22033898305084745,False,11,high
2469,False,medium,False,False,0.09722222222222222,False,13,low
2470,False,long,False,False,0.13513513513513514,False,19,high
2471,False,medium,False,False,0.2112676056338028,False,15,high
2472,False,short,False,False,0.058823529411764705,False,10,low
2473,False,short,False,True,0.058823529411764705,False,9,low
2474,False,medium,False,True,0.0891089108910891,False,18,low
2475,False,medium,False,False,0.054945054945054944,False,18,low
2476,False,short,False,False,0.14705882352941177,False,8,high
2477,False,long,True,True,0.05194805194805195,False,22,low
2478,False,medium,False,False,0.2545454545454545,False,13,high
2479,False,short,False,False,0.0,False,8,none
2480,False,long,False,True,0.0,False,21,none
2481,False,medium,False,False,0.12,False,17,high
2482,False,long,False,False,0.13978494623655913,False,19,high
2483,False,short,False,False,0.21153846153846154,False,12,high
2484,False,medium,False,False,0.07792207792207792,False,15,low
2485,False,long,False,True,0.0,False,31,none
2486,False,medium,False,False,0.014492753623188406,False,15,low
2487,False,medium,False,False,0.07954545454545454,False,14,low
2488,False,short,False,False,0.07547169811320754,False,9,low
2489,False,medium,True,False,0.043010752688172046,False,14,low
2490,False,long,False,True,0.04672897196261682,False,24,low
2491,False,long,False,True,0.026785714285714284,False,19,low
2492,False,medium,False,False,0.0891089108910891,False,18,low
2493,False,medium,False,False,0.09900990099009901,False,16,low
2494,False,medium,False,False,0.033707865168539325,False,14,low
2495,False,medium,False,False,0.027777777777777776,False,18,low
2496,False,short,False,False,0.07142857142857142,False,5,low
2497,False,short,False,False,0.04477611940298507,False,12,low
2498,False,long,False,False,0.15384615384615385,False,20,high
2499,False,short,False,False,0.0,False,5,none
2500,False,medium,False,False,0.075,False,17,low
2501,False,medium,False,False,0.08955223880597014,False,13,low
2502,False,short,False,False,0.06896551724137931,False,7,low
2503,False,medium,False,True,0.0,False,16,none
2504,False,medium,False,False,0.05063291139240506,False,16,low
2505,False,long,False,False,0.04424778761061947,False,21,low
2506,False,medium,False,True,0.012987012987012988,False,15,low
2507,False,short,False,False,0.13333333333333333,False,9,high
2508,False,medium,False,False,0.11688311688311688,False,16,high
2509,False,long,False,False,0.008771929824561403,False,20,low
2510,False,short,False,False,0.11428571428571428,False,5,high
2511,True,medium,False,False,0.03076923076923077,False,14,low
2512,False,short,False,False,0.23076923076923078,False,7,high
2513,False,short,False,False,0.02702702702702703,False,11,low
2514,False,short,False,False,0.04878048780487805,False,7,low
2515,False,short,False,False,0.08450704225352113,False,11,low
2516,False,short,False,False,0.07547169811320754,False,12,low
2517,False,short,False,False,0.06666666666666667,False,8,low
2518,False,long,False,False,0.08791208791208792,False,21,low
2519,False,medium,False,False,0.04918032786885246,False,15,low
2520,False,short,False,False,0.043478260869565216,False,11,low
2521,False,short,False,False,0.21428571428571427,False,8,high
2522,False,long,False,False,0.02247191011235955,True,22,low
2523,False,medium,False,False,0.1134020618556701,False,15,high
2524,False,medium,False,False,0.1375,False,17,high
2525,True,short,False,False,0.21311475409836064,False,12,high
2526,False,long,False,False,0.0125,False,20,low
2527,False,short,False,False,0.1111111111111111,False,11,high
2528,False,short,False,False,0.10638297872340426,False,10,high
2529,False,short,False,False,0.0,False,6,none
2530,False,short,False,False,0.0,False,6,none
2531,False,long,False,True,0.10465116279069768,False,21,high
2532,False,short,False,False,0.041666666666666664,False,7,low
2533,False,short,False,False,0.025,False,10,low
2534,False,short,True,False,0.175,False,7,high
2535,False,long,False,False,0.05333333333333334,False,20,low
2536,False,short,False,False,0.13793103448275862,False,7,high
2537,False,medium,False,True,0.078125,False,13,low
2538,False,long,False,True,0.04395604395604396,False,20,low
2539,False,long,False,False,0.01282051282051282,False,20,low
2540,False,long,True,False,0.04597701149425287,False,21,low
2541,False,medium,False,False,0.08333333333333333,False,13,low
2542,False,medium,False,False,0.056179775280898875,False,16,low
2543,False,short,False,False,0.14754098360655737,False,7,high
2544,False,short,False,False,0.03333333333333333,False,7,low
2545,False,medium,False,False,0.0641025641025641,False,13,low
2546,False,medium,False,False,0.08139534883720931,False,15,low
2547,False,short,False,False,0.03571428571428571,False,8,low
2548,True,short,False,False,0.058823529411764705,False,3,low
2549,False,short,True,False,0.06349206349206349,False,9,low
2550,False,long,False,False,0.04819277108433735,False,20,low
2551,False,medium,False,True,0.0,False,17,none
2552,False,short,False,False,0.18309859154929578,True,12,high
2553,False,short,False,False,0.03225806451612903,False,6,low
2554,True,medium,False,False,0.7096774193548387,False,14,high
2555,False,long,False,False,0.05660377358490566,False,21,low
2556,False,short,False,False,0.0625,False,3,low
2557,False,short,False,False,0.07142857142857142,False,2,low
2558,False,short,False,False,0.38235294117647056,False,8,high
2559,False,short,False,False,0.12987012987012986,False,9,high
2560,True,medium,False,False,0.0,False,15,none
2561,False,short,False,False,0.0,False,11,none
2562,False,short,False,False,0.03773584905660377,False,8,low
2563,False,medium,False,True,0.08064516129032258,False,15,low
2564,False,short,False,False,0.17543859649122806,False,8,high
2565,False,medium,False,False,0.12643678160919541,False,16,high
2566,False,medium,False,False,0.07142857142857142,False,16,low
2567,False,medium,False,False,0.05319148936170213,False,15,low
2568,False,short,False,False,0.0,False,11,none
2569,False,medium,False,False,0.1111111111111111,False,18,high
2570,True,short,False,False,0.0,False,9,none
2571,False,short,False,False,0.3076923076923077,False,9,high
2572,False,long,True,False,0.3894736842105263,False,25,high
2573,False,short,False,False,0.0963855421686747,False,12,low
2574,False,long,False,False,0.07142857142857142,False,20,low
2575,False,long,False,False,0.022727272727272728,False,20,low
2576,True,short,False,False,0.375,False,6,high
2577,False,short,False,False,0.16,False,11,high
2578,True,medium,False,False,0.011764705882352941,False,18,low
2579,False,short,False,False,0.07692307692307693,False,6,low
2580,False,medium,False,False,0.056818181818181816,False,16,low
2581,False,medium,False,False,0.0410958904109589,False,15,low
2582,False,medium,False,False,0.19230769230769232,False,13,high
2583,False,short,False,False,0.020833333333333332,False,9,low
2584,False,short,False,False,0.038461538461538464,False,9,low
2585,False,medium,False,False,0.09523809523809523,False,16,low
2586,False,short,False,False,0.08571428571428572,False,8,low
2587,False,medium,False,False,0.07766990291262135,False,18,low
2588,False,medium,False,False,0.05333333333333334,False,17,low
2589,True,medium,False,False,0.03636363636363636,False,18,low
2590,False,long,True,False,0.08791208791208792,False,20,low
2591,False,short,False,False,0.08823529411764706,False,8,low
2592,False,long,False,False,0.022988505747126436,False,23,low
2593,False,medium,False,False,0.16129032258064516,False,16,high
2594,False,short,False,False,0.15789473684210525,False,12,high
2595,False,long,False,True,0.045454545454545456,False,21,low
2596,False,medium,False,False,0.11688311688311688,False,17,high
2597,False,medium,False,False,0.075,False,18,low
2598,False,short,False,False,0.0625,False,6,low
2599,False,medium,False,True,0.13793103448275862,False,18,high
2600,True,medium,False,False,0.09722222222222222,False,17,low
2601,False,medium,False,False,0.07692307692307693,False,15,low
2602,True,short,False,False,0.1267605633802817,False,11,high
2603,False,long,False,False,0.0,False,21,none
2604,False,long,False,False,0.07058823529411765,False,20,low
2605,False,medium,False,False,0.1111111111111111,False,17,high
2606,False,short,False,False,0.16901408450704225,False,12,high
2607,False,short,False,False,0.1326530612244898,False,11,high
2608,False,long,True,True,0.0,False,21,none
2609,False,medium,False,True,0.10909090909090909,False,18,high
2610,False,medium,False,False,0.018518518518518517,False,15,low
2611,False,short,False,True,0.03389830508474576,False,11,low
2612,False,long,False,False,0.04395604395604396,False,19,low
2613,False,long,False,False,0.06481481481481481,False,22,low
2614,False,medium,False,True,0.2153846153846154,False,13,high
2615,False,long,False,True,0.06796116504854369,False,25,low
2616,False,medium,False,False,0.06756756756756757,False,17,low
2617,False,long,False,False,0.38271604938271603,False,21,high
2618,False,long,False,True,0.05952380952380952,False,20,low
2619,False,medium,False,False,0.13978494623655913,False,18,high
2620,False,short,True,False,0.07272727272727272,False,9,low
2621,False,medium,False,True,0.05263157894736842,False,18,low
2622,False,short,False,False,0.171875,False,12,high
2623,False,medium,False,False,0.09090909090909091,False,18,low
2624,False,medium,False,False,0.053763440860215055,False,18,low
2625,False,short,False,False,0.06,False,10,low
2626,False,long,True,True,0.35353535353535354,False,22,high
2627,False,long,False,False,0.04950495049504951,False,22,low
2628,False,short,False,False,0.0,False,8,none
2629,False,long,False,False,0.03225806451612903,False,19,low
2630,False,long,False,False,0.02666666666666667,False,19,low
2631,False,medium,False,False,0.08045977011494253,False,14,low
2632,False,long,False,False,0.012048192771084338,False,19,low
2633,False,medium,False,False,0.09523809523809523,False,13,low
2634,False,long,False,False,0.009523809523809525,False,27,low
2635,False,medium,False,True,0.17567567567567569,False,17,high
2636,False,medium,False,False,0.016666666666666666,False,13,low
2637,False,long,False,False,0.018518518518518517,False,23,low
2638,False,medium,True,False,0.06451612903225806,False,18,low
2639,False,short,False,False,0.0,False,11,none
2640,False,short,False,False,0.16,False,6,high
2641,False,medium,False,False,0.0,False,14,none
2642,False,short,False,True,0.15384615384615385,False,8,high
2643,False,short,False,False,0.16981132075471697,False,10,high
2644,False,short,False,False,0.02857142857142857,False,5,low
2645,False,medium,False,False,0.05405405405405406,False,17,low
2646,False,long,True,False,0.058823529411764705,False,21,low
2647,False,long,False,False,0.041666666666666664,False,19,low
2648,False,long,True,True,0.02197802197802198,False,21,low
2649,True,medium,False,False,0.07042253521126761,False,17,low
2650,False,short,False,False,0.14754098360655737,False,12,high
2651,False,long,False,False,0.02857142857142857,False,22,low
2652,False,short,False,False,0.05555555555555555,False,11,low
2653,False,short,False,False,0.0,True,12,none
2654,False,long,True,False,0.023529411764705882,False,19,low
2655,False,long,False,False,0.047619047619047616,False,19,low
2656,False,medium,False,False,0.07042253521126761,False,16,low
2657,False,medium,False,True,0.04477611940298507,False,14,low
2658,False,long,False,False,0.06306306306306306,False,21,low
2659,False,short,False,False,0.36923076923076925,True,6,high
2660,False,short,False,False,0.0945945945945946,False,11,low
2661,False,medium,False,False,0.09278350515463918,False,14,low
2662,False,medium,False,False,0.042105263157894736,False,18,low
2663,False,long,False,False,0.04854368932038835,False,25,low
2664,False,medium,True,False,1.0,False,16,high
2665,False,short,False,False,0.1,False,6,low
2666,False,short,False,False,0.0,False,10,none
2667,False,medium,False,False,0.1702127659574468,False,14,high
2668,False,medium,False,False,0.043478260869565216,False,16,low
2669,False,short,False,False,0.06,False,12,low
2670,False,medium,False,True,0.05194805194805195,False,16,low
2671,False,short,False,False,0.07272727272727272,False,9,low
2672,False,short,False,False,0.1590909090909091,False,9,high
2673,False,medium,False,False,0.17647058823529413,False,13,high
2674,False,long,False,False,0.05813953488372093,False,20,low
2675,True,short,False,False,0.14285714285714285,False,6,high
2676,False,medium,False,False,0.9230769230769231,False,13,high
2677,True,long,True,True,0.05102040816326531,False,28,low
2678,False,medium,False,False,0.234375,False,18,high
2679,False,short,False,False,0.024390243902439025,False,10,low
2680,False,long,False,True,0.028846153846153848,False,24,low
2681,False,medium,False,True,0.08196721311475409,False,18,low
2682,False,short,False,False,0.15217391304347827,False,12,high
2683,False,medium,False,False,0.06172839506172839,False,16,low
2684,False,long,False,False,0.043478260869565216,False,23,low
2685,False,medium,False,False,0.16129032258064516,False,15,high
2686,True,short,False,True,0.1276595744680851,True,9,high
2687,False,medium,False,False,0.46808510638297873,False,13,high
2688,False,medium,False,False,0.05194805194805195,False,16,low
2689,False,medium,False,False,0.014492753623188406,False,14,low
2690,False,long,False,False,0.039473684210526314,False,20,low
2691,False,medium,False,False,0.05263157894736842,False,14,low
2692,True,short,False,False,0.078125,False,10,low
2693,False,medium,False,False,0.027777777777777776,False,18,low
2694,False,short,False,False,0.07407407407407407,False,11,low
2695,False,medium,False,False,0.06666666666666667,False,16,low
2696,False,medium,False,False,0.1038961038961039,False,15,high
2697,False,medium,False,False,0.022222222222222223,False,18,low
2698,False,medium,False,False,0.015873015873015872,False,15,low
2699,False,medium,False,False,0.1506849315068493,False,13,high
2700,True,long,False,False,0.05660377358490566,False,19,low
2701,False,short,False,False,0.09302325581395349,False,10,low
2702,False,medium,True,False,0.22093023255813954,False,18,high
2703,False,long,True,False,0.020833333333333332,False,26,low
2704,False,short,False,False,0.06,False,8,low
2705,False,short,False,False,0.20512820512820512,False,6,high
2706,False,long,True,True,0.10126582278481013,False,19,high
2707,False,medium,False,False,0.014285714285714285,False,14,low
2708,False,medium,False,False,0.05714285714285714,False,18,low
2709,False,long,True,True,0.08771929824561403,False,24,low
2710,False,short,False,False,0.09876543209876543,False,10,low
2711,False,long,False,True,0.12048192771084337,False,23,high
2712,False,short,False,False,0.16,False,3,high
2713,False,medium,False,False,0.0625,False,15,low
2714,False,long,False,False,0.03125,False,19,low
2715,False,short,False,False,0.06944444444444445,False,12,low
2716,False,long,False,True,0.07017543859649122,False,23,low
2717,False,medium,False,False,0.07777777777777778,False,16,low
2718,False,short,True,False,0.022222222222222223,False,10,low
2719,False,short,False,False,0.06666666666666667,False,12,low
2720,False,short,False,False,0.06060606060606061,False,9,low
2721,False,medium,False,False,0.07608695652173914,False,15,low
2722,False,long,False,False,0.041666666666666664,False,19,low
2723,False,medium,False,False,0.10666666666666667,False,16,high
2724,True,long,False,False,0.09803921568627451,True,24,low
2725,False,long,False,False,0.044642857142857144,False,21,low
2726,False,medium,False,False,0.06976744186046512,False,16,low
2727,False,long,False,True,0.06306306306306306,False,25,low
2728,False,short,False,False,1.0,False,9,high
2729,False,medium,False,True,0.03225806451612903,False,18,low
2730,False,medium,False,False,0.08695652173913043,False,14,low
2731,False,short,False,False,0.08928571428571429,False,11,low
2732,False,medium,False,False,0.125,False,13,high
2733,False,short,False,False,0.10714285714285714,False,8,high
2734,False,long,False,False,0.054945054945054944,False,21,low
2735,False,short,False,False,0.0,False,11,none
2736,False,long,False,False,0.34285714285714286,False,20,high
2737,False,long,True,True,0.03260869565217391,False,19,low
2738,False,short,False,True,0.0425531914893617,False,11,low
2739,False,short,False,False,0.2222222222222222,False,3,high
2740,False,short,False,False,0.2777777777777778,False,5,high
2741,True,short,False,False,0.047619047619047616,False,11,low
2742,False,short,False,True,0.3617021276595745,False,11,high
2743,False,short,False,False,0.04,False,5,low
2744,False,long,False,True,0.07547169811320754,False,25,low
2745,False,short,False,False,0.8478260869565217,False,9,high
2746,False,short,False,False,0.06818181818181818,False,11,low
2747,False,medium,False,False,0.07777777777777778,False,15,low
2748,False,long,False,True,0.04424778761061947,False,21,low
2749,False,medium,True,False,0.05,False,14,low
2750,False,short,False,False,0.021052631578947368,False,10,low
2751,False,medium,False,False,0.04,False,17,low
2752,False,short,False,False,0.0,False,9,none
2753,False,medium,False,False,0.02531645569620253,False,17,low
2754,False,short,False,False,0.15384615384615385,False,11,high
2755,False,medium,True,True,0.10975609756097561,False,17,high
2756,False,long,False,False,0.021052631578947368,False,19,low
2757,False,short,False,False,0.1509433962264151,False,11,high
2758,False,short,False,False,0.06666666666666667,False,7,low
2759,False,medium,False,False,0.028169014084507043,False,14,low
2760,False,long,False,True,0.030927835051546393,False,20,low
2761,False,long,True,True,0.10526315789473684,True,24,high
2762,False,long,False,False,0.02,False,22,low
2763,False,short,False,False,0.19298245614035087,False,10,high
2764,False,short,False,False,0.2815533980582524,False,7,high
2765,False,medium,False,False,0.0,False,15,none
2766,False,medium,False,False,0.0410958904109589,False,13,low
2767,False,short,False,False,0.09090909090909091,False,6,low
2768,False,long,False,False,0.09433962264150944,False,21,low
2769,False,long,False,False,0.06451612903225806,False,22,low
2770,False,short,False,False,0.1509433962264151,False,9,high
2771,False,long,False,False,0.07894736842105263,False,23,low
2772,False,long,False,False,0.04938271604938271,False,20,low
2773,False,medium,False,False,0.19444444444444445,False,14,high
2774,False,short,False,False,0.05970149253731343,False,9,low
2775,False,short,False,False,0.06666666666666667,False,11,low
2776,False,long,False,True,0.07079646017699115,False,25,low
2777,False,short,False,False,0.28888888888888886,False,9,high
2778,False,medium,False,False,0.1111111111111111,False,17,high
2779,False,short,False,False,0.10204081632653061,False,8,high
2780,False,medium,False,False,0.1917808219178082,False,13,high
2781,False,medium,False,False,0.16666666666666666,False,16,high
2782,False,long,False,False,0.07,False,22,low
2783,False,short,False,False,0.17307692307692307,False,11,high
2784,False,short,False,False,0.014492753623188406,False,9,low
2785,False,medium,False,False,0.14634146341463414,False,16,high
2786,True,short,False,False,0.04878048780487805,False,12,low
2787,False,short,False,False,0.015384615384615385,False,12,low
2788,False,short,False,False,0.042105263157894736,False,11,low
2789,False,medium,False,False,0.013333333333333334,False,16,low
2790,False,medium,False,False,0.0625,False,15,low
2791,False,medium,False,False,0.0,False,13,none
2792,False,short,False,False,0.05555555555555555,False,8,low
2793,False,short,False,False,0.13953488372093023,False,10,high
2794,False,short,False,False,0.11538461538461539,False,9,high
2795,False,short,False,False,0.01694915254237288,False,11,low
2796,False,medium,False,False,0.16483516483516483,False,16,high
2797,False,short,False,False,0.05128205128205128,False,10,low
2798,True,short,False,False,0.09230769230769231,False,10,low
2799,False,short,False,False,0.0945945945945946,False,12,low
2800,True,long,False,False,0.08536585365853659,False,21,low
2801,False,medium,False,False,0.08333333333333333,False,15,low
2802,False,long,False,False,0.24719101123595505,False,19,high
2803,False,medium,False,False,0.07291666666666667,False,16,low
2804,False,long,False,False,0.053763440860215055,False,23,low
2805,False,long,False,False,0.041237113402061855,False,27,low
2806,False,long,False,True,0.10101010101010101,False,21,high
2807,False,medium,False,False,0.06896551724137931,False,18,low
2808,False,medium,False,False,0.03278688524590164,False,14,low
2809,False,long,False,False,0.0,False,24,none
2810,False,short,False,False,0.04,False,10,low
2811,False,medium,False,False,0.08450704225352113,False,15,low
2812,False,medium,False,True,0.020833333333333332,False,13,low
2813,False,long,False,True,0.037037037037037035,False,19,low
2814,False,medium,False,False,0.045454545454545456,False,16,low
2815,False,short,False,False,0.10869565217391304,False,11,high
2816,False,long,False,True,0.044444444444444446,False,19,low
2817,False,long,False,False,0.1744186046511628,False,19,high
2818,False,short,False,False,0.1568627450980392,False,12,high
2819,False,medium,False,False,0.0,False,14,none
2820,False,short,False,False,0.08333333333333333,False,4,low
2821,False,medium,False,False,0.1044776119402985,False,15,high
2822,False,medium,False,False,0.05,False,13,low
2823,False,long,False,True,0.05263157894736842,False,20,low
2824,False,short,False,True,0.05555555555555555,False,3,low
2825,False,short,False,False,0.11290322580645161,False,12,high
2826,False,long,False,True,0.034482758620689655,False,22,low
2827,False,short,False,False,0.09375,False,11,low
2828,True,short,False,False,0.024390243902439025,False,9,low
2829,False,medium,False,False,0.05434782608695652,False,18,low
2830,False,long,False,False,0.09090909090909091,False,23,low
2831,False,long,False,False,0.060240963855421686,False,21,low
2832,True,long,False,False,0.013333333333333334,True,21,low
2833,False,short,False,False,0.16,False,10,high
2834,False,medium,False,False,0.10666666666666667,False,14,high
2835,False,long,False,False,0.07608695652173914,False,24,low
2836,False,medium,False,False,0.0641025641025641,False,13,low
2837,False,short,False,False,0.11904761904761904,False,10,high
2838,False,short,False,False,0.14492753623188406,False,12,high
2839,False,long,False,False,0.07608695652173914,False,20,low
2840,False,long,False,False,0.11009174311926606,False,27,high
2841,False,short,False,False,0.19117647058823528,False,12,high
2842,False,medium,False,False,0.02197802197802198,False,16,low
2843,False,short,False,True,0.07547169811320754,False,9,low
2844,False,long,False,False,0.0,False,19,none
2845,False,short,False,False,0.07142857142857142,False,3,low
2846,False,short,False,False,0.07407407407407407,False,11,low
2847,False,medium,False,False,0.0,False,15,none
2848,False,short,False,False,0.041666666666666664,False,12,low
2849,False,medium,False,False,0.04838709677419355,False,13,low
2850,True,long,True,False,0.009433962264150943,False,27,low
2851,False,medium,False,False,0.08695652173913043,False,15,low
2852,False,long,False,False,0.10810810810810811,False,20,high
2853,False,long,False,False,0.02247191011235955,False,19,low
2854,False,long,False,False,0.011363636363636364,False,19,low
2855,False,long,False,True,0.057692307692307696,False,26,low
2856,False,medium,False,True,0.07692307692307693,False,16,low
2857,False,short,False,True,0.15789473684210525,False,5,high
2858,False,short,False,False,0.0,False,4,none
2859,False,long,False,False,0.034782608695652174,False,21,low
2860,False,long,True,False,1.0,False,21,high
2861,False,medium,False,True,0.0,False,18,none
2862,True,long,False,True,0.0,False,24,none
2863,False,long,False,False,0.05813953488372093,False,20,low
2864,False,long,False,True,0.05714285714285714,False,25,low
2865,False,medium,False,False,0.14634146341463414,False,13,high
2866,False,medium,False,False,0.011494252873563218,False,17,low
2867,False,long,False,False,0.056179775280898875,False,19,low
2868,False,medium,False,False,0.13793103448275862,False,17,high
2869,False,medium,False,False,0.07575757575757576,False,14,low
2870,False,short,False,False,0.023809523809523808,False,8,low
2871,False,short,False,False,0.2857142857142857,False,11,high
2872,False,short,False,False,0.017857142857142856,False,10,low
2873,False,medium,False,False,0.041666666666666664,False,15,low
2874,False,short,False,False,0.044444444444444446,False,8,low
2875,False,long,False,False,0.046296296296296294,False,26,low
2876,False,medium,False,False,0.10204081632653061,False,17,high
2877,True,medium,False,False,0.023529411764705882,False,18,low
2878,False,short,False,False,0.13725490196078433,False,10,high
2879,False,long,False,False,0.047058823529411764,False,20,low
2880,False,long,False,False,0.05952380952380952,False,20,low
2881,False,short,False,False,0.075,False,10,low
2882,False,long,False,False,0.125,False,19,high
2883,False,medium,False,False,0.09722222222222222,False,13,low
2884,False,short,False,False,0.0,False,5,none
2885,False,medium,False,False,0.09183673469387756,False,18,low
2886,False,medium,False,False,0.03508771929824561,False,15,low
2887,False,medium,True,True,0.0375,False,15,low
2888,False,medium,False,False,0.07462686567164178,False,16,low
2889,False,long,False,False,0.07058823529411765,False,20,low
2890,False,long,False,False,0.012345679012345678,False,19,low
2891,False,short,False,False,0.11475409836065574,False,12,high
2892,False,long,True,False,0.010869565217391304,False,19,low
2893,False,short,False,False,0.07547169811320754,False,9,low
2894,False,short,False,False,0.08163265306122448,False,12,low
2895,False,long,False,False,0.0,False,21,none
2896,False,medium,False,True,0.02531645569620253,False,18,low
2897,False,short,False,False,0.16666666666666666,False,9,high
2898,False,medium,False,False,0.05970149253731343,False,15,low
2899,False,long,False,True,0.043010752688172046,False,20,low
2900,False,medium,False,False,0.024096385542168676,False,17,low
2901,False,short,False,False,0.14893617021276595,False,12,high
2902,False,long,True,True,0.07407407407407407,False,19,low
2903,True,short,False,False,0.35294117647058826,False,6,high
2904,False,short,False,False,0.10344827586206896,False,11,high
2905,False,short,False,False,0.07272727272727272,False,11,low
2906,True,short,False,False,0.13513513513513514,False,8,high
2907,True,short,False,False,0.13043478260869565,False,5,high
2908,False,short,False,False,0.18421052631578946,False,6,high
2909,False,medium,False,False,0.8913043478260869,False,14,high
2910,False,medium,False,False,0.125,False,13,high
2911,False,medium,False,True,0.0821917808219178,False,18,low
2912,False,short,False,False,0.07142857142857142,False,9,low
2913,False,short,False,False,0.037037037037037035,False,9,low
2914,False,short,False,False,0.0,False,12,none
2915,True,medium,False,False,0.03508771929824561,False,18,low
2916,False,medium,False,False,0.10465116279069768,False,14,high
2917,True,medium,False,False,0.06557377049180328,False,16,low
2918,False,short,False,False,0.16129032258064516,False,7,high
2919,False,long,False,True,0.056338028169014086,True,20,low
2920,False,short,False,False,0.35714285714285715,False,4,high
2921,False,short,False,False,0.15384615384615385,False,9,high
2922,False,medium,False,False,0.021505376344086023,False,18,low
2923,False,short,False,False,0.1694915254237288,False,10,high
2924,False,long,False,True,0.06593406593406594,False,21,low
2925,False,short,False,False,0.21951219512195122,False,4,high
2926,False,long,False,False,0.011111111111111112,False,20,low
2927,False,medium,False,True,0.017857142857142856,False,15,low
2928,False,long,False,False,0.052083333333333336,False,24,low
2929,False,medium,False,False,0.05747126436781609,False,15,low
2930,True,long,False,False,0.031578947368421054,False,19,low
2931,False,short,False,False,0.07407407407407407,False,6,low
2932,False,long,False,False,0.0,False,19,none
2933,False,short,False,False,0.15555555555555556,False,11,high
2934,False,medium,False,False,0.013333333333333334,False,16,low
2935,False,short,False,False,0.05454545454545454,False,12,low
2936,False,long,False,False,0.030927835051546393,False,19,low
2937,False,short,False,False,0.06382978723404255,False,8,low
2938,False,long,False,False,0.04854368932038835,False,23,low
2939,False,medium,False,False,0.05084745762711865,False,14,low
2940,False,medium,False,False,0.027777777777777776,False,15,low
2941,False,medium,False,False,0.05405405405405406,False,15,low
2942,False,medium,False,False,0.0684931506849315,False,15,low
2943,False,medium,False,True,0.25,False,16,high
2944,True,short,False,False,0.027777777777777776,False,7,low
2945,False,short,False,False,0.03333333333333333,False,6,low
2946,False,long,True,False,0.08860759493670886,False,22,low
2947,False,medium,False,False,0.5333333333333333,False,17,high
2948,False,medium,False,False,0.08737864077669903,False,13,low
2949,False,long,False,True,0.09411764705882353,False,20,low
2950,False,short,False,False,0.04081632653061224,False,9,low
2951,False,medium,False,False,0.017543859649122806,False,13,low
2952,False,medium,True,True,0.0684931506849315,False,18,low
2953,False,short,False,False,0.18888888888888888,False,12,high
2954,False,long,False,True,0.024096385542168676,False,20,low
2955,False,long,False,False,0.06315789473684211,False,22,low
2956,False,long,False,True,0.06382978723404255,False,24,low
2957,False,long,False,False,0.05102040816326531,False,22,low
2958,False,short,False,False,0.0,False,9,none
2959,False,medium,False,False,0.11494252873563218,False,16,high
2960,False,long,False,False,0.11627906976744186,False,19,high
2961,False,short,False,False,0.0,False,5,none
2962,False,short,False,False,0.16,False,9,high
2963,False,medium,False,False,0.039473684210526314,False,17,low
2964,False,short,False,False,0.043478260869565216,False,8,low
2965,False,short,False,False,0.20588235294117646,False,6,high
2966,False,medium,False,False,0.0,False,13,none
2967,False,short,False,False,0.14583333333333334,False,9,high
2968,False,medium,False,False,0.06097560975609756,False,15,low
2969,False,long,False,False,0.05154639175257732,False,21,low
2970,False,long,False,False,0.2916666666666667,False,23,high
2971,True,long,False,False,0.03125,False,21,low
2972,False,medium,False,False,0.07407407407407407,False,14,low
2973,False,short,False,False,0.13253012048192772,False,10,high
2974,True,short,False,False,0.23809523809523808,False,3,high
2975,True,medium,False,False,0.08571428571428572,True,17,low
2976,True,medium,False,False,0.03225806451612903,False,18,low
2977,True,short,False,False,0.09090909090909091,False,11,low
2978,False,long,False,False,0.10126582278481013,False,19,high
2979,False,medium,False,False,0.14814814814814814,False,15,high
2980,False,long,False,False,0.06363636363636363,False,20,low
2981,False,long,False,False,0.10112359550561797,False,21,high
2982,False,short,False,False,0.0,False,11,none
2983,False,long,False,False,0.0392156862745098,False,24,low
2984,False,long,True,False,0.022988505747126436,False,19,low
2985,False,medium,False,False,0.05333333333333334,False,18,low
2986,False,medium,False,False,0.05154639175257732,False,18,low
2987,False,long,False,False,0.125,False,22,high
2988,False,medium,False,False,0.02197802197802198,False,17,low
2989,False,short,False,False,0.03508771929824561,False,11,low
2990,False,medium,True,True,0.038461538461538464,False,15,low
2991,False,short,False,False,0.1111111111111111,False,10,high
2992,False,medium,False,False,0.028169014084507043,False,16,low
2993,False,short,False,True,0.0,False,11,none
2994,False,medium,False,False,0.08571428571428572,False,15,low
2995,True,short,False,False,0.046153846153846156,False,12,low
2996,True,medium,False,False,0.08771929824561403,False,15,low
2997,False,short,False,False,0.13114754098360656,False,10,high
2998,False,medium,False,True,0.05970149253731343,False,13,low
2999,False,medium,False,False,0.16129032258064516,False,14,high
3000,False,short,False,False,0.029411764705882353,False,10,low
3001,False,long,False,False,0.09722222222222222,False,25,low
3002,False,long,True,True,0.07142857142857142,False,26,low
3003,False,medium,False,False,0.09574468085106383,False,15,low
3004,False,medium,False,False,0.16129032258064516,False,15,high
3005,False,long,False,False,0.06862745098039216,False,23,low
3006,False,short,True,False,0.044444444444444446,False,11,low
3007,False,medium,False,False,0.047619047619047616,False,16,low
3008,False,short,False,False,0.16981132075471697,False,11,high
3009,False,short,False,False,0.14035087719298245,False,11,high
3010,False,long,True,True,0.02666666666666667,False,19,low
3011,False,medium,False,False,0.1388888888888889,False,13,high
3012,False,short,False,False,0.06557377049180328,False,11,low
3013,False,long,False,False,0.043478260869565216,False,21,low
3014,False,medium,False,False,0.24074074074074073,False,14,high
3015,False,medium,False,False,0.08860759493670886,False,15,low
3016,False,medium,False,False,0.2459016393442623,False,13,high
3017,False,medium,False,True,0.2191780821917808,False,13,high
3018,True,long,True,False,0.05405405405405406,False,26,low
3019,False,long,False,False,0.08888888888888889,False,22,low
3020,False,short,False,False,0.041666666666666664,False,9,low
3021,False,short,False,False,0.0,False,6,none
3022,False,short,True,True,0.2037037037037037,False,10,high
3023,False,short,False,False,0.046875,False,12,low
3024,True,short,False,False,0.030303030303030304,False,6,low
3025,False,short,False,False,0.06,False,8,low
3026,False,short,False,False,0.08695652173913043,False,9,low
3027,False,short,False,False,0.0,False,8,none
3028,False,long,False,False,0.09876543209876543,False,19,low
3029,False,long,False,False,0.04819277108433735,False,19,low
3030,False,short,False,False,0.1111111111111111,False,9,high
3031,False,short,False,False,0.0625,False,9,low
3032,True,short,True,False,0.024390243902439025,False,10,low
3033,False,medium,False,False,0.08955223880597014,False,18,low
3034,False,short,False,False,0.07894736842105263,False,10,low
3035,False,medium,False,True,0.024096385542168676,False,15,low
3036,False,medium,False,True,0.09473684210526316,False,18,low
3037,False,short,False,False,0.2,False,5,high
3038,False,short,False,False,0.075,False,12,low
3039,True,short,False,False,0.12280701754385964,False,11,high
3040,False,short,False,False,0.6176470588235294,False,11,high
3041,False,medium,False,True,0.06349206349206349,False,17,low
3042,True,medium,False,False,0.07228915662650602,False,14,low
3043,False,medium,False,False,0.07575757575757576,False,13,low
3044,False,long,False,False,0.10588235294117647,False,20,high
3045,False,short,False,False,0.03773584905660377,False,10,low
3046,True,short,False,False,0.15384615384615385,False,8,high
3047,False,medium,False,False,0.07936507936507936,False,17,low
3048,False,long,False,False,0.12222222222222222,False,20,high
3049,False,short,False,False,0.061224489795918366,False,9,low
3050,False,medium,False,False,0.07766990291262135,False,18,low
3051,False,short,False,False,0.06,False,8,low
3052,False,short,False,False,0.1746031746031746,False,11,high
3053,False,medium,False,False,0.11494252873563218,False,18,high
3054,False,short,False,False,0.125,False,5,high
3055,False,medium,False,False,0.052083333333333336,False,14,low
3056,False,short,False,False,0.15384615384615385,False,10,high
3057,False,short,False,False,0.19753086419753085,False,10,high
3058,False,medium,False,True,0.16101694915254236,False,15,high
3059,False,medium,False,False,0.125,False,14,high
3060,False,short,False,False,0.021739130434782608,False,10,low
3061,False,medium,False,False,0.07894736842105263,False,16,low
3062,False,medium,False,True,0.17045454545454544,False,18,high
3063,False,long,False,True,0.018518518518518517,False,19,low
3064,False,long,False,True,0.009615384615384616,False,25,low
3065,False,short,False,False,0.16666666666666666,True,7,high
3066,False,long,False,False,0.020833333333333332,False,21,low
3067,False,short,False,True,0.24324324324324326,False,8,high
3068,False,long,False,True,0.043010752688172046,False,26,low
3069,False,medium,False,False,0.16666666666666666,False,14,high
3070,False,short,False,False,0.16666666666666666,False,11,high
3071,False,short,False,False,0.0,False,9,none
3072,False,short,False,False,0.0,False,5,none
3073,False,medium,False,False,0.07920792079207921,False,16,low
3074,False,medium,False,False,0.07368421052631578,False,17,low
3075,False,medium,False,True,0.012987012987012988,False,17,low
3076,False,medium,False,False,0.38461538461538464,True,13,high
3077,False,short,False,False,0.09090909090909091,False,9,low
3078,False,short,False,False,0.047619047619047616,False,5,low
3079,False,long,True,False,0.018018018018018018,False,20,low
3080,False,medium,False,False,0.15384615384615385,False,15,high
3081,True,long,False,False,0.011904761904761904,False,20,low
3082,False,short,False,True,0.0975609756097561,False,12,low
3083,False,short,False,False,0.1836734693877551,False,7,high
3084,False,medium,False,False,0.0547945205479452,False,16,low
3085,False,medium,False,False,0.034482758620689655,False,14,low
3086,False,long,False,False,0.07894736842105263,False,22,low
3087,False,short,False,False,0.1568627450980392,False,8,high
3088,False,short,False,False,0.15625,False,6,high
3089,False,short,False,False,0.08064516129032258,False,11,low
3090,False,medium,False,False,0.1875,False,16,high
3091,False,long,False,True,0.05555555555555555,False,20,low
3092,False,medium,False,False,0.05263157894736842,False,15,low
3093,False,short,False,True,0.0945945945945946,False,10,low
3094,False,short,False,False,0.0,False,8,none
3095,False,short,False,False,0.13793103448275862,False,6,high
3096,False,medium,False,True,0.06521739130434782,False,16,low
3097,False,medium,False,False,0.14084507042253522,False,14,high
3098,False,long,False,True,0.025,False,20,low
3099,False,short,False,False,0.08333333333333333,False,11,low
3100,False,medium,False,False,0.0851063829787234,False,13,low
3101,False,medium,False,False,0.22077922077922077,False,15,high
3102,False,medium,False,False,0.031578947368421054,False,18,low
3103,False,short,False,False,0.125,False,1,high
3104,False,long,False,False,0.0,False,22,none
3105,False,long,False,False,0.06172839506172839,False,19,low
3106,False,short,False,False,0.023809523809523808,False,8,low
3107,False,short,False,False,0.5604395604395604,False,12,high
3108,False,long,True,False,0.07142857142857142,False,24,low
3109,False,short,False,False,0.09090909090909091,False,9,low
3110,False,medium,True,False,0.11267605633802817,False,18,high
3111,False,short,False,False,0.14285714285714285,False,4,high
3112,False,short,False,False,0.02631578947368421,False,9,low
3113,False,short,False,False,0.058823529411764705,False,9,low
3114,True,short,False,False,0.13333333333333333,False,11,high
3115,False,medium,False,False,0.1111111111111111,False,18,high
3116,False,medium,False,False,0.0898876404494382,False,17,low
3117,False,short,False,False,0.2153846153846154,False,9,high
3118,False,long,False,False,0.043010752688172046,False,22,low
3119,False,short,False,False,0.10714285714285714,False,5,high
3120,False,medium,False,False,0.020833333333333332,False,17,low
3121,False,medium,False,False,0.06557377049180328,False,13,low
3122,False,medium,False,False,0.2815533980582524,False,15,high
3123,False,long,False,False,0.058823529411764705,False,20,low
3124,False,long,False,True,0.09876543209876543,False,22,low
3125,False,long,True,False,0.0,False,21,none
3126,False,short,False,False,0.05172413793103448,False,11,low
3127,True,long,True,False,0.011363636363636364,False,24,low
3128,False,medium,False,True,0.04,False,16,low
3129,False,long,False,False,0.017699115044247787,False,23,low
3130,True,medium,False,False,0.0,False,14,none
3131,False,short,False,False,0.07692307692307693,False,5,low
3132,False,long,False,False,0.11711711711711711,False,23,high
3133,False,medium,False,False,0.3484848484848485,False,13,high
3134,False,short,False,False,0.17777777777777778,False,8,high
3135,False,short,False,False,0.05555555555555555,False,8,low
3136,False,medium,False,False,0.06666666666666667,False,13,low
3137,False,short,False,False,0.04411764705882353,True,10,low
3138,False,long,False,False,0.0684931506849315,False,19,low
3139,False,long,False,True,0.012048192771084338,False,19,low
3140,False,medium,False,False,0.021505376344086023,False,17,low
3141,False,long,False,False,0.15555555555555556,False,21,high
3142,False,medium,False,False,0.12307692307692308,False,13,high
3143,False,short,False,False,0.015151515151515152,False,11,low
3144,False,medium,False,False,0.10126582278481013,False,17,high
3145,False,short,False,False,0.1694915254237288,False,6,high
3146,False,long,False,False,0.10989010989010989,False,19,high
3147,False,long,False,True,0.057692307692307696,False,26,low
3148,False,long,False,False,0.035398230088495575,False,22,low
3149,True,short,False,False,0.10810810810810811,False,9,high
3150,False,medium,False,False,0.08823529411764706,False,13,low
3151,False,long,False,False,0.08737864077669903,False,22,low
3152,False,medium,False,False,0.06896551724137931,False,13,low
3153,False,long,False,False,0.012195121951219513,False,23,low
3154,False,short,False,False,0.061224489795918366,False,8,low
3155,False,long,False,False,0.031578947368421054,False,19,low
3156,False,short,False,False,0.09523809523809523,False,11,low
3157,False,long,False,False,0.0782608695652174,False,19,low
3158,False,short,False,False,0.13114754098360656,False,11,high
3159,False,medium,False,False,0.125,False,14,high
3160,False,medium,False,True,0.07407407407407407,False,15,low
3161,False,medium,True,False,0.0,False,13,none
3162,False,long,False,False,0.06593406593406594,False,22,low
3163,False,medium,False,False,0.027777777777777776,False,17,low
3164,False,short,False,False,0.08823529411764706,False,10,low
3165,False,long,True,True,0.056179775280898875,False,20,low
3166,False,long,True,True,0.05128205128205128,False,20,low
3167,False,long,False,False,0.18292682926829268,False,20,high
3168,False,medium,False,False,0.047058823529411764,False,17,low
3169,False,medium,False,False,0.07228915662650602,False,17,low
3170,False,medium,False,False,0.047619047619047616,False,18,low
3171,False,short,False,False,0.07692307692307693,False,3,low
3172,False,medium,False,False,0.05,False,18,low
3173,True,medium,False,False,0.030303030303030304,False,15,low
3174,False,short,False,False,0.13114754098360656,False,12,high
3175,False,short,False,True,0.039473684210526314,False,12,low
3176,True,long,False,False,0.1276595744680851,False,21,high
3177,False,long,False,False,0.4069767441860465,False,19,high
3178,False,long,False,True,0.15217391304347827,False,23,high
3179,False,short,False,False,0.08333333333333333,False,10,low
3180,False,medium,True,False,0.011111111111111112,False,16,low
3181,True,medium,False,False,0.1111111111111111,False,14,high
3182,False,short,False,False,0.15789473684210525,False,3,high
3183,False,medium,False,True,0.08,False,18,low
3184,False,short,False,False,0.11956521739130435,False,8,high
3185,True,medium,False,False,0.06382978723404255,False,15,low
3186,False,short,False,False,0.12903225806451613,False,10,high
3187,False,long,True,True,0.04395604395604396,False,20,low
3188,False,long,False,True,0.07,False,24,low
3189,False,medium,False,False,0.07692307692307693,False,14,low
3190,False,medium,False,False,0.2641509433962264,False,13,high
3191,False,medium,False,False,0.13541666666666666,False,17,high
3192,False,long,False,False,0.043478260869565216,False,20,low
3193,False,long,False,True,0.2625,False,20,high
3194,False,medium,False,False,0.078125,False,14,low
3195,True,short,False,False,0.043478260869565216,False,3,low
3196,False,medium,False,False,0.08695652173913043,False,14,low
3197,False,short,False,True,0.0,False,12,none
3198,False,short,False,False,0.024390243902439025,False,5,low
3199,False,short,False,False,0.07692307692307693,False,5,low
3200,False,short,False,False,0.029411764705882353,False,8,low
3201,True,long,False,False,0.05154639175257732,False,21,low
3202,False,long,False,False,0.1282051282051282,False,19,high
3203,False,short,False,False,0.12698412698412698,False,6,high
3204,False,short,False,False,0.19230769230769232,False,2,high
3205,False,long,False,True,0.009009009009009009,False,19,low
3206,False,short,False,False,0.1276595744680851,False,6,high
3207,False,short,False,False,0.11538461538461539,False,4,high
3208,False,short,False,False,0.1836734693877551,False,6,high
3209,False,long,False,False,0.009900990099009901,False,21,low
3210,False,medium,False,False,0.07058823529411765,False,16,low
3211,False,medium,False,True,0.0547945205479452,False,15,low
3212,False,medium,False,False,0.03389830508474576,False,14,low
3213,False,long,False,False,0.02702702702702703,False,21,low
3214,False,medium,False,False,0.10344827586206896,False,14,high
3215,False,medium,False,False,0.21212121212121213,False,15,high
3216,False,medium,False,False,0.0273972602739726,False,15,low
3217,False,short,False,False,0.08196721311475409,False,11,low
3218,False,short,False,False,0.06451612903225806,False,4,low
3219,False,medium,False,False,0.3018867924528302,False,14,high
3220,False,short,False,False,0.07547169811320754,False,9,low
3221,False,long,True,False,0.056179775280898875,False,21,low
3222,False,medium,False,False,0.025974025974025976,False,15,low
3223,False,medium,False,True,0.03225806451612903,False,17,low
3224,False,long,True,False,0.18811881188118812,False,21,high
3225,False,medium,False,False,0.10204081632653061,False,13,high
3226,False,medium,False,True,0.07291666666666667,False,18,low
3227,False,medium,False,False,0.22018348623853212,False,15,high
3228,False,medium,False,False,0.04,False,17,low
3229,False,medium,False,True,0.03333333333333333,False,13,low
3230,False,short,False,False,0.10638297872340426,False,8,high
3231,False,long,False,False,0.10714285714285714,False,20,high
3232,False,short,False,False,0.12162162162162163,False,11,high
3233,False,long,False,False,0.0875,False,19,low
3234,False,long,False,True,0.11494252873563218,False,25,high
3235,False,short,False,False,0.25,False,12,high
3236,False,medium,False,False,0.07575757575757576,False,15,low
3237,False,medium,False,False,0.15853658536585366,False,16,high
3238,False,short,False,False,0.0625,False,5,low
3239,True,medium,False,False,0.06666666666666667,False,18,low
3240,False,long,False,False,0.07954545454545454,False,22,low
3241,False,short,False,False,0.020833333333333332,False,11,low
3242,False,short,False,False,0.04878048780487805,False,6,low
3243,False,short,False,True,0.07317073170731707,False,9,low
3244,False,medium,False,False,0.14864864864864866,False,13,high
3245,False,long,False,False,0.16666666666666666,False,23,high
3246,False,short,False,True,0.18032786885245902,False,12,high
3247,False,long,True,True,0.0660377358490566,False,22,low
3248,False,long,False,False,0.0196078431372549,False,27,low
3249,False,long,False,False,0.09900990099009901,False,23,low
3250,False,long,False,False,0.05555555555555555,False,23,low
3251,False,long,False,False,0.1917808219178082,False,20,high
3252,False,medium,False,False,0.14,False,13,high
3253,False,medium,False,False,0.17721518987341772,False,16,high
3254,False,short,False,True,0.1276595744680851,False,10,high
3255,False,short,False,False,0.23255813953488372,False,11,high
3256,False,short,False,False,0.14285714285714285,False,1,high
3257,True,short,False,False,0.023809523809523808,False,5,low
3258,False,short,False,False,0.02127659574468085,False,10,low
3259,False,medium,False,False,0.3707865168539326,False,16,high
3260,False,medium,False,False,0.041666666666666664,False,13,low
3261,False,short,False,False,0.21052631578947367,False,2,high
3262,False,long,False,True,0.020618556701030927,False,26,low
3263,False,short,False,False,0.14893617021276595,False,8,high
3264,False,short,False,False,0.16666666666666666,False,3,high
3265,False,short,False,False,0.06451612903225806,False,7,low
3266,False,medium,False,True,0.109375,False,15,high
3267,True,short,False,False,0.13333333333333333,False,11,high
3268,False,short,False,False,0.13793103448275862,False,11,high
3269,False,long,False,False,0.01818181818181818,False,28,low
3270,False,short,False,False,0.23076923076923078,False,8,high
3271,False,short,False,False,0.0,False,8,none
3272,False,medium,False,False,0.23076923076923078,False,18,high
3273,False,medium,False,False,0.057971014492753624,False,16,low
3274,False,long,False,False,0.04672897196261682,False,24,low
3275,False,short,False,False,0.0,False,2,none
3276,False,long,False,False,0.0,False,24,none
3277,False,short,False,False,0.25,False,10,high
3278,False,long,False,False,0.07758620689655173,False,19,low
3279,True,medium,False,False,0.13333333333333333,False,15,high
3280,False,short,False,False,0.15217391304347827,False,9,high
3281,False,long,False,False,0.06521739130434782,False,21,low
3282,False,medium,False,False,0.4594594594594595,False,13,high
3283,False,short,False,False,0.1111111111111111,False,8,high
3284,False,medium,False,False,0.06944444444444445,False,16,low
3285,False,medium,False,False,0.08,False,18,low
3286,False,medium,False,False,0.4852941176470588,False,16,high
3287,False,short,False,False,0.13725490196078433,False,8,high
3288,False,long,False,True,0.03333333333333333,False,23,low
3289,False,medium,False,False,0.030303030303030304,False,18,low
3290,False,medium,False,False,0.08791208791208792,False,15,low
3291,False,medium,True,True,0.042105263157894736,False,18,low
3292,False,long,False,False,0.03125,False,25,low
3293,False,short,False,False,0.22641509433962265,False,7,high
3294,False,medium,False,True,0.06976744186046512,False,18,low
3295,False,medium,False,True,0.03529411764705882,False,18,low
3296,False,short,False,False,0.15384615384615385,False,7,high
3297,False,medium,False,False,0.3225806451612903,False,14,high
3298,False,medium,False,False,0.13978494623655913,False,16,high
3299,False,short,False,False,0.038461538461538464,False,12,low
3300,False,medium,False,False,0.0136986301369863,False,18,low
3301,False,medium,False,True,0.078125,False,18,low
3302,False,short,False,False,0.18333333333333332,False,12,high
3303,False,medium,False,False,0.12359550561797752,False,18,high
3304,False,long,True,False,0.038834951456310676,False,19,low
3305,False,short,False,True,0.14285714285714285,False,10,high
3306,False,medium,False,True,0.010638297872340425,False,18,low
3307,False,long,True,False,0.04807692307692308,False,24,low
3308,False,long,False,False,0.02912621359223301,False,21,low
3309,False,medium,False,False,0.06329113924050633,False,15,low
3310,False,medium,False,False,0.39473684210526316,False,15,high
3311,False,short,False,False,0.016666666666666666,False,12,low
3312,False,long,False,False,0.09183673469387756,False,25,low
3313,False,short,False,False,0.12121212121212122,False,12,high
3314,False,short,False,False,0.015873015873015872,False,12,low
3315,False,medium,False,True,0.028985507246376812,False,16,low
3316,True,short,False,False,0.1282051282051282,False,8,high
3317,False,medium,False,False,0.1414141414141414,False,17,high
3318,False,medium,False,False,0.06818181818181818,False,13,low
3319,False,medium,False,True,0.09523809523809523,False,15,low
3320,False,short,False,False,0.38095238095238093,False,9,high
3321,False,medium,False,False,0.07692307692307693,False,13,low
3322,False,short,False,False,0.125,False,11,high
3323,False,short,False,False,0.1,False,10,low
3324,False,medium,False,False,0.09615384615384616,False,13,low
3325,False,long,False,False,0.021052631578947368,False,22,low
3326,False,long,False,False,0.011235955056179775,False,24,low
3327,False,long,False,False,0.13253012048192772,False,19,high
3328,False,short,False,False,0.038461538461538464,False,5,low
3329,False,medium,False,False,0.014925373134328358,False,15,low
3330,False,medium,False,True,0.08045977011494253,False,18,low
3331,False,short,False,False,0.22,False,10,high
3332,False,medium,False,True,0.12048192771084337,False,17,high
3333,False,long,False,False,0.06451612903225806,False,24,low
3334,False,long,False,False,0.054945054945054944,False,19,low
3335,False,medium,False,False,0.05084745762711865,False,16,low
3336,False,long,False,False,0.05454545454545454,False,26,low
3337,False,long,False,False,0.10869565217391304,False,20,high
3338,False,medium,False,False,0.03896103896103896,False,16,low
3339,False,medium,False,False,0.06578947368421052,False,16,low
3340,True,medium,False,True,0.025,False,13,low
3341,False,short,False,False,0.2,False,2,high
3342,False,long,False,False,0.022727272727272728,False,20,low
3343,False,long,False,False,0.30952380952380953,False,19,high
3344,False,medium,False,False,0.2153846153846154,False,14,high
3345,False,long,False,False,0.024390243902439025,False,22,low
3346,False,medium,False,True,0.03896103896103896,False,14,low
3347,False,long,False,True,0.06451612903225806,False,19,low
3348,False,medium,False,False,0.5333333333333333,False,14,high
3349,False,long,False,True,0.03669724770642202,False,24,low
3350,False,long,False,False,0.09574468085106383,False,19,low
3351,False,medium,False,False,0.10810810810810811,False,14,high
3352,True,short,False,True,0.125,False,6,high
3353,False,long,False,False,0.1282051282051282,False,23,high
3354,False,medium,False,True,0.030303030303030304,False,15,low
3355,False,short,False,False,0.10416666666666667,False,11,high
3356,True,long,False,True,0.36046511627906974,False,20,high
3357,False,long,False,False,0.009708737864077669,False,23,low
3358,False,short,False,False,0.1956521739130435,False,4,high
3359,False,medium,False,False,0.05747126436781609,False,16,low
3360,False,short,False,False,0.06666666666666667,False,2,low
3361,False,long,False,False,0.037037037037037035,False,26,low
3362,False,long,True,False,0.017391304347826087,False,22,low
3363,False,long,False,False,0.07526881720430108,False,23,low
3364,True,long,True,True,0.07246376811594203,False,22,low
3365,False,short,False,False,0.09090909090909091,False,5,low
3366,False,short,False,False,0.0,True,11,none
3367,False,medium,False,False,0.03225806451612903,False,18,low
3368,False,short,False,False,0.043478260869565216,False,11,low
3369,False,medium,False,False,0.21428571428571427,False,14,high
3370,False,short,False,False,0.09523809523809523,False,12,low
3371,False,short,False,False,0.16666666666666666,False,4,high
3372,False,medium,False,False,0.058823529411764705,False,17,low
3373,False,medium,False,True,0.016666666666666666,False,15,low
3374,False,medium,False,True,0.057971014492753624,False,16,low
3375,False,medium,False,False,0.0,False,15,none
3376,False,medium,False,False,0.05952380952380952,False,16,low
3377,False,medium,False,False,0.02857142857142857,False,18,low
3378,False,medium,False,False,0.0847457627118644,False,13,low
3379,False,short,False,False,0.17391304347826086,False,11,high
3380,False,medium,False,False,0.44329896907216493,False,18,high
3381,False,short,False,False,0.08333333333333333,False,11,low
3382,False,short,False,False,0.034482758620689655,False,8,low
3383,False,short,False,False,0.13432835820895522,False,8,high
3384,True,short,False,False,0.06060606060606061,False,9,low
3385,False,short,False,False,0.023809523809523808,False,8,low
3386,False,short,False,False,0.09803921568627451,False,9,low
3387,False,long,False,True,0.11363636363636363,False,21,high
3388,False,short,False,True,0.023809523809523808,False,10,low
3389,False,long,False,False,0.041666666666666664,False,24,low
3390,False,short,False,False,0.1,False,9,low
3391,False,medium,False,False,0.03896103896103896,False,17,low
3392,False,long,False,False,0.06315789473684211,False,21,low
3393,False,short,False,False,0.0,False,8,none
3394,False,short,False,True,0.09090909090909091,False,7,low
3395,False,short,False,False,0.10714285714285714,False,9,high
3396,False,medium,False,False,0.024390243902439025,False,17,low
3397,False,medium,False,False,0.018518518518518517,False,14,low
3398,False,short,False,False,0.0,False,8,none
3399,False,medium,False,False,0.08571428571428572,False,13,low
3400,False,short,False,False,0.03225806451612903,False,12,low
3401,False,medium,False,False,0.05405405405405406,False,14,low
3402,False,medium,False,False,1.0,True,15,high
3403,False,short,False,False,0.14893617021276595,False,7,high
3404,False,short,False,False,0.7325581395348837,False,7,high
3405,False,short,False,False,0.08196721311475409,False,11,low
3406,False,medium,False,False,0.04,False,17,low
3407,False,long,False,False,0.07692307692307693,False,24,low
3408,False,short,False,False,0.13043478260869565,False,4,high
3409,False,medium,False,False,0.0989010989010989,False,15,low
3410,False,medium,False,False,0.0625,False,17,low
3411,False,long,True,True,0.010526315789473684,False,23,low
3412,False,long,False,True,0.03333333333333333,False,19,low
3413,False,long,False,True,0.037383177570093455,False,20,low
3414,False,medium,False,False,0.0410958904109589,False,17,low
3415,False,short,False,False,0.125,False,6,high
3416,False,short,True,True,0.13953488372093023,False,12,high
3417,False,short,False,False,0.10144927536231885,False,10,high
3418,True,short,False,True,0.09090909090909091,False,11,low
3419,False,medium,False,False,0.011764705882352941,False,17,low
3420,False,medium,True,True,0.016129032258064516,False,16,low
3421,True,short,False,False,0.16666666666666666,False,6,high
3422,False,long,False,False,0.09433962264150944,False,22,low
3423,False,medium,False,False,0.1414141414141414,False,15,high
3424,False,long,False,False,0.15492957746478872,False,20,high
3425,False,medium,False,False,0.3114754098360656,False,16,high
3426,False,short,False,False,0.03333333333333333,False,11,low
3427,False,medium,False,False,0.08108108108108109,False,14,low
3428,False,short,False,False,0.05319148936170213,False,12,low
3429,False,short,False,False,0.07407407407407407,False,8,low
3430,False,medium,False,False,0.08256880733944955,False,18,low
3431,False,long,False,False,0.056818181818181816,False,22,low
3432,False,medium,False,False,0.0,False,17,none
3433,False,medium,False,False,0.02197802197802198,False,17,low
3434,False,long,False,True,0.07865168539325842,False,19,low
3435,False,long,False,False,0.08653846153846154,False,24,low
3436,False,short,False,False,0.06666666666666667,False,12,low
3437,False,medium,False,False,0.06896551724137931,False,16,low
3438,False,short,False,False,0.05,False,12,low
3439,False,short,False,False,0.17543859649122806,False,11,high
3440,False,short,False,False,0.05,False,5,low
3441,False,short,False,False,0.10344827586206896,False,6,high
3442,False,long,False,False,0.011904761904761904,False,22,low
3443,False,short,False,False,0.22784810126582278,False,9,high
3444,False,short,False,False,0.13725490196078433,False,9,high
3445,False,short,False,False,0.23684210526315788,False,10,high
3446,False,short,False,False,0.2,False,10,high
3447,False,medium,False,False,0.009900990099009901,False,13,low
3448,False,long,False,False,0.08823529411764706,False,24,low
3449,False,short,False,False,0.19696969696969696,False,12,high
3450,False,short,False,False,0.05263157894736842,False,7,low
3451,True,medium,False,False,0.0,False,14,none
3452,False,short,False,False,0.10869565217391304,False,7,high
3453,False,medium,False,False,0.10227272727272728,False,14,high
3454,False,medium,False,False,0.09210526315789473,False,17,low
3455,False,long,False,False,0.17525773195876287,False,22,high
3456,False,long,False,False,0.009345794392523364,False,21,low
3457,False,medium,False,False,0.08333333333333333,False,16,low
3458,False,short,False,False,0.13636363636363635,False,5,high
3459,False,short,False,False,0.10144927536231885,False,12,high
3460,False,long,False,False,0.15942028985507245,False,19,high
3461,False,medium,False,False,0.033707865168539325,False,18,low
3462,False,short,False,False,0.03571428571428571,False,8,low
3463,False,long,False,False,0.2087912087912088,False,20,high
3464,False,short,False,False,0.2978723404255319,False,8,high
3465,False,medium,False,False,0.04,False,18,low
3466,False,long,True,False,0.038834951456310676,False,29,low
3467,False,medium,False,False,0.04,False,17,low
3468,False,long,False,False,0.019230769230769232,False,22,low
3469,False,short,False,False,0.0,False,7,none
3470,False,long,False,False,0.0,False,26,none
3471,False,short,False,False,0.13333333333333333,False,4,high
3472,False,medium,False,False,0.030303030303030304,False,14,low
3473,False,long,False,True,0.0297029702970297,False,22,low
3474,False,medium,False,False,0.034482758620689655,False,13,low
3475,False,short,False,False,0.19230769230769232,False,8,high
3476,False,medium,False,False,0.022222222222222223,False,18,low
3477,False,long,False,False,0.047058823529411764,False,20,low
3478,False,medium,False,False,0.3,False,18,high
3479,False,short,False,False,0.06349206349206349,False,11,low
3480,False,medium,False,False,0.28440366972477066,False,18,high
3481,False,long,False,False,0.056179775280898875,False,21,low
3482,False,long,False,False,0.02127659574468085,False,22,low
3483,False,short,False,False,0.07692307692307693,False,10,low
3484,False,medium,False,False,0.24074074074074073,False,14,high
3485,False,medium,False,False,0.03488372093023256,False,17,low
3486,False,long,False,False,0.03333333333333333,False,23,low
3487,False,long,False,False,0.0707070707070707,False,20,low
3488,False,medium,False,False,0.14492753623188406,False,13,high
3489,False,medium,False,False,0.015873015873015872,False,16,low
3490,False,medium,True,False,0.05555555555555555,False,15,low
3491,False,medium,False,False,0.0,False,17,none
3492,False,medium,False,False,0.16883116883116883,False,16,high
3493,False,long,False,False,0.01020408163265306,False,22,low
3494,False,short,False,False,0.16091954022988506,False,11,high
3495,False,medium,False,False,0.047619047619047616,False,18,low
3496,False,short,False,False,0.11538461538461539,False,10,high
3497,False,medium,False,True,0.11458333333333333,False,16,high
3498,False,long,True,False,0.09615384615384616,False,22,low
3499,False,short,False,False,0.09523809523809523,False,9,low
3500,False,medium,False,False,0.02531645569620253,False,13,low
3501,False,long,False,False,0.043859649122807015,False,23,low
3502,False,short,False,False,0.1864406779661017,False,8,high
3503,False,medium,False,False,0.25,False,14,high
3504,False,long,False,True,0.02702702702702703,False,22,low
3505,False,short,False,False,0.0392156862745098,False,12,low
3506,False,medium,False,False,0.009523809523809525,False,14,low
3507,False,long,False,False,0.03488372093023256,False,21,low
3508,False,long,False,False,0.07936507936507936,False,20,low
3509,False,short,False,True,0.03389830508474576,False,12,low
3510,False,long,False,False,0.04878048780487805,False,20,low
3511,False,short,False,False,0.05813953488372093,False,11,low
3512,False,medium,False,False,0.06060606060606061,False,18,low
3513,False,long,False,False,0.03333333333333333,False,20,low
3514,False,short,False,False,0.09433962264150944,False,10,low
3515,True,short,False,True,0.12698412698412698,False,12,high
3516,False,short,False,False,0.08333333333333333,False,8,low
3517,False,short,False,False,0.07142857142857142,False,3,low
3518,False,short,False,False,0.022727272727272728,False,10,low
3519,False,short,False,False,0.05263157894736842,False,9,low
3520,True,short,False,False,0.14606741573033707,False,12,high
3521,False,long,False,True,0.021052631578947368,False,23,low
3522,False,long,False,True,0.0761904761904762,False,20,low
3523,False,long,False,False,0.07228915662650602,False,21,low
3524,False,short,False,False,0.125,False,6,high
3525,False,long,False,False,0.10526315789473684,False,19,high
3526,False,medium,False,False,0.1518987341772152,False,13,high
3527,False,medium,False,False,0.1827956989247312,False,15,high
3528,False,medium,False,False,0.08450704225352113,False,17,low
3529,False,medium,False,False,0.07352941176470588,False,17,low
3530,False,long,False,False,0.12643678160919541,False,20,high
3531,False,short,False,False,0.125,False,3,high
3532,False,medium,False,False,0.06557377049180328,False,16,low
3533,False,short,False,False,0.09615384615384616,False,8,low
3534,False,medium,False,False,0.10810810810810811,False,16,high
3535,False,medium,False,False,0.11494252873563218,False,13,high
3536,False,medium,False,False,0.0,False,14,none
3537,False,short,False,False,0.16216216216216217,False,6,high
3538,False,medium,False,False,0.047619047619047616,False,14,low
3539,False,short,False,False,0.034482758620689655,False,12,low
3540,False,short,False,False,0.015151515151515152,False,8,low
3541,False,medium,False,False,0.025974025974025976,False,13,low
3542,False,medium,False,False,0.16883116883116883,False,17,high
3543,False,short,False,False,0.15,False,10,high
3544,False,medium,False,False,0.10344827586206896,False,16,high
3545,False,medium,False,False,0.203125,False,17,high
3546,False,short,False,False,0.20833333333333334,False,3,high
3547,False,short,False,False,0.05263157894736842,False,11,low
3548,False,short,False,False,0.12162162162162163,False,12,high
3549,False,medium,False,False,0.06779661016949153,False,16,low
3550,False,long,False,False,0.041666666666666664,False,19,low
3551,False,long,False,True,0.02,False,19,low
3552,False,long,False,False,0.10309278350515463,False,29,high
3553,False,short,False,False,0.16417910447761194,False,10,high
3554,False,medium,False,False,0.10465116279069768,False,15,high
3555,False,short,False,False,0.14285714285714285,False,10,high
3556,False,medium,False,True,0.3614457831325301,False,15,high
3557,False,long,False,True,0.0425531914893617,False,21,low
3558,False,short,False,False,0.0,False,9,none
3559,False,long,False,True,0.10091743119266056,False,24,high
3560,False,long,False,True,0.022988505747126436,False,22,low
3561,False,short,False,False,0.22641509433962265,False,12,high
3562,False,medium,False,True,0.02531645569620253,False,16,low
3563,False,long,True,False,0.16326530612244897,False,26,high
3564,False,short,False,False,0.18309859154929578,False,11,high
3565,False,long,False,True,0.07339449541284404,False,24,low
3566,False,medium,False,False,0.021505376344086023,False,18,low
3567,False,long,False,False,0.05714285714285714,False,21,low
3568,False,short,False,False,0.2708333333333333,False,11,high
3569,True,long,False,False,0.08139534883720931,False,19,low
3570,False,short,False,False,0.046511627906976744,False,8,low
3571,False,short,False,False,0.12698412698412698,False,10,high
3572,False,long,False,False,0.02631578947368421,False,20,low
3573,False,short,False,False,0.05555555555555555,False,4,low
3574,True,short,False,False,0.15384615384615385,False,5,high
3575,False,short,False,False,0.1,False,4,low
3576,False,long,True,False,0.021739130434782608,False,23,low
3577,False,medium,False,True,0.042105263157894736,False,15,low
3578,False,long,False,False,0.0594059405940594,False,21,low
3579,False,medium,False,False,0.0,False,18,none
3580,False,short,False,False,0.0,False,11,none
3581,False,medium,True,True,0.0,False,16,none
3582,False,medium,False,False,0.09090909090909091,False,14,low
3583,False,long,False,False,0.027777777777777776,False,22,low
3584,False,medium,False,False,0.09523809523809523,False,18,low
3585,False,short,False,False,0.20689655172413793,False,10,high
3586,False,medium,False,False,0.4117647058823529,False,14,high
3587,False,short,True,False,0.018867924528301886,False,9,low
3588,False,medium,False,False,0.12941176470588237,False,17,high
3589,True,short,True,False,0.021739130434782608,False,11,low
3590,False,short,False,False,0.06666666666666667,False,8,low
3591,False,long,False,False,0.7586206896551724,False,19,high
3592,False,medium,False,False,0.011627906976744186,False,16,low
3593,False,medium,False,False,0.1568627450980392,False,14,high
3594,False,medium,False,False,0.7702702702702703,False,17,high
3595,False,short,False,False,0.0,False,3,none
3596,False,long,True,False,0.0,False,20,none
3597,True,short,False,False,0.30612244897959184,False,12,high
3598,False,long,False,False,0.010752688172043012,False,21,low
3599,True,short,False,False,0.014925373134328358,False,12,low
3600,False,long,False,True,0.039603960396039604,False,27,low
3601,False,short,False,False,0.0,False,12,none
3602,False,short,False,False,0.21428571428571427,False,10,high
3603,False,medium,False,False,0.09195402298850575,False,18,low
3604,False,short,False,False,0.14814814814814814,False,4,high
3605,False,medium,False,False,0.4126984126984127,False,15,high
3606,False,medium,False,False,0.14705882352941177,False,14,high
3607,False,long,True,True,0.028037383177570093,False,23,low
3608,False,short,False,False,0.1323529411764706,False,12,high
3609,False,short,False,False,0.07272727272727272,False,12,low
3610,False,long,False,False,0.06481481481481481,False,19,low
3611,False,medium,False,False,0.13432835820895522,False,13,high
3612,False,medium,False,False,0.07446808510638298,False,17,low
3613,False,medium,False,True,0.03076923076923077,False,14,low
3614,False,long,False,True,0.019417475728155338,False,23,low
3615,False,short,False,False,0.06,False,11,low
3616,False,medium,False,False,0.2,False,15,high
3617,False,short,False,False,0.12244897959183673,False,8,high
3618,False,medium,False,True,0.009174311926605505,False,18,low
3619,True,medium,False,False,0.0,False,18,none
3620,False,short,False,False,0.16666666666666666,False,6,high
3621,False,long,False,True,0.0784313725490196,False,20,low
3622,False,short,False,False,0.34210526315789475,False,6,high
3623,True,short,False,False,0.5806451612903226,False,6,high
3624,False,medium,False,False,0.12698412698412698,False,15,high
3625,False,medium,False,False,0.10294117647058823,False,16,high
3626,False,long,False,True,0.01904761904761905,False,23,low
3627,False,short,False,False,0.15517241379310345,False,10,high
3628,False,short,False,False,0.08974358974358974,False,11,low
3629,False,medium,False,False,0.057692307692307696,False,14,low
3630,False,medium,False,False,0.12,False,17,high
3631,False,long,True,False,0.042105263157894736,False,20,low
3632,False,medium,False,False,0.043010752688172046,False,17,low
3633,False,medium,False,False,0.03409090909090909,False,15,low
3634,False,medium,False,False,0.20833333333333334,False,15,high
3635,False,short,False,False,0.18518518518518517,False,10,high
3636,False,long,False,True,0.20430107526881722,False,22,high
3637,False,long,False,True,0.0196078431372549,False,19,low
3638,False,short,False,False,0.15789473684210525,False,11,high
3639,False,long,False,False,0.08181818181818182,False,24,low
3640,False,long,False,False,0.011235955056179775,False,23,low
3641,False,long,False,False,0.046296296296296294,False,21,low
3642,False,short,False,False,0.07692307692307693,False,8,low
3643,False,long,True,False,0.0,False,19,none
3644,False,short,False,False,0.12280701754385964,False,12,high
3645,False,medium,False,False,0.18032786885245902,False,13,high
3646,True,long,False,False,0.09278350515463918,False,21,low
3647,False,short,False,False,0.4666666666666667,False,5,high
3648,False,medium,False,False,0.06593406593406594,False,17,low
3649,False,long,False,False,0.22,False,22,high
3650,False,medium,False,False,0.014925373134328358,False,13,low
3651,False,long,False,True,0.09,False,23,low
3652,False,long,False,False,0.10975609756097561,False,19,high
3653,False,medium,False,False,0.14893617021276595,False,13,high
3654,True,medium,False,False,0.05405405405405406,False,17,low
3655,False,medium,False,False,0.0,False,14,none
3656,False,medium,False,False,0.23255813953488372,False,13,high
3657,False,medium,False,False,0.04838709677419355,False,13,low
3658,False,long,False,True,0.17,False,27,high
3659,False,short,False,False,1.0,False,5,high
3660,False,short,False,False,0.1951219512195122,False,5,high
3661,False,medium,False,False,0.028169014084507043,False,15,low
3662,False,long,False,True,0.019801980198019802,False,20,low
3663,False,medium,False,False,0.05970149253731343,False,15,low
3664,False,short,False,False,0.11538461538461539,False,8,high
3665,False,short,False,False,0.05357142857142857,False,10,low
3666,False,long,False,False,0.05555555555555555,False,25,low
3667,False,medium,False,False,0.04838709677419355,False,16,low
3668,False,short,False,False,0.07936507936507936,False,12,low
3669,False,short,False,False,0.02,False,11,low
3670,False,long,False,False,0.050505050505050504,False,25,low
3671,False,medium,False,True,0.03125,False,17,low
3672,False,short,False,False,0.10256410256410256,False,9,high
3673,False,short,False,False,0.24,False,6,high
3674,False,short,False,False,0.15555555555555556,False,9,high
3675,False,long,True,True,0.08823529411764706,False,25,low
3676,False,short,False,False,0.1891891891891892,False,12,high
3677,True,medium,False,True,0.07142857142857142,False,16,low
3678,False,medium,False,False,0.025,False,17,low
3679,False,long,False,False,0.07777777777777778,False,20,low
3680,True,long,False,False,0.06481481481481481,False,19,low
3681,False,long,False,False,0.06896551724137931,False,19,low
3682,False,short,False,False,0.05084745762711865,False,12,low
3683,False,short,False,False,0.14814814814814814,False,9,high
3684,False,medium,False,True,0.0196078431372549,False,13,low
3685,False,medium,False,False,0.08333333333333333,False,14,low
3686,True,short,False,False,0.17543859649122806,False,6,high
3687,False,medium,False,False,0.03409090909090909,False,15,low
3688,False,medium,False,False,0.09523809523809523,False,13,low
3689,True,short,False,False,0.07894736842105263,False,10,low
3690,False,medium,False,False,0.14545454545454545,False,14,high
3691,False,short,False,False,0.1891891891891892,False,5,high
3692,False,short,False,False,0.28,False,4,high
3693,False,short,False,True,0.1206896551724138,False,7,high
3694,False,short,False,False,0.0392156862745098,False,11,low
3695,False,short,False,False,0.11904761904761904,False,10,high
3696,False,medium,False,False,0.24175824175824176,False,14,high
3697,False,short,False,False,0.14285714285714285,False,10,high
3698,False,medium,False,False,0.0,False,13,none
3699,False,long,False,False,0.06060606060606061,False,27,low
3700,False,long,False,False,0.3684210526315789,False,19,high
3701,False,long,False,False,0.034482758620689655,False,21,low
3702,False,medium,False,False,0.1411764705882353,False,14,high
3703,False,long,False,False,0.058823529411764705,False,19,low
3704,True,short,False,False,0.26229508196721313,True,12,high
3705,False,long,False,False,0.033707865168539325,False,22,low
3706,False,long,False,False,0.13924050632911392,False,21,high
3707,False,short,False,False,0.10714285714285714,False,4,high
3708,False,long,False,False,0.018867924528301886,False,19,low
3709,False,medium,False,True,0.016129032258064516,False,15,low
3710,False,long,False,False,0.09195402298850575,False,19,low
3711,True,short,False,False,0.10869565217391304,False,8,high
3712,False,medium,False,False,0.03278688524590164,False,15,low
3713,False,short,False,False,0.04,False,5,low
3714,False,long,True,False,0.056179775280898875,False,20,low
3715,True,short,False,False,0.08333333333333333,False,10,low
3716,False,short,False,False,0.0851063829787234,False,10,low
3717,False,medium,False,False,0.1,False,13,low
3718,False,long,False,False,0.5742574257425742,False,20,high
3719,False,medium,False,False,0.04,False,13,low
3720,False,medium,False,False,0.022727272727272728,False,14,low
3721,False,short,False,False,0.03571428571428571,False,8,low
3722,False,long,True,True,0.07608695652173914,False,21,low
3723,False,long,False,False,0.07476635514018691,False,26,low
3724,False,short,False,False,0.19696969696969696,False,7,high
3725,False,short,False,False,0.1951219512195122,False,6,high
3726,False,medium,False,False,0.05263157894736842,False,16,low
3727,False,short,False,False,0.08,False,12,low
3728,False,short,False,False,0.18867924528301888,False,12,high
3729,True,medium,False,True,0.0625,False,13,low
3730,False,long,False,False,0.1326530612244898,False,21,high
3731,False,long,True,False,0.15294117647058825,False,23,high
3732,False,long,False,True,0.0891089108910891,False,25,low
3733,False,long,False,False,0.08974358974358974,False,20,low
3734,False,medium,False,False,0.05970149253731343,False,13,low
3735,False,short,False,False,0.06666666666666667,False,7,low
3736,False,short,False,False,0.047619047619047616,False,5,low
3737,False,medium,False,False,0.06557377049180328,False,13,low
3738,False,long,False,False,1.0,False,24,high
3739,False,short,False,True,0.125,False,11,high
3740,False,long,False,True,0.02912621359223301,False,22,low
3741,False,short,False,False,0.06382978723404255,False,11,low
3742,False,short,False,False,0.08,False,4,low
3743,False,long,False,False,0.09859154929577464,False,20,low
3744,False,medium,False,False,0.010416666666666666,False,18,low
3745,False,long,False,False,0.037037037037037035,False,19,low
3746,False,long,False,False,0.21505376344086022,False,20,high
3747,False,long,False,False,0.07228915662650602,False,19,low
3748,False,medium,False,False,0.025,False,17,low
3749,False,medium,False,False,0.14864864864864866,False,13,high
3750,False,medium,False,True,0.04081632653061224,False,18,low
3751,False,short,False,False,0.15151515151515152,False,11,high
3752,False,short,False,False,0.02,False,7,low
3753,False,long,False,True,0.043010752688172046,False,21,low
3754,False,short,False,False,0.07142857142857142,False,3,low
3755,False,medium,False,False,0.06493506493506493,False,18,low
3756,False,short,False,False,0.02040816326530612,False,11,low
3757,False,long,False,False,0.06382978723404255,False,19,low
3758,False,long,False,True,0.07547169811320754,False,19,low
3759,False,medium,False,True,0.10204081632653061,False,18,high
3760,False,short,False,False,0.06896551724137931,False,9,low
3761,False,short,False,False,0.35714285714285715,False,11,high
3762,False,short,False,False,0.13333333333333333,False,7,high
3763,False,medium,False,False,0.045454545454545456,False,13,low
3764,True,medium,False,False,0.10526315789473684,False,16,high
3765,False,long,False,False,0.07368421052631578,False,19,low
3766,False,long,False,True,0.2268041237113402,False,22,high
3767,False,long,False,False,0.07954545454545454,False,22,low
3768,False,medium,False,False,0.11363636363636363,False,15,high
3769,False,short,False,False,0.13333333333333333,False,10,high
3770,False,long,False,True,0.06382978723404255,False,22,low
3771,False,long,False,True,0.038834951456310676,False,25,low
3772,False,medium,False,False,0.07462686567164178,False,15,low
3773,False,short,False,False,0.0196078431372549,False,11,low
3774,False,medium,False,False,0.19047619047619047,False,16,high
3775,True,long,False,False,0.19,False,21,high
3776,False,long,False,True,0.024390243902439025,False,20,low
3777,False,short,False,False,0.06896551724137931,False,12,low
3778,True,long,True,False,0.0684931506849315,False,20,low
3779,False,long,False,False,0.02127659574468085,False,21,low
3780,False,medium,False,False,0.18309859154929578,False,16,high
3781,False,long,False,False,0.07865168539325842,False,20,low
3782,False,short,False,False,0.09090909090909091,False,12,low
3783,True,medium,False,False,0.05454545454545454,False,14,low
3784,False,medium,False,True,0.45098039215686275,False,15,high
3785,False,long,False,True,0.05,False,24,low
3786,True,long,False,True,0.14432989690721648,False,24,high
3787,False,short,False,False,0.08823529411764706,False,7,low
3788,False,short,False,False,0.058823529411764705,False,9,low
3789,True,medium,False,False,0.2,False,14,high
3790,False,short,False,False,0.140625,False,11,high
3791,False,long,False,False,0.14,False,21,high
3792,False,medium,False,True,0.020202020202020204,False,18,low
3793,False,long,False,True,0.1728395061728395,False,23,high
3794,False,short,False,False,0.05714285714285714,False,8,low
3795,False,long,False,True,0.12871287128712872,False,25,high
3796,False,long,False,True,0.6052631578947368,True,21,high
3797,True,long,False,False,0.030303030303030304,False,22,low
3798,False,short,False,False,0.01639344262295082,False,12,low
3799,False,medium,False,True,0.12359550561797752,False,13,high
3800,False,medium,False,False,0.034482758620689655,False,16,low
3801,False,medium,True,False,0.019801980198019802,False,17,low
3802,True,short,False,False,0.16666666666666666,False,5,high
3803,False,short,False,False,0.23,False,9,high
3804,False,long,False,True,0.038461538461538464,False,23,low
3805,False,short,False,False,0.32608695652173914,False,10,high
3806,False,medium,False,False,0.1527777777777778,False,17,high
3807,False,medium,False,False,0.06976744186046512,False,17,low
3808,True,short,False,False,0.0967741935483871,False,7,low
3809,False,medium,False,False,0.0759493670886076,False,15,low
3810,False,long,False,True,0.08333333333333333,False,19,low
3811,False,short,False,False,0.09523809523809523,False,12,low
3812,False,medium,False,False,0.038461538461538464,False,15,low
3813,True,short,False,False,0.0625,False,10,low
3814,False,short,False,False,0.15873015873015872,False,12,high
3815,False,medium,False,False,0.2463768115942029,False,13,high
3816,True,medium,False,False,0.10714285714285714,False,13,high
3817,False,long,False,False,0.02666666666666667,False,21,low
3818,False,short,False,False,0.26666666666666666,False,4,high
3819,False,long,True,False,0.061855670103092786,False,25,low
3820,False,long,False,False,0.05825242718446602,False,23,low
3821,False,medium,False,False,0.060240963855421686,False,17,low
3822,False,long,False,False,0.010638297872340425,False,19,low
3823,False,short,False,False,0.14814814814814814,False,10,high
3824,False,medium,False,False,0.075,False,14,low
3825,False,medium,False,False,0.14473684210526316,False,18,high
3826,False,medium,False,False,0.05172413793103448,False,14,low
3827,False,long,False,False,0.15873015873015872,False,21,high
3828,False,medium,False,False,0.03225806451612903,False,17,low
3829,False,medium,False,True,0.021505376344086023,False,18,low
3830,False,short,False,False,1.0,False,7,high
3831,False,medium,False,False,0.08928571428571429,False,13,low
3832,False,medium,False,False,0.08333333333333333,False,18,low
3833,False,medium,False,True,0.08333333333333333,False,18,low
3834,False,long,False,False,0.02912621359223301,False,19,low
3835,False,long,False,False,0.09,False,21,low
3836,False,long,False,True,0.049019607843137254,False,28,low
3837,False,long,False,False,0.030612244897959183,False,21,low
3838,False,short,False,False,0.19230769230769232,False,6,high
3839,False,short,False,False,0.09859154929577464,False,11,low
3840,False,medium,False,False,0.031578947368421054,False,18,low
3841,False,medium,False,False,0.10714285714285714,False,15,high
3842,False,long,False,False,0.05504587155963303,False,25,low
3843,False,short,False,True,0.18181818181818182,False,8,high
3844,False,short,False,False,0.1276595744680851,False,10,high
3845,False,short,False,False,0.08163265306122448,False,7,low
3846,False,medium,False,False,0.0625,False,16,low
3847,False,short,False,False,0.13114754098360656,False,9,high
3848,False,short,False,False,0.13846153846153847,False,11,high
3849,False,medium,False,False,0.05970149253731343,False,14,low
3850,False,medium,False,False,0.03508771929824561,False,15,low
3851,True,long,False,False,0.14457831325301204,False,22,high
3852,False,short,False,False,0.0,False,12,none
3853,False,long,False,False,0.045454545454545456,False,24,low
3854,False,long,True,False,0.07216494845360824,False,24,low
3855,False,medium,False,False,0.11458333333333333,False,18,high
3856,False,long,False,False,0.011235955056179775,False,22,low
3857,False,short,False,False,0.14,False,11,high
3858,False,long,False,False,0.09090909090909091,False,19,low
3859,False,short,False,False,0.1095890410958904,False,12,high
3860,False,medium,False,True,0.010752688172043012,False,15,low
3861,False,medium,False,False,0.03529411764705882,False,17,low
3862,False,long,False,False,0.06363636363636363,False,22,low
3863,False,short,False,False,0.012345679012345678,False,11,low
3864,False,short,False,False,0.14285714285714285,False,6,high
3865,False,short,False,False,0.041666666666666664,False,12,low
3866,False,long,False,False,0.08791208791208792,False,20,low
3867,True,medium,False,False,0.07894736842105263,False,13,low
3868,False,short,False,False,0.038461538461538464,False,9,low
3869,True,short,False,False,0.13043478260869565,False,12,high
3870,False,medium,False,False,0.07368421052631578,False,16,low
3871,False,medium,False,False,0.13793103448275862,False,13,high
3872,False,short,False,False,0.1836734693877551,False,10,high
3873,False,medium,False,False,0.13636363636363635,False,18,high
3874,False,medium,False,False,0.18666666666666668,False,13,high
3875,False,long,False,False,0.0297029702970297,False,26,low
3876,False,medium,False,False,0.08333333333333333,False,13,low
3877,False,short,False,False,0.225,False,9,high
3878,False,long,False,True,0.049019607843137254,False,21,low
3879,False,short,False,False,0.125,False,12,high
3880,False,short,False,False,0.03571428571428571,False,5,low
3881,True,long,False,True,0.05747126436781609,False,23,low
3882,False,medium,False,False,0.0,False,17,none
3883,False,long,False,False,0.019801980198019802,False,23,low
3884,False,medium,False,False,0.6987951807228916,False,17,high
3885,False,medium,False,False,0.043010752688172046,False,15,low
3886,False,short,False,False,0.03571428571428571,False,12,low
3887,False,medium,False,False,0.15151515151515152,False,15,high
3888,False,short,False,False,0.05454545454545454,False,8,low
3889,False,short,False,False,0.25287356321839083,False,10,high
3890,False,medium,False,False,0.08823529411764706,False,13,low
3891,False,medium,False,False,0.031746031746031744,False,17,low
3892,False,short,False,False,0.20588235294117646,False,8,high
3893,False,short,False,False,0.12048192771084337,False,8,high
3894,False,short,False,False,0.015151515151515152,False,5,low
3895,False,short,False,True,0.06666666666666667,False,9,low
3896,False,medium,False,True,0.07894736842105263,False,17,low
3897,False,medium,False,False,0.036585365853658534,False,17,low
3898,False,long,False,True,0.024096385542168676,False,19,low
3899,False,medium,False,False,0.011764705882352941,False,15,low
3900,False,long,False,False,0.08536585365853659,False,19,low
3901,False,medium,True,False,0.0759493670886076,False,18,low
3902,True,short,False,False,0.17073170731707318,True,12,high
3903,True,short,False,False,0.09722222222222222,False,8,low
3904,False,medium,False,True,0.024691358024691357,False,18,low
3905,False,long,False,False,0.08602150537634409,False,20,low
3906,False,long,False,False,0.018867924528301886,False,22,low
3907,False,short,False,False,0.04878048780487805,False,7,low
3908,False,medium,False,False,0.15625,False,17,high
3909,False,medium,False,False,0.08695652173913043,False,15,low
3910,False,short,False,False,0.24242424242424243,False,12,high
3911,False,short,False,False,0.1,False,7,low
3912,False,short,False,True,0.06349206349206349,True,10,low
3913,True,short,False,False,0.0851063829787234,False,12,low
3914,False,medium,False,False,0.14814814814814814,False,18,high
3915,False,medium,True,False,0.008547008547008548,False,18,low
3916,False,long,False,False,0.008928571428571428,False,23,low
3917,False,short,False,False,0.043478260869565216,False,7,low
3918,False,short,False,False,0.05714285714285714,False,8,low
3919,False,medium,False,False,0.1619047619047619,False,16,high
3920,False,medium,False,False,0.13333333333333333,False,13,high
3921,False,short,False,False,0.0,False,11,none
3922,False,long,False,False,0.019801980198019802,False,23,low
3923,False,long,False,False,0.05825242718446602,False,23,low
3924,False,medium,False,False,0.039473684210526314,False,18,low
3925,False,long,False,False,0.06666666666666667,False,21,low
3926,False,medium,False,False,0.07894736842105263,False,17,low
3927,False,long,False,False,0.046296296296296294,False,23,low
3928,False,short,True,False,0.07317073170731707,False,10,low
3929,False,short,False,False,0.029411764705882353,False,5,low
3930,False,short,False,False,0.05263157894736842,False,9,low
3931,False,short,False,False,0.034482758620689655,False,12,low
3932,False,medium,False,False,0.17647058823529413,False,14,high
3933,False,short,False,False,0.05405405405405406,False,10,low
3934,False,medium,False,False,0.1323529411764706,True,14,high
3935,False,medium,False,False,0.11538461538461539,False,14,high
3936,False,short,False,False,0.3333333333333333,False,3,high
3937,False,long,False,False,0.0673076923076923,False,22,low
3938,False,medium,True,True,0.02,False,14,low
3939,False,long,False,True,0.03409090909090909,False,23,low
3940,False,short,False,False,0.08,False,11,low
3941,False,short,False,False,0.03125,False,11,low
3942,False,medium,False,False,0.0784313725490196,False,13,low
3943,False,short,False,False,0.05,False,6,low
3944,False,long,False,False,0.11956521739130435,False,22,high
3945,False,long,False,True,0.30357142857142855,False,19,high
3946,False,short,False,False,0.07142857142857142,False,7,low
3947,False,long,False,True,0.021739130434782608,False,21,low
3948,False,long,False,False,0.06422018348623854,False,22,low
3949,False,short,False,False,0.020833333333333332,False,7,low
3950,True,medium,False,True,0.07246376811594203,False,17,low
3951,False,medium,False,False,0.10843373493975904,False,14,high
3952,True,long,False,False,0.05952380952380952,False,25,low
3953,False,short,False,False,0.02127659574468085,False,11,low
3954,False,long,False,False,0.2289156626506024,False,21,high
3955,False,medium,False,False,0.0875,False,15,low
3956,False,long,False,False,0.054945054945054944,False,20,low
3957,False,medium,False,True,0.041666666666666664,False,17,low
3958,True,long,False,False,0.03333333333333333,False,20,low
3959,False,long,False,False,0.0,False,19,none
3960,False,long,False,True,0.0,False,22,none
3961,False,long,False,False,0.822429906542056,False,25,high
3962,False,medium,False,False,0.19718309859154928,False,15,high
3963,False,short,False,False,0.16216216216216217,False,9,high
3964,True,short,False,False,0.0,False,9,none
3965,False,long,False,True,0.04950495049504951,False,22,low
3966,False,medium,False,True,0.01282051282051282,False,17,low
3967,False,medium,False,False,0.09230769230769231,False,13,low
3968,False,medium,False,False,0.03125,False,14,low
3969,False,long,False,True,0.04938271604938271,False,19,low
3970,False,short,False,False,0.1,False,10,low
3971,True,medium,False,False,0.05747126436781609,False,18,low
3972,False,short,False,False,0.17777777777777778,False,11,high
3973,False,long,False,False,0.1,False,20,low
3974,False,medium,False,False,0.1518987341772152,False,15,high
3975,False,short,False,False,0.12121212121212122,False,6,high
3976,True,short,False,False,0.18181818181818182,False,3,high
3977,False,long,False,True,0.021505376344086023,False,20,low
3978,False,long,False,False,0.03409090909090909,False,19,low
3979,False,long,False,True,0.10869565217391304,False,19,high
3980,False,long,True,False,0.0,False,21,none
3981,False,long,False,False,0.06976744186046512,False,20,low
3982,False,medium,False,False,0.0,False,18,none
3983,False,short,False,False,0.125,False,2,high
3984,False,long,False,True,0.37383177570093457,False,23,high
3985,False,medium,False,False,0.015873015873015872,False,13,low
3986,False,short,False,False,0.26785714285714285,False,11,high
3987,False,medium,False,False,0.10606060606060606,False,15,high
3988,False,short,False,False,0.6785714285714286,False,6,high
3989,True,medium,False,False,0.028985507246376812,False,17,low
3990,False,medium,False,False,0.05102040816326531,False,17,low
3991,False,short,False,True,0.20408163265306123,False,10,high
3992,False,long,False,False,0.0380952380952381,False,28,low
3993,False,short,False,False,0.09859154929577464,True,10,low
3994,False,medium,False,False,0.10256410256410256,False,14,high
3995,False,medium,False,False,0.08333333333333333,False,16,low
3996,False,medium,False,False,0.029850746268656716,False,17,low
3997,False,medium,False,False,0.3508771929824561,False,14,high
3998,True,medium,False,False,0.125,False,18,high
3999,False,medium,False,False,0.1935483870967742,False,13,high
4000,False,medium,True,False,0.029850746268656716,False,14,low
4001,False,short,False,False,0.47368421052631576,False,6,high
4002,False,long,False,True,0.11214953271028037,False,23,high
4003,False,medium,False,True,0.18478260869565216,False,17,high
4004,False,long,False,False,0.011904761904761904,False,20,low
4005,True,short,False,False,0.208955223880597,False,10,high
4006,False,medium,False,False,0.1282051282051282,False,13,high
4007,False,short,False,False,0.0784313725490196,False,8,low
4008,False,medium,False,False,0.09782608695652174,False,15,low
4009,False,long,False,False,0.0,False,22,none
4010,False,long,False,False,0.14942528735632185,False,20,high
4011,False,long,False,False,0.18181818181818182,False,24,high
4012,False,short,False,True,0.09090909090909091,False,9,low
4013,False,medium,False,False,0.1044776119402985,False,13,high
4014,False,short,False,False,0.12244897959183673,False,11,high
4015,False,long,False,False,0.01,False,20,low
4016,False,medium,False,False,0.16666666666666666,False,16,high
4017,False,medium,False,True,0.15,False,18,high
4018,False,long,False,False,0.08888888888888889,False,26,low
4019,False,medium,False,False,0.1518987341772152,False,17,high
4020,False,short,False,False,0.15151515151515152,False,6,high
4021,False,long,False,False,0.08974358974358974,False,19,low
4022,False,medium,False,True,0.13043478260869565,False,17,high
4023,False,medium,False,False,0.17647058823529413,False,17,high
4024,False,medium,False,False,0.25301204819277107,False,14,high
4025,False,medium,False,False,0.10588235294117647,False,17,high
4026,False,short,False,False,0.06451612903225806,False,8,low
4027,False,medium,False,False,0.234375,False,13,high
4028,False,long,False,False,0.010752688172043012,False,23,low
4029,False,medium,False,False,0.1,False,13,low
4030,False,short,False,False,0.09523809523809523,False,6,low
4031,False,short,False,False,0.14285714285714285,False,8,high
4032,False,long,True,False,0.061855670103092786,False,24,low
4033,False,short,False,False,0.08620689655172414,False,11,low
4034,False,short,False,False,0.09836065573770492,False,10,low
4035,False,long,False,False,0.13333333333333333,False,20,high
4036,False,short,False,False,0.13043478260869565,False,8,high
4037,False,short,False,False,0.21428571428571427,False,3,high
4038,False,medium,False,False,0.028169014084507043,False,17,low
4039,False,short,False,False,0.041666666666666664,False,5,low
4040,False,short,False,False,0.06521739130434782,False,10,low
4041,False,short,False,False,0.10714285714285714,False,7,high
4042,False,short,False,False,0.14634146341463414,False,6,high
4043,False,long,True,False,0.06521739130434782,False,21,low
4044,False,short,False,False,0.17647058823529413,False,4,high
4045,False,short,False,False,0.1694915254237288,False,11,high
4046,False,medium,False,False,0.12048192771084337,False,14,high
4047,False,medium,False,False,0.136986301369863,False,13,high
4048,False,long,True,False,0.047619047619047616,False,28,low
4049,False,short,False,False,0.21739130434782608,False,2,high
4050,False,long,False,False,0.058823529411764705,False,21,low
4051,False,medium,False,True,0.046511627906976744,False,18,low
4052,False,long,False,True,0.043478260869565216,False,22,low
4053,False,short,False,False,0.08823529411764706,False,11,low
4054,False,long,False,False,0.09615384615384616,False,23,low
4055,False,medium,False,True,0.021505376344086023,False,18,low
4056,False,long,False,False,0.05,False,20,low
4057,False,long,False,False,0.07777777777777778,True,21,low
4058,False,short,False,False,0.06060606060606061,False,6,low
4059,False,long,False,False,0.056179775280898875,False,22,low
4060,False,long,False,False,0.04,False,26,low
4061,False,long,False,False,0.10526315789473684,False,21,high
4062,False,medium,False,False,0.125,False,17,high
4063,False,short,False,False,0.10256410256410256,False,12,high
4064,False,long,False,True,0.0,False,25,none
4065,False,short,False,False,1.0,False,10,high
4066,False,short,False,False,0.0,False,8,none
4067,True,short,False,False,0.17647058823529413,False,6,high
4068,False,medium,False,False,0.07042253521126761,False,16,low
4069,True,short,False,False,0.07142857142857142,False,6,low
4070,False,short,False,False,0.20833333333333334,False,6,high
4071,False,short,False,False,0.13636363636363635,False,7,high
4072,True,short,False,False,0.2,False,5,high
4073,False,long,False,False,0.009009009009009009,False,21,low
4074,False,short,False,False,0.0625,False,8,low
4075,False,medium,False,False,0.07865168539325842,False,14,low
4076,False,long,True,False,0.07777777777777778,False,19,low
4077,False,short,False,False,0.037037037037037035,False,10,low
4078,False,short,False,False,0.1951219512195122,False,6,high
4079,False,medium,False,True,0.07142857142857142,False,14,low
4080,False,medium,False,False,0.09090909090909091,False,14,low
4081,False,medium,False,False,0.1,False,15,low
4082,False,short,False,False,0.12345679012345678,False,12,high
4083,False,long,False,False,0.030927835051546393,False,22,low
4084,False,long,False,False,0.08653846153846154,False,24,low
4085,False,medium,True,True,0.12658227848101267,False,17,high
4086,False,medium,False,False,0.140625,False,17,high
4087,False,medium,False,False,0.046511627906976744,False,18,low
4088,False,long,False,False,0.10465116279069768,False,22,high
4089,False,medium,False,False,0.038461538461538464,False,13,low
4090,False,medium,False,False,0.050505050505050504,False,15,low
4091,False,long,True,False,0.052083333333333336,False,26,low
4092,False,medium,False,False,0.09090909090909091,False,13,low
4093,False,medium,False,False,0.0,False,15,none
4094,False,long,False,False,0.04950495049504951,False,22,low
4095,False,long,False,True,0.08536585365853659,False,22,low
4096,False,long,False,False,0.0380952380952381,False,26,low
4097,False,medium,False,True,0.0379746835443038,False,17,low
4098,False,short,False,False,0.05405405405405406,False,9,low
4099,False,short,False,False,0.07692307692307693,False,11,low
4100,False,medium,False,False,0.052083333333333336,False,16,low
4101,False,medium,False,False,0.05952380952380952,False,18,low
4102,False,short,False,False,0.24489795918367346,False,12,high
4103,False,medium,False,False,0.0,False,14,none
4104,False,long,False,False,0.020618556701030927,False,21,low
4105,False,short,False,False,0.4418604651162791,False,12,high
4106,False,long,False,False,0.03125,False,19,low
4107,False,medium,False,False,0.1348314606741573,False,13,high
4108,False,short,False,False,0.0,False,11,none
4109,False,short,False,False,0.046153846153846156,False,10,low
4110,False,medium,False,False,0.06976744186046512,False,14,low
4111,False,medium,False,False,0.03571428571428571,False,17,low
4112,False,short,False,False,0.1044776119402985,False,6,high
4113,False,medium,True,False,0.06451612903225806,False,13,low
4114,False,medium,False,True,0.04395604395604396,False,17,low
4115,False,short,False,False,0.15625,False,7,high
4116,False,medium,False,False,0.011494252873563218,False,15,low
4117,False,medium,False,False,0.15217391304347827,False,15,high
4118,False,short,False,False,0.5294117647058824,False,10,high
4119,False,long,False,False,0.07526881720430108,False,22,low
4120,False,medium,False,False,0.05405405405405406,False,13,low
4121,False,long,False,False,0.03225806451612903,False,21,low
4122,False,medium,False,False,0.04,False,15,low
4123,False,short,False,False,0.05660377358490566,False,9,low
4124,False,long,False,False,0.03125,False,19,low
4125,False,long,True,True,0.021052631578947368,False,19,low
4126,False,short,False,True,0.0,False,10,none
4127,False,long,False,True,0.14285714285714285,False,24,high
4128,False,medium,False,False,0.050505050505050504,False,14,low
4129,False,short,False,False,0.10714285714285714,False,6,high
4130,False,long,False,True,0.030612244897959183,False,23,low
4131,False,long,False,False,0.05952380952380952,False,20,low
4132,False,medium,False,False,0.14473684210526316,False,13,high
4133,False,long,False,True,0.030927835051546393,False,22,low
4134,False,medium,False,False,0.06349206349206349,False,16,low
4135,False,medium,False,False,0.08791208791208792,False,18,low
4136,False,short,False,False,0.058823529411764705,False,9,low
4137,False,medium,False,False,0.14864864864864866,False,13,high
4138,False,medium,False,False,0.0963855421686747,False,18,low
4139,False,short,False,False,0.09375,False,12,low
4140,False,medium,False,True,0.036585365853658534,False,17,low
4141,True,long,True,False,0.08247422680412371,False,27,low
4142,False,long,False,False,0.09782608695652174,False,24,low
4143,False,medium,False,False,0.0684931506849315,False,17,low
4144,False,short,False,False,0.38461538461538464,False,3,high
4145,False,medium,False,False,0.046875,False,16,low
4146,False,short,False,False,0.017241379310344827,False,7,low
4147,False,short,False,False,0.15151515151515152,False,6,high
4148,False,medium,True,True,0.014084507042253521,False,15,low
4149,False,long,False,False,0.044444444444444446,False,20,low
4150,False,medium,False,False,0.20588235294117646,False,14,high
4151,False,medium,False,False,0.15873015873015872,False,14,high
4152,False,long,False,False,0.07692307692307693,False,21,low
4153,False,long,False,False,0.04878048780487805,False,19,low
4154,False,medium,False,False,0.1744186046511628,False,17,high
4155,False,medium,False,False,0.09574468085106383,False,15,low
4156,False,short,False,False,0.014705882352941176,False,12,low
4157,False,medium,False,True,0.012345679012345678,False,14,low
4158,False,short,False,False,0.21052631578947367,False,11,high
4159,False,long,False,False,0.04395604395604396,False,23,low
4160,False,short,False,False,0.1864406779661017,False,12,high
4161,False,medium,False,True,0.05333333333333334,False,16,low
4162,False,short,False,False,0.0,False,7,none
4163,False,long,False,False,0.010416666666666666,False,24,low
4164,False,long,False,False,0.03225806451612903,False,20,low
4165,False,long,False,True,0.031578947368421054,False,21,low
4166,False,long,False,False,0.023255813953488372,False,21,low
4167,False,long,False,False,0.06382978723404255,False,19,low
4168,False,short,False,False,0.16666666666666666,False,3,high
4169,False,short,False,False,0.16,False,7,high
4170,False,short,False,False,0.06578947368421052,False,10,low
4171,False,long,False,False,0.25,False,26,high
4172,False,medium,False,False,0.09574468085106383,False,16,low
4173,False,medium,True,False,0.047619047619047616,False,16,low
4174,False,long,False,False,0.11392405063291139,False,24,high
4175,False,long,False,True,0.06741573033707865,False,19,low
4176,False,long,False,False,0.061224489795918366,False,25,low
4177,False,short,True,False,0.10869565217391304,False,9,high
4178,False,short,False,False,0.08620689655172414,False,10,low
4179,False,long,False,True,0.057692307692307696,False,23,low
4180,True,long,False,True,0.030303030303030304,False,28,low
4181,False,short,False,False,0.03076923076923077,False,10,low
4182,False,medium,False,False,0.22727272727272727,False,14,high
4183,False,medium,False,False,0.03076923076923077,False,17,low
4184,False,short,False,False,0.02702702702702703,True,12,low
4185,True,short,False,False,0.17647058823529413,False,9,high
4186,False,short,False,False,0.12,False,6,high
4187,False,medium,False,False,0.08571428571428572,False,17,low
4188,False,medium,False,False,0.21518987341772153,False,17,high
4189,False,long,False,False,0.011904761904761904,False,23,low
4190,False,short,False,False,0.1,False,9,low
4191,False,short,False,False,0.10638297872340426,False,11,high
4192,False,long,False,False,0.020618556701030927,False,21,low
4193,False,short,False,False,0.0,False,7,none
4194,False,long,False,False,0.1111111111111111,False,20,high
4195,False,short,False,False,0.1724137931034483,True,6,high
4196,False,short,False,False,0.038461538461538464,True,7,low
4197,False,short,False,False,0.23076923076923078,False,9,high
4198,False,short,False,False,0.13333333333333333,False,6,high
4199,False,short,False,False,0.1111111111111111,False,12,high
4200,False,short,False,False,0.037037037037037035,False,6,low
4201,True,medium,False,True,0.7605633802816901,True,13,high
4202,False,long,False,False,0.11711711711711711,False,19,high
4203,False,medium,False,False,0.10112359550561797,False,17,high
4204,False,short,False,False,0.16666666666666666,False,12,high
4205,False,short,False,False,0.01694915254237288,False,9,low
4206,False,short,False,False,0.014285714285714285,False,12,low
4207,False,medium,False,False,0.47058823529411764,False,16,high
4208,False,long,True,False,0.1559633027522936,False,20,high
4209,False,long,False,True,0.05319148936170213,False,20,low
4210,False,short,False,False,0.2608695652173913,False,9,high
4211,False,medium,False,False,0.13559322033898305,False,14,high
4212,True,medium,False,False,0.0,False,13,none
4213,False,long,False,False,0.00980392156862745,False,20,low
4214,False,short,False,False,0.38095238095238093,False,10,high
4215,False,long,False,False,0.021739130434782608,False,20,low
4216,False,short,False,False,0.1111111111111111,False,8,high
4217,False,long,True,False,0.10666666666666667,False,23,high
4218,False,medium,False,False,0.0684931506849315,False,17,low
4219,False,short,False,False,0.07368421052631578,False,12,low
4220,True,short,False,False,0.10606060606060606,False,12,high
4221,False,short,False,False,0.2692307692307692,False,8,high
4222,False,long,False,False,0.0,False,21,none
4223,False,long,False,False,0.1038961038961039,False,19,high
4224,False,long,True,False,0.021052631578947368,False,19,low
4225,False,short,False,False,0.15384615384615385,False,3,high
4226,False,short,False,False,0.2,False,10,high
4227,False,long,False,False,0.04938271604938271,False,19,low
4228,False,short,False,False,0.15942028985507245,True,6,high
4229,False,medium,False,False,0.10526315789473684,False,13,high
4230,False,medium,False,False,0.07954545454545454,False,17,low
4231,False,medium,False,False,0.1774193548387097,False,14,high
4232,False,short,False,False,0.10714285714285714,False,10,high
4233,False,medium,False,True,0.07368421052631578,False,18,low
4234,False,medium,False,False,0.016666666666666666,False,14,low
4235,True,medium,False,False,0.18823529411764706,False,14,high
4236,False,medium,False,False,0.08,False,17,low
4237,False,medium,False,False,0.09722222222222222,False,16,low
4238,False,long,False,False,0.06796116504854369,False,24,low
4239,False,medium,False,False,0.14666666666666667,False,18,high
4240,False,medium,False,False,0.04838709677419355,False,14,low
4241,False,medium,False,False,0.1111111111111111,False,18,high
4242,True,short,False,False,0.06,False,11,low
4243,False,short,False,False,0.06382978723404255,False,7,low
4244,False,long,False,False,0.19318181818181818,False,23,high
4245,False,medium,False,False,0.07894736842105263,False,18,low
4246,True,long,False,False,1.0,False,21,high
4247,False,short,False,True,0.8367346938775511,False,9,high
4248,False,long,False,True,0.047619047619047616,False,24,low
4249,False,medium,False,False,0.15942028985507245,False,14,high
4250,False,short,False,True,0.14035087719298245,False,12,high
4251,False,medium,False,False,0.07368421052631578,False,18,low
4252,False,long,False,True,0.0,False,19,none
4253,True,medium,True,False,0.08791208791208792,False,16,low
4254,False,medium,False,False,0.09230769230769231,False,13,low
4255,False,medium,False,False,0.14754098360655737,False,18,high
4256,False,medium,False,False,0.1780821917808219,False,17,high
4257,False,short,False,False,0.11290322580645161,False,7,high
4258,False,long,False,False,0.031914893617021274,False,23,low
4259,False,short,False,False,0.0,False,6,none
4260,False,short,False,False,0.09523809523809523,False,8,low
4261,False,short,False,False,1.0,False,11,high
4262,False,medium,False,False,0.1791044776119403,False,14,high
4263,False,long,False,True,0.038461538461538464,False,21,low
4264,False,medium,False,False,0.13043478260869565,False,14,high
4265,False,medium,False,False,0.08955223880597014,False,14,low
4266,False,short,False,False,0.03125,False,7,low
4267,False,long,False,False,0.011363636363636364,False,25,low
4268,True,short,False,False,0.09433962264150944,False,12,low
4269,False,long,False,True,0.022222222222222223,False,20,low
4270,False,medium,False,False,0.041666666666666664,False,16,low
4271,False,medium,False,False,0.14285714285714285,False,15,high
4272,False,short,False,False,0.15789473684210525,False,10,high
4273,False,medium,False,False,0.20689655172413793,False,18,high
4274,False,medium,False,True,0.07246376811594203,False,14,low
4275,False,medium,False,False,0.11711711711711711,True,13,high
4276,False,medium,False,False,0.04411764705882353,False,13,low
4277,False,medium,False,False,0.01098901098901099,False,18,low
4278,False,medium,False,False,0.7333333333333333,False,17,high
4279,False,long,True,False,0.08791208791208792,False,20,low
4280,False,short,False,False,0.075,False,9,low
4281,False,short,False,False,0.08823529411764706,False,7,low
4282,False,long,False,False,0.02631578947368421,False,22,low
4283,False,long,False,False,0.2558139534883721,False,19,high
4284,False,medium,False,False,0.04395604395604396,False,18,low
4285,False,medium,False,False,0.17708333333333334,False,17,high
4286,False,short,False,False,0.2619047619047619,False,10,high
4287,False,long,True,True,0.011363636363636364,False,22,low
4288,True,medium,False,False,0.015625,False,15,low
4289,False,short,False,False,0.16666666666666666,False,8,high
4290,False,medium,False,False,0.0379746835443038,False,17,low
4291,False,medium,False,True,0.047058823529411764,False,17,low
4292,True,long,False,False,0.05319148936170213,False,22,low
4293,False,long,True,True,0.011494252873563218,False,23,low
4294,False,long,False,True,0.021052631578947368,False,19,low
4295,False,medium,False,False,0.1875,False,14,high
4296,False,long,False,True,0.11363636363636363,False,21,high
4297,False,medium,False,False,0.19298245614035087,False,16,high
4298,False,long,True,False,0.07920792079207921,False,22,low
4299,False,short,False,False,0.06060606060606061,False,6,low
4300,False,medium,False,False,0.07246376811594203,False,17,low
4301,False,medium,False,True,0.10909090909090909,False,16,high
4302,False,medium,False,False,0.05263157894736842,False,17,low
4303,True,short,False,False,0.027777777777777776,False,7,low
4304,False,medium,False,False,0.29545454545454547,False,15,high
4305,False,short,False,True,0.034482758620689655,False,12,low
4306,False,medium,False,True,0.0641025641025641,False,15,low
4307,False,short,False,True,0.06,False,12,low
4308,False,short,False,False,0.10526315789473684,False,10,high
4309,False,short,False,False,0.08333333333333333,False,5,low
4310,False,medium,False,False,0.09375,False,17,low
4311,False,short,False,False,0.475,False,11,high
4312,False,short,False,False,0.07692307692307693,False,9,low
4313,False,long,False,False,0.010638297872340425,False,20,low
4314,False,long,True,True,0.008695652173913044,False,25,low
4315,False,medium,False,False,1.0,False,18,high
4316,False,short,False,False,0.05333333333333334,False,12,low
4317,False,medium,False,False,0.0625,False,16,low
4318,False,long,False,False,0.1188118811881188,False,23,high
4319,False,long,False,False,0.09734513274336283,False,23,low
4320,False,medium,False,False,0.025974025974025976,False,18,low
4321,False,long,False,False,0.017241379310344827,False,21,low
4322,False,short,False,False,0.7391304347826086,False,11,high
4323,False,short,False,False,0.046511627906976744,False,11,low
4324,False,medium,False,False,0.056338028169014086,False,17,low
4325,True,short,False,False,0.2153846153846154,False,11,high
4326,False,long,False,True,0.04950495049504951,False,22,low
4327,False,long,False,False,0.038461538461538464,False,20,low
4328,True,medium,False,False,0.027777777777777776,False,17,low
4329,False,short,False,False,0.18181818181818182,False,9,high
4330,False,short,False,False,0.01639344262295082,False,11,low
4331,False,long,False,False,0.08536585365853659,False,22,low
4332,False,medium,True,True,0.021505376344086023,False,13,low
4333,False,medium,False,False,0.06741573033707865,False,14,low
4334,False,medium,False,False,0.020618556701030927,False,15,low
4335,False,short,False,False,0.13513513513513514,False,8,high
4336,False,short,False,False,0.045454545454545456,False,5,low
4337,False,medium,False,True,0.2894736842105263,False,15,high
4338,False,medium,False,False,0.5875,False,15,high
4339,False,short,False,False,0.1,False,12,low
4340,False,short,False,False,0.12244897959183673,False,8,high
4341,False,medium,False,False,0.1111111111111111,False,16,high
4342,False,long,False,False,0.06060606060606061,False,28,low
4343,False,long,False,False,0.06521739130434782,False,22,low
4344,False,short,False,False,0.13793103448275862,False,10,high
4345,False,medium,False,False,0.08602150537634409,False,14,low
4346,False,short,False,False,0.02702702702702703,False,9,low
4347,False,short,False,False,0.08974358974358974,False,12,low
4348,False,medium,False,False,0.012345679012345678,False,17,low
4349,False,long,False,False,0.045454545454545456,False,19,low
4350,False,short,False,True,0.018518518518518517,False,11,low
4351,False,long,False,True,0.031914893617021274,False,22,low
4352,False,short,False,False,0.6172839506172839,False,7,high
4353,False,long,False,False,0.19480519480519481,False,19,high
4354,False,medium,False,False,0.09782608695652174,False,16,low
4355,False,medium,False,False,0.18840579710144928,False,16,high
4356,False,short,False,False,0.11363636363636363,False,8,high
4357,True,long,False,False,0.041237113402061855,False,31,low
4358,False,short,True,False,0.07692307692307693,False,7,low
4359,False,long,False,False,0.058823529411764705,False,21,low
4360,False,long,True,False,0.009259259259259259,False,21,low
4361,False,short,False,False,0.034482758620689655,False,6,low
4362,False,short,False,False,0.11764705882352941,False,5,high
4363,False,medium,False,False,0.32432432432432434,False,17,high
4364,False,medium,False,True,0.058823529411764705,False,16,low
4365,False,medium,False,False,0.1791044776119403,False,16,high
4366,False,medium,False,False,0.06306306306306306,False,16,low
4367,False,long,False,False,0.07142857142857142,False,20,low
4368,False,short,False,False,0.04,False,8,low
4369,False,short,False,False,0.07017543859649122,False,8,low
4370,False,medium,False,False,0.02197802197802198,False,17,low
4371,False,short,False,False,0.21052631578947367,False,7,high
4372,False,long,False,False,0.059322033898305086,False,21,low
4373,False,short,False,True,0.05555555555555555,True,11,low
4374,False,short,False,False,0.19047619047619047,False,5,high
4375,False,short,False,False,1.0,False,7,high
4376,False,short,False,False,0.12962962962962962,False,10,high
4377,False,long,True,True,0.08333333333333333,False,22,low
4378,False,long,False,False,0.1574074074074074,False,21,high
4379,False,medium,False,False,0.014492753623188406,False,15,low
4380,False,long,False,False,0.08791208791208792,False,23,low
4381,False,long,False,False,0.125,False,21,high
4382,False,medium,False,False,0.07407407407407407,False,18,low
4383,False,short,False,False,0.05194805194805195,False,11,low
4384,False,medium,False,False,0.23880597014925373,False,14,high
4385,False,medium,False,False,0.06818181818181818,False,13,low
4386,False,medium,False,False,0.11688311688311688,False,18,high
4387,False,long,False,True,0.0,False,23,none
4388,False,short,False,False,0.1694915254237288,False,10,high
4389,False,medium,False,False,0.1728395061728395,False,16,high
4390,False,short,False,False,0.18421052631578946,False,6,high
4391,False,medium,False,False,0.30337078651685395,False,14,high
4392,False,short,False,False,0.0625,False,10,low
4393,False,medium,False,False,0.06493506493506493,False,14,low
4394,False,medium,False,False,0.14545454545454545,False,13,high
4395,False,short,False,False,0.3333333333333333,False,10,high
4396,False,medium,False,True,1.0,False,15,high
4397,False,medium,False,False,0.0375,False,14,low
4398,False,long,True,False,0.022222222222222223,False,22,low
4399,False,medium,False,False,0.11904761904761904,False,18,high
4400,False,long,False,False,0.044444444444444446,False,22,low
4401,False,short,True,True,0.0,False,12,none
4402,False,medium,False,False,0.024691358024691357,False,15,low
4403,False,long,False,False,0.008928571428571428,False,22,low
4404,False,medium,False,False,0.025,False,14,low
4405,False,medium,False,False,0.09090909090909091,False,17,low
4406,False,long,False,False,0.16483516483516483,False,19,high
4407,False,medium,False,True,0.06741573033707865,False,18,low
4408,False,medium,False,True,0.014084507042253521,False,17,low
4409,False,medium,False,False,0.12222222222222222,False,15,high
4410,False,short,False,False,0.14705882352941177,False,12,high
4411,False,short,False,False,0.02702702702702703,False,7,low
4412,False,long,False,True,0.03773584905660377,False,22,low
4413,False,short,False,False,0.19607843137254902,False,12,high
4414,False,long,False,False,0.0,False,23,none
4415,False,short,False,False,0.04,False,10,low
4416,False,short,False,False,0.061224489795918366,False,6,low
4417,False,medium,False,True,0.047619047619047616,False,17,low
4418,False,medium,False,False,0.05319148936170213,False,17,low
4419,False,long,False,False,0.043010752688172046,False,19,low
4420,False,medium,False,False,0.12631578947368421,False,16,high
4421,True,medium,False,False,0.13725490196078433,False,14,high
4422,False,short,False,False,0.0625,False,10,low
4423,False,medium,False,False,0.22033898305084745,False,15,high
4424,False,medium,False,False,0.10714285714285714,False,18,high
4425,False,short,False,False,0.16981132075471697,False,12,high
4426,False,short,False,False,0.15151515151515152,False,6,high
4427,False,long,False,False,0.010309278350515464,False,24,low
4428,False,short,False,False,0.225,False,10,high
4429,False,long,False,False,0.028846153846153848,False,25,low
4430,False,medium,False,False,0.058823529411764705,False,15,low
4431,False,long,False,True,0.03773584905660377,False,21,low
4432,False,medium,False,False,0.07526881720430108,False,18,low
4433,False,short,False,False,0.15217391304347827,False,11,high
4434,False,short,False,False,0.1509433962264151,False,10,high
4435,False,medium,False,False,0.1978021978021978,False,16,high
4436,False,medium,False,False,0.011363636363636364,False,14,low
4437,False,long,False,False,0.1523809523809524,False,19,high
4438,False,long,False,False,0.05309734513274336,False,26,low
4439,False,long,False,False,0.04395604395604396,False,20,low
4440,False,medium,False,False,0.03571428571428571,False,13,low
4441,False,long,False,False,0.03296703296703297,False,21,low
4442,False,medium,False,False,0.052083333333333336,False,18,low
4443,False,medium,False,False,0.056179775280898875,False,17,low
4444,False,medium,False,False,0.18571428571428572,False,13,high
4445,False,long,False,False,0.11818181818181818,False,20,high
4446,False,long,False,False,0.020202020202020204,False,19,low
4447,False,medium,False,False,0.04918032786885246,False,15,low
4448,False,medium,False,False,0.10606060606060606,False,13,high
4449,False,medium,False,False,0.0,False,14,none
4450,True,medium,False,False,0.06493506493506493,False,18,low
4451,False,short,False,False,0.1590909090909091,False,11,high
4452,False,long,True,True,0.08490566037735849,False,29,low
4453,False,short,False,False,0.11666666666666667,False,8,high
4454,False,long,False,False,0.06315789473684211,False,22,low
4455,False,long,False,False,0.06593406593406594,False,21,low
4456,False,long,False,False,0.0425531914893617,False,23,low
4457,False,medium,False,False,0.10975609756097561,False,17,high
4458,False,short,False,False,0.09523809523809523,False,7,low
4459,False,long,False,False,0.04081632653061224,False,19,low
4460,False,long,False,False,0.13559322033898305,False,20,high
4461,False,long,False,False,1.0,False,26,high
4462,False,short,True,True,0.0,False,8,none
4463,False,long,False,False,0.034482758620689655,False,19,low
4464,False,medium,False,False,0.023529411764705882,False,18,low
4465,False,long,True,True,0.0392156862745098,False,24,low
4466,False,medium,False,True,0.0,False,15,none
4467,False,long,False,False,0.06593406593406594,False,21,low
4468,False,medium,False,False,0.06896551724137931,False,14,low
4469,False,short,False,False,0.03225806451612903,False,11,low
4470,False,short,False,False,0.2676056338028169,False,12,high
4471,False,long,False,False,0.0,False,19,none
4472,False,long,False,False,0.02197802197802198,False,24,low
4473,False,short,False,False,0.10638297872340426,False,12,high
4474,False,medium,False,False,0.3142857142857143,False,14,high
4475,False,long,True,True,0.010638297872340425,False,21,low
4476,True,long,False,False,0.03333333333333333,False,22,low
4477,False,medium,False,False,0.0,False,15,none
4478,False,medium,False,False,0.03125,False,15,low
4479,False,long,True,True,0.023255813953488372,False,20,low
4480,False,long,False,False,0.010416666666666666,False,19,low
4481,False,medium,False,False,0.05555555555555555,False,13,low
4482,False,long,False,False,0.10227272727272728,False,19,high
4483,False,medium,False,False,0.02040816326530612,False,17,low
4484,False,short,False,False,0.05,False,8,low
4485,False,short,False,True,0.15217391304347827,False,9,high
4486,False,long,False,False,0.030612244897959183,False,20,low
4487,False,long,False,True,0.04395604395604396,False,22,low
4488,False,short,False,False,0.21839080459770116,False,12,high
4489,False,long,False,False,0.017241379310344827,False,22,low
4490,False,short,False,False,0.044444444444444446,False,12,low
4491,False,long,True,False,0.046296296296296294,False,26,low
4492,False,medium,True,False,0.10144927536231885,False,16,high
4493,False,medium,False,False,0.017699115044247787,False,16,low
4494,False,long,False,False,0.029411764705882353,False,22,low
4495,False,medium,False,False,0.0660377358490566,False,15,low
4496,False,medium,False,False,0.5428571428571428,False,16,high
4497,False,short,False,False,0.046875,False,9,low
4498,False,short,False,False,0.029411764705882353,False,5,low
4499,False,medium,False,False,0.21794871794871795,False,13,high
4500,False,long,True,False,0.0,False,22,none
4501,True,medium,False,False,0.03636363636363636,True,17,low
4502,False,short,False,False,0.08695652173913043,False,10,low
4503,False,medium,False,False,0.1038961038961039,False,14,high
4504,True,short,False,False,0.13043478260869565,False,4,high
4505,False,short,False,False,0.2972972972972973,False,12,high
4506,False,medium,False,False,0.046511627906976744,False,17,low
4507,False,medium,False,True,0.15,False,13,high
4508,False,long,False,False,0.023255813953488372,False,23,low
4509,False,short,False,False,0.06060606060606061,False,7,low
4510,False,long,False,False,0.0125,False,19,low
4511,False,long,False,True,0.07058823529411765,False,22,low
4512,False,long,False,False,0.11363636363636363,False,21,high
4513,False,medium,False,False,0.11904761904761904,False,17,high
4514,False,short,False,False,0.08888888888888889,False,9,low
4515,False,short,False,False,0.03389830508474576,False,10,low
4516,False,medium,False,False,0.03278688524590164,False,15,low
4517,False,medium,False,False,0.03508771929824561,False,16,low
4518,False,medium,False,False,0.018867924528301886,False,14,low
4519,False,long,False,True,0.02197802197802198,False,21,low
4520,False,medium,False,False,0.24691358024691357,False,17,high
4521,True,short,False,False,0.08433734939759036,False,11,low
4522,False,long,False,False,0.1978021978021978,False,19,high
4523,False,medium,False,False,0.07526881720430108,False,17,low
4524,False,long,False,False,0.03333333333333333,False,19,low
4525,False,medium,False,False,0.10526315789473684,False,18,high
4526,False,long,False,True,0.024096385542168676,False,20,low
4527,False,short,False,True,0.057692307692307696,False,11,low
4528,False,long,False,False,0.0967741935483871,False,19,low
4529,False,short,False,True,0.0625,False,12,low
4530,False,long,False,True,0.08333333333333333,False,23,low
4531,True,long,False,True,0.02564102564102564,False,21,low
4532,False,short,False,False,0.07017543859649122,False,12,low
4533,True,medium,False,False,0.15730337078651685,False,14,high
4534,False,medium,False,False,0.05084745762711865,False,13,low
4535,False,long,False,True,0.04,False,21,low
4536,False,short,False,False,0.2,False,4,high
4537,False,medium,False,False,0.03636363636363636,False,14,low
4538,True,medium,False,False,0.22340425531914893,False,14,high
4539,False,short,False,False,0.19148936170212766,False,12,high
4540,False,medium,False,False,0.18333333333333332,False,13,high
4541,False,medium,False,False,0.08333333333333333,False,17,low
4542,False,short,False,False,0.109375,False,10,high
4543,False,short,False,False,0.058823529411764705,False,11,low
4544,False,long,True,True,0.07407407407407407,False,25,low
4545,False,short,False,False,0.02,False,4,low
4546,False,short,False,False,0.078125,False,10,low
4547,False,long,False,False,0.07608695652173914,False,20,low
4548,False,medium,False,False,0.024390243902439025,False,18,low
4549,False,short,False,False,0.19230769230769232,False,1,high
4550,False,medium,False,True,0.060240963855421686,False,16,low
4551,False,long,False,True,0.029411764705882353,False,20,low
4552,False,long,False,True,0.031578947368421054,False,23,low
4553,True,short,False,False,0.09375,False,10,low
4554,False,medium,False,False,0.02564102564102564,False,17,low
4555,False,short,False,False,0.04918032786885246,False,10,low
4556,False,long,False,True,0.102803738317757,False,20,high
4557,True,medium,False,False,0.59375,False,18,high
4558,True,medium,False,False,0.25,False,17,high
4559,False,long,False,True,0.05555555555555555,False,19,low
4560,False,long,False,False,0.06,False,22,low
4561,False,short,False,False,0.07692307692307693,False,7,low
4562,False,medium,False,False,0.1044776119402985,False,15,high
4563,True,medium,False,False,0.16071428571428573,False,14,high
4564,True,short,False,False,0.013888888888888888,False,7,low
4565,False,medium,False,False,0.1276595744680851,False,14,high
4566,False,medium,False,False,0.1643835616438356,False,15,high
4567,False,short,False,False,0.10416666666666667,False,10,high
4568,True,short,False,False,0.14814814814814814,True,8,high
4569,False,medium,False,False,0.024096385542168676,False,16,low
4570,False,short,False,False,0.07692307692307693,False,12,low
4571,False,short,False,False,0.5882352941176471,False,9,high
4572,False,medium,False,False,0.20967741935483872,False,15,high
4573,False,long,False,True,0.04950495049504951,False,25,low
4574,False,medium,False,False,0.10638297872340426,False,18,high
4575,False,short,False,False,0.06153846153846154,False,11,low
4576,False,medium,False,False,0.06896551724137931,False,16,low
4577,False,medium,False,True,0.05952380952380952,False,18,low
4578,False,short,False,False,0.14285714285714285,False,2,high
4579,True,short,False,False,0.07894736842105263,False,7,low
4580,False,short,False,False,0.30434782608695654,False,9,high
4581,False,short,False,False,0.0759493670886076,False,11,low
4582,False,medium,False,True,0.13953488372093023,False,18,high
4583,False,medium,False,True,0.027777777777777776,False,18,low
4584,False,short,False,False,0.12962962962962962,False,10,high
4585,True,short,False,False,0.17857142857142858,False,5,high
4586,False,medium,False,False,0.0547945205479452,False,18,low
4587,False,long,False,False,0.030612244897959183,False,19,low
4588,False,long,False,True,0.02830188679245283,False,25,low
4589,False,medium,False,False,0.21176470588235294,False,13,high
4590,False,medium,False,False,0.38372093023255816,False,16,high
4591,False,long,False,False,0.1111111111111111,False,22,high
4592,False,medium,False,False,0.010869565217391304,False,18,low
4593,True,medium,False,False,0.027522935779816515,False,18,low
4594,False,medium,False,False,0.10843373493975904,False,13,high
4595,False,short,False,False,0.09411764705882353,False,10,low
4596,False,short,False,False,0.16666666666666666,False,8,high
4597,True,medium,False,True,0.017241379310344827,False,15,low
4598,False,short,False,False,0.05263157894736842,False,11,low
4599,True,long,False,True,0.06,False,26,low
4600,False,medium,False,False,0.11363636363636363,False,16,high
4601,False,medium,False,False,0.08823529411764706,False,15,low
4602,False,medium,False,False,0.03076923076923077,False,13,low
4603,False,medium,False,False,0.07608695652173914,False,18,low
4604,True,long,True,False,0.15,False,20,high
4605,True,short,False,False,0.18181818181818182,False,10,high
4606,False,short,False,False,0.12195121951219512,False,10,high
4607,False,short,False,False,0.044444444444444446,False,9,low
4608,False,long,False,True,0.05825242718446602,False,22,low
4609,False,short,False,False,0.3793103448275862,False,6,high
4610,False,short,False,False,0.08823529411764706,False,8,low
4611,False,medium,True,False,0.10810810810810811,False,18,high
4612,False,long,False,True,0.06493506493506493,False,19,low
4613,False,medium,False,False,0.1111111111111111,False,16,high
4614,False,short,False,False,0.265625,False,10,high
4615,False,long,False,False,0.02912621359223301,False,23,low
4616,False,medium,False,False,0.009615384615384616,False,18,low
4617,False,long,False,False,0.11956521739130435,False,19,high
4618,False,medium,False,False,0.28125,False,13,high
4619,False,long,False,False,0.03296703296703297,False,20,low
4620,False,long,False,False,0.061224489795918366,False,23,low
4621,True,short,False,False,0.08108108108108109,False,10,low
4622,False,short,False,False,0.12307692307692308,False,7,high
4623,False,long,False,False,0.018518518518518517,False,21,low
4624,False,medium,False,False,0.10377358490566038,False,14,high
4625,False,medium,False,False,0.5803571428571429,False,16,high
4626,False,short,False,False,0.16666666666666666,False,11,high
4627,False,long,True,True,0.009615384615384616,False,22,low
4628,False,long,False,False,0.08045977011494253,False,21,low
4629,False,short,False,False,0.0851063829787234,False,10,low
4630,False,long,False,True,0.05555555555555555,False,20,low
4631,False,short,False,False,0.10714285714285714,False,9,high
4632,False,short,False,True,0.07692307692307693,False,10,low
4633,False,medium,False,False,0.08045977011494253,False,17,low
4634,False,short,False,False,0.22641509433962265,False,8,high
4635,True,short,False,False,0.10344827586206896,False,5,high
4636,False,medium,True,False,0.05714285714285714,False,16,low
4637,False,long,False,False,0.1511627906976744,False,20,high
4638,False,medium,True,False,0.08536585365853659,False,18,low
4639,False,medium,False,False,0.2073170731707317,False,16,high
4640,False,medium,False,False,0.1076923076923077,False,13,high
4641,False,short,False,False,0.04285714285714286,False,10,low
4642,False,long,True,False,0.043478260869565216,False,19,low
4643,False,long,True,False,0.04672897196261682,False,21,low
4644,False,short,False,False,0.08928571428571429,False,9,low
4645,False,short,False,False,0.061224489795918366,False,12,low
4646,False,medium,False,False,0.1724137931034483,False,14,high
4647,False,short,False,False,0.15254237288135594,False,10,high
4648,False,short,False,False,0.1320754716981132,False,8,high
4649,False,medium,False,False,0.033707865168539325,False,18,low
4650,False,medium,False,False,0.03389830508474576,False,13,low
4651,False,long,True,True,0.046511627906976744,False,21,low
4652,False,short,False,False,0.2830188679245283,False,10,high
4653,False,long,False,True,0.05405405405405406,False,20,low
4654,False,short,False,False,0.08333333333333333,False,8,low
4655,False,long,False,True,0.14634146341463414,False,21,high
4656,False,medium,False,False,0.034482758620689655,False,13,low
4657,False,short,False,False,0.08333333333333333,False,11,low
4658,False,long,False,False,0.012987012987012988,False,19,low
4659,False,long,False,False,0.08108108108108109,False,23,low
4660,False,short,False,False,0.13846153846153847,False,5,high
4661,True,short,False,False,0.058823529411764705,False,7,low
4662,False,medium,False,False,0.06666666666666667,False,18,low
4663,False,medium,False,False,0.0,False,17,none
4664,False,medium,False,False,0.19148936170212766,False,18,high
4665,False,long,True,False,0.022222222222222223,False,20,low
4666,False,medium,False,False,0.11320754716981132,False,15,high
4667,False,long,False,False,0.05714285714285714,False,26,low
4668,False,medium,False,True,0.07446808510638298,False,16,low
4669,False,medium,False,False,0.11666666666666667,False,13,high
4670,False,medium,False,False,0.23333333333333334,False,16,high
4671,False,medium,False,False,0.041666666666666664,False,17,low
4672,False,medium,False,False,0.04819277108433735,False,18,low
4673,False,short,False,False,0.10526315789473684,False,4,high
4674,False,long,False,False,0.13861386138613863,False,25,high
4675,False,medium,False,False,0.20634920634920634,False,15,high
4676,False,short,False,True,0.0,False,12,none
4677,False,short,False,False,0.2222222222222222,False,4,high
4678,False,short,False,False,0.11764705882352941,False,4,high
4679,True,short,False,False,0.1,False,9,low
4680,False,long,True,True,1.0,False,27,high
4681,False,short,False,False,0.3076923076923077,False,8,high
4682,False,medium,False,False,0.038461538461538464,False,14,low
4683,False,short,False,False,0.08108108108108109,False,5,low
4684,False,medium,False,False,0.10714285714285714,False,16,high
4685,False,long,False,True,0.06756756756756757,False,20,low
4686,False,short,False,False,0.045454545454545456,False,2,low
4687,False,long,False,True,0.022222222222222223,False,23,low
4688,False,long,False,False,0.03508771929824561,False,20,low
4689,False,medium,False,False,0.053763440860215055,False,17,low
4690,False,medium,False,False,0.14035087719298245,False,13,high
4691,False,short,False,False,0.0,False,8,none
4692,False,long,True,True,0.02727272727272727,False,23,low
4693,True,medium,False,False,0.0547945205479452,False,14,low
4694,False,short,False,False,0.13846153846153847,False,10,high
4695,False,short,False,False,0.11940298507462686,False,12,high
4696,False,short,False,False,0.5238095238095238,False,5,high
4697,False,medium,False,False,0.03636363636363636,False,17,low
4698,False,medium,False,False,0.19047619047619047,False,15,high
4699,False,long,False,False,0.04819277108433735,False,23,low
4700,False,medium,False,False,0.07291666666666667,False,17,low
4701,False,short,False,False,0.03389830508474576,False,12,low
4702,False,medium,True,False,0.0,False,13,none
4703,False,long,False,False,0.03773584905660377,False,26,low
4704,False,medium,False,True,0.07894736842105263,False,18,low
4705,False,short,False,False,0.15625,False,5,high
4706,True,medium,False,False,0.12195121951219512,False,13,high
4707,True,short,False,False,0.07407407407407407,False,6,low
4708,False,medium,False,False,0.24528301886792453,False,14,high
4709,False,long,False,True,0.009259259259259259,False,26,low
4710,False,long,False,False,0.057692307692307696,False,20,low
4711,False,medium,False,False,0.3076923076923077,False,18,high
4712,False,medium,False,False,0.2,False,17,high
4713,False,medium,False,False,0.06097560975609756,False,17,low
4714,False,medium,False,False,0.16666666666666666,False,14,high
4715,False,medium,False,False,0.23333333333333334,False,17,high
4716,False,long,False,True,0.08080808080808081,False,31,low
4717,False,short,False,False,0.0,False,8,none
4718,False,long,False,False,0.12345679012345678,False,22,high
4719,False,medium,False,False,0.13157894736842105,False,15,high
4720,False,short,False,False,0.09803921568627451,False,11,low
4721,False,short,False,False,0.015625,False,11,low
4722,False,short,False,True,0.13725490196078433,False,12,high
4723,False,long,False,False,0.6504854368932039,False,24,high
4724,False,short,False,False,0.08771929824561403,False,7,low
4725,False,medium,False,False,0.0,False,18,none
4726,False,long,False,False,0.102803738317757,False,19,high
4727,False,medium,False,False,0.04411764705882353,False,17,low
4728,False,short,False,False,0.08163265306122448,False,8,low
4729,False,short,False,False,0.0,False,8,none
4730,False,short,False,False,0.0,False,9,none
4731,False,medium,False,False,0.10606060606060606,False,16,high
4732,False,long,False,False,0.05434782608695652,False,19,low
4733,False,short,False,False,0.1566265060240964,False,12,high
4734,False,long,False,False,0.02127659574468085,False,19,low
4735,False,long,True,False,0.0425531914893617,False,21,low
4736,False,long,False,False,0.11827956989247312,False,19,high
4737,False,short,False,False,0.0967741935483871,False,7,low
4738,False,long,False,False,0.030927835051546393,False,19,low
4739,False,medium,False,True,0.07608695652173914,False,18,low
4740,False,medium,False,False,0.0975609756097561,False,16,low
4741,False,short,False,False,0.16363636363636364,False,9,high
4742,False,long,False,False,0.05555555555555555,False,20,low
4743,False,medium,False,False,0.021739130434782608,False,16,low
4744,False,medium,False,True,0.15151515151515152,False,18,high
4745,False,long,False,True,0.13043478260869565,False,19,high
4746,False,long,False,False,0.11842105263157894,False,19,high
4747,False,long,False,True,0.17105263157894737,False,19,high
4748,False,medium,True,False,0.0,False,18,none
4749,False,long,False,True,0.1276595744680851,False,19,high
4750,True,short,False,False,0.19298245614035087,False,10,high
4751,False,medium,False,False,0.08235294117647059,False,13,low
4752,False,short,False,False,0.11538461538461539,False,11,high
4753,False,short,False,False,0.045454545454545456,False,8,low
4754,False,medium,False,False,0.0625,False,17,low
4755,False,short,False,False,0.10256410256410256,False,8,high
4756,False,short,False,False,0.08108108108108109,False,7,low
4757,False,long,False,False,0.21839080459770116,False,21,high
4758,True,short,False,False,0.061224489795918366,False,10,low
4759,False,short,False,False,0.3384615384615385,False,11,high
4760,False,medium,False,False,0.08421052631578947,False,18,low
4761,False,long,True,False,0.043478260869565216,False,20,low
4762,False,medium,False,False,0.06493506493506493,False,18,low
4763,False,long,False,True,0.05555555555555555,False,23,low
4764,False,short,False,False,0.1935483870967742,False,12,high
4765,False,long,False,False,0.03773584905660377,False,23,low
4766,False,short,False,False,0.0,False,11,none
4767,False,long,False,False,0.026785714285714284,False,22,low
4768,False,short,False,True,0.15625,False,12,high
4769,False,short,False,False,0.1956521739130435,False,9,high
4770,False,long,False,False,0.05263157894736842,False,19,low
4771,False,short,True,False,0.0,False,9,none
4772,False,short,False,False,0.20652173913043478,False,12,high
4773,False,short,False,False,0.05128205128205128,False,10,low
4774,False,medium,False,True,0.15384615384615385,False,13,high
4775,False,short,False,False,0.021052631578947368,False,12,low
4776,False,long,False,False,0.033707865168539325,False,21,low
4777,False,medium,False,False,0.045454545454545456,False,16,low
4778,False,medium,False,False,0.14492753623188406,False,14,high
4779,False,long,True,True,0.038834951456310676,False,23,low
4780,False,medium,False,False,0.21739130434782608,False,13,high
4781,False,long,False,False,0.019417475728155338,False,26,low
4782,False,short,False,False,0.10256410256410256,False,6,high
4783,False,long,True,False,0.019417475728155338,False,22,low
4784,False,long,True,False,0.0380952380952381,False,27,low
4785,False,short,False,False,0.04081632653061224,False,9,low
4786,False,long,False,True,0.045871559633027525,False,28,low
4787,False,short,False,False,0.05,False,11,low
4788,False,long,False,False,0.044444444444444446,False,22,low
4789,False,short,False,False,0.02857142857142857,False,8,low
4790,False,medium,False,False,0.11290322580645161,False,17,high
4791,False,long,False,True,0.07228915662650602,False,23,low
4792,False,medium,False,False,0.26153846153846155,False,13,high
4793,False,short,False,False,0.0,False,6,none
4794,False,medium,False,False,0.15178571428571427,False,17,high
4795,False,medium,False,False,0.043478260869565216,False,15,low
4796,False,short,False,True,0.19736842105263158,False,8,high
4797,False,long,True,False,0.017241379310344827,False,23,low
4798,False,medium,False,False,0.04477611940298507,False,14,low
4799,False,medium,False,False,0.0641025641025641,False,18,low
4800,False,short,False,True,0.06382978723404255,False,10,low
4801,False,short,False,False,0.09302325581395349,False,10,low
4802,False,medium,False,False,0.10144927536231885,False,15,high
4803,False,short,False,False,0.19736842105263158,False,8,high
4804,False,short,False,False,0.07575757575757576,False,12,low
4805,False,short,False,False,0.10714285714285714,False,10,high
4806,False,medium,False,False,0.056818181818181816,False,14,low
4807,False,medium,False,False,0.015873015873015872,False,15,low
4808,False,medium,False,False,0.060240963855421686,False,15,low
4809,False,medium,False,False,0.11842105263157894,False,17,high
4810,False,short,False,False,0.05555555555555555,False,11,low
4811,False,medium,False,True,0.046153846153846156,False,14,low
4812,False,medium,False,True,0.07608695652173914,False,15,low
4813,False,medium,False,True,0.10909090909090909,False,13,high
4814,False,short,False,True,0.19047619047619047,False,5,high
4815,False,short,False,False,0.06666666666666667,False,12,low
4816,False,medium,False,False,0.0898876404494382,False,14,low
4817,False,short,False,False,0.1044776119402985,False,8,high
4818,False,medium,False,False,0.1,False,14,low
4819,False,medium,False,True,0.042105263157894736,False,14,low
4820,True,medium,False,False,0.1016949152542373,False,15,high
4821,False,medium,False,False,0.29850746268656714,False,16,high
4822,False,long,False,False,0.15,False,20,high
4823,False,medium,False,False,0.04225352112676056,False,13,low
4824,True,long,False,False,0.0594059405940594,False,24,low
4825,False,short,False,True,0.04081632653061224,False,10,low
4826,False,medium,False,False,0.13793103448275862,False,16,high
4827,True,medium,False,False,0.015625,False,17,low
4828,False,medium,False,False,0.13580246913580246,False,16,high
4829,False,long,False,False,0.11538461538461539,False,19,high
4830,False,long,False,True,0.07777777777777778,False,20,low
4831,False,long,False,True,0.01,False,21,low
4832,False,long,False,True,0.2169811320754717,False,21,high
4833,False,medium,False,False,0.14814814814814814,False,17,high
4834,False,medium,False,True,0.1935483870967742,False,16,high
4835,False,short,False,False,0.0,False,10,none
4836,True,medium,False,False,0.09333333333333334,False,13,low
4837,False,medium,False,False,0.14285714285714285,False,18,high
4838,False,medium,False,False,0.030303030303030304,False,17,low
4839,False,long,False,False,0.04597701149425287,False,19,low
4840,False,medium,False,False,0.034482758620689655,False,15,low
4841,False,medium,False,False,0.08108108108108109,False,18,low
4842,False,short,False,False,0.23529411764705882,False,4,high
4843,False,medium,False,False,0.04395604395604396,False,18,low
4844,False,long,False,False,0.1,False,21,low
4845,False,medium,False,False,0.8148148148148148,False,14,high
4846,False,medium,False,False,0.045454545454545456,False,18,low
4847,False,short,False,False,0.15384615384615385,False,7,high
4848,False,short,False,False,0.8055555555555556,False,7,high
4849,False,short,False,False,0.0,False,5,none
4850,False,short,False,False,0.03571428571428571,False,10,low
4851,False,long,True,False,0.038461538461538464,False,19,low
4852,False,medium,False,False,0.030303030303030304,False,13,low
4853,False,medium,False,False,0.07954545454545454,False,18,low
4854,False,short,False,False,0.19607843137254902,False,12,high
4855,False,long,False,False,0.0851063829787234,False,20,low
4856,False,long,True,False,0.0603448275862069,False,21,low
4857,False,long,False,False,0.021505376344086023,False,20,low
4858,False,short,False,False,0.44594594594594594,False,12,high
4859,False,medium,False,False,0.013157894736842105,False,14,low
4860,False,medium,False,False,0.2602739726027397,False,17,high
4861,False,short,False,False,0.06666666666666667,False,4,low
4862,False,medium,False,False,0.05128205128205128,False,16,low
4863,False,short,False,False,0.18055555555555555,False,12,high
4864,False,long,False,False,0.043859649122807015,True,24,low
4865,False,medium,False,False,0.03125,False,18,low
4866,False,medium,False,False,0.14084507042253522,False,13,high
4867,False,short,False,False,0.08928571428571429,False,11,low
4868,False,medium,False,False,0.015625,False,15,low
4869,True,short,False,False,0.1875,False,6,high
4870,False,medium,False,True,0.06315789473684211,False,17,low
4871,False,short,False,False,0.0,False,7,none
4872,False,long,False,False,0.08333333333333333,False,23,low
4873,False,medium,False,False,0.11290322580645161,False,14,high
4874,False,long,True,True,0.14084507042253522,False,19,high
4875,False,long,False,False,0.07777777777777778,False,20,low
4876,False,short,False,False,0.05263157894736842,False,9,low
4877,False,short,False,False,0.15789473684210525,False,6,high
4878,False,long,False,False,0.14634146341463414,False,19,high
4879,False,short,False,True,0.06976744186046512,False,8,low
4880,False,short,False,False,0.04477611940298507,False,12,low
4881,False,long,False,False,0.012987012987012988,False,19,low
4882,False,long,False,False,0.035398230088495575,False,23,low
4883,False,long,False,False,0.0,False,21,none
4884,False,medium,False,True,0.06741573033707865,False,18,low
4885,False,short,False,False,0.03333333333333333,False,12,low
4886,False,short,False,False,0.16279069767441862,False,11,high
4887,False,short,False,True,0.12903225806451613,False,8,high
4888,False,medium,False,False,0.043010752688172046,False,16,low
4889,False,long,False,False,0.10344827586206896,False,24,high
4890,False,short,False,False,0.15555555555555556,False,10,high
4891,False,short,False,False,0.047619047619047616,False,9,low
4892,False,short,False,False,0.10526315789473684,False,11,high
4893,False,long,False,True,0.061224489795918366,False,22,low
4894,False,short,False,False,0.05263157894736842,False,6,low
4895,False,short,False,False,0.11290322580645161,False,11,high
4896,False,short,False,False,0.647887323943662,False,11,high
4897,False,short,False,False,0.14285714285714285,False,6,high
4898,False,long,False,False,0.09195402298850575,False,20,low
4899,False,long,False,False,0.008403361344537815,False,19,low
4900,False,long,False,False,0.12195121951219512,False,19,high
4901,False,long,False,False,0.043010752688172046,False,21,low
4902,False,long,True,False,0.01020408163265306,False,28,low
4903,False,short,False,False,0.19718309859154928,False,12,high
4904,True,long,False,False,1.0,False,24,high
4905,False,medium,False,False,0.0,False,15,none
4906,False,short,False,False,0.015151515151515152,False,9,low
4907,False,long,False,False,0.009345794392523364,False,20,low
4908,False,short,False,False,0.07246376811594203,False,9,low
4909,False,short,False,False,0.30120481927710846,False,10,high
4910,False,medium,False,False,0.03896103896103896,False,17,low
4911,True,long,False,False,0.020202020202020204,False,24,low
4912,False,medium,False,False,0.03529411764705882,False,13,low
4913,False,medium,False,True,0.0851063829787234,False,18,low
4914,False,medium,False,False,0.039473684210526314,False,18,low
4915,False,short,False,False,0.038461538461538464,False,12,low
4916,False,long,False,True,1.0,False,21,high
4917,True,medium,False,False,0.041666666666666664,False,15,low
4918,False,long,False,False,0.08421052631578947,False,26,low
4919,False,medium,False,True,0.06,False,13,low
4920,False,medium,False,False,0.03296703296703297,False,18,low
4921,False,medium,False,True,0.03488372093023256,False,17,low
4922,False,short,False,False,0.17647058823529413,False,7,high
4923,False,medium,False,False,0.07462686567164178,False,16,low
4924,False,short,False,False,0.02857142857142857,False,9,low
4925,False,short,False,False,0.044444444444444446,False,6,low
4926,False,short,False,False,0.1875,False,7,high
4927,False,medium,False,False,0.08888888888888889,False,13,low
4928,False,short,False,False,0.09615384615384616,False,11,low
4929,False,long,False,False,0.08045977011494253,False,22,low
4930,False,short,False,False,0.057692307692307696,False,8,low
4931,False,medium,False,False,0.09302325581395349,False,15,low
4932,False,short,False,True,0.09375,False,7,low
4933,False,long,False,False,0.034482758620689655,False,20,low
4934,False,long,False,False,0.021739130434782608,False,23,low
4935,False,medium,False,False,0.11842105263157894,False,17,high
4936,False,long,False,True,0.07476635514018691,False,24,low
4937,False,long,False,False,0.06666666666666667,False,20,low
4938,True,medium,False,False,0.036585365853658534,False,13,low
4939,False,medium,False,False,0.0,False,14,none
4940,False,medium,True,False,0.038461538461538464,False,17,low
4941,False,medium,False,False,0.06557377049180328,False,15,low
4942,False,long,False,False,0.16666666666666666,False,20,high
4943,False,short,False,True,0.13513513513513514,False,9,high
4944,False,long,False,False,0.07142857142857142,False,25,low
4945,True,short,False,False,0.038461538461538464,False,12,low
4946,False,short,False,False,0.17647058823529413,False,8,high
4947,False,short,False,False,0.15384615384615385,False,4,high
4948,True,long,False,True,0.06060606060606061,False,22,low
4949,False,short,False,False,1.0,False,2,high
4950,False,long,False,False,0.043478260869565216,False,19,low
4951,False,short,False,False,0.03571428571428571,False,12,low
4952,False,short,False,False,0.07692307692307693,False,10,low
4953,False,short,False,False,0.7391304347826086,False,8,high
4954,False,long,False,True,0.08791208791208792,False,20,low
4955,False,medium,False,False,0.10144927536231885,False,18,high
4956,False,medium,False,False,0.0273972602739726,False,17,low
4957,False,medium,False,False,0.10714285714285714,False,15,high
4958,False,long,False,False,0.014285714285714285,False,19,low
4959,False,short,False,False,0.10344827586206896,False,6,high
4960,False,short,False,False,0.07894736842105263,False,11,low
4961,False,medium,False,False,0.12643678160919541,False,13,high
4962,False,long,True,False,0.05952380952380952,False,20,low
4963,False,short,False,False,0.017543859649122806,False,8,low
4964,False,long,False,True,0.033707865168539325,False,20,low
4965,False,short,False,False,0.0,False,10,none
4966,False,short,False,False,0.09259259259259259,False,10,low
4967,False,short,False,False,0.043478260869565216,False,5,low
4968,False,long,False,False,0.038461538461538464,False,23,low
4969,False,short,False,False,0.1518987341772152,False,11,high
4970,False,long,True,False,0.0,False,25,none
4971,False,long,False,True,0.029411764705882353,False,24,low
4972,False,long,False,True,0.14606741573033707,False,20,high
4973,False,short,False,False,0.0392156862745098,False,11,low
4974,False,medium,False,False,0.041666666666666664,False,16,low
4975,False,medium,False,False,0.013333333333333334,False,13,low
4976,True,short,False,False,0.0,False,4,none
4977,False,medium,False,False,0.05128205128205128,False,13,low
4978,False,short,False,False,0.027777777777777776,False,11,low
4979,False,long,False,False,0.04310344827586207,False,19,low
4980,False,long,False,False,0.021505376344086023,False,22,low
4981,True,long,False,False,0.08421052631578947,False,22,low
4982,False,long,False,False,0.02531645569620253,False,19,low
4983,False,medium,False,False,0.16071428571428573,True,14,high
4984,False,short,False,False,0.058823529411764705,False,10,low
4985,False,medium,False,True,0.0,False,18,none
4986,False,short,False,False,0.14285714285714285,False,8,high
4987,False,short,False,False,0.22857142857142856,False,6,high
4988,False,medium,False,True,0.14864864864864866,False,17,high
4989,False,long,False,True,0.10679611650485436,False,22,high
4990,False,short,False,False,0.12962962962962962,False,10,high
4991,False,medium,False,False,0.047058823529411764,False,15,low
4992,False,short,False,False,0.1,False,7,low
4993,False,medium,False,True,0.037037037037037035,False,16,low
4994,False,long,False,False,0.1595744680851064,False,20,high
4995,False,long,False,False,0.038461538461538464,False,22,low
4996,False,short,False,False,0.0,False,8,none
4997,False,short,False,False,0.02631578947368421,False,8,low
4998,False,long,False,False,0.16666666666666666,False,22,high
4999,False,long,True,True,0.16091954022988506,False,21,high
5000,False,medium,False,False,0.049019607843137254,False,17,low
5001,False,long,False,False,0.12987012987012986,False,21,high
5002,False,medium,False,False,0.04819277108433735,False,18,low
5003,False,medium,False,False,0.09876543209876543,False,14,low
5004,False,short,False,False,0.038461538461538464,False,6,low
5005,False,medium,False,False,0.054945054945054944,False,16,low
5006,False,medium,False,False,0.06097560975609756,False,13,low
5007,False,medium,False,False,0.14754098360655737,False,15,high
5008,False,medium,False,False,0.17105263157894737,False,13,high
5009,False,long,False,False,0.05825242718446602,False,22,low
5010,False,short,False,False,0.09523809523809523,False,9,low
5011,False,medium,False,False,0.031746031746031744,False,13,low
5012,False,long,False,False,0.06578947368421052,False,20,low
5013,False,short,False,False,0.15151515151515152,False,11,high
5014,True,medium,False,False,0.09722222222222222,False,15,low
5015,False,medium,False,False,0.10588235294117647,False,16,high
5016,False,short,False,False,0.12244897959183673,False,12,high
5017,False,short,False,True,0.03571428571428571,False,12,low
5018,False,long,False,True,0.07526881720430108,False,20,low
5019,False,short,False,False,0.13846153846153847,False,12,high
5020,False,short,False,False,0.17647058823529413,False,5,high
5021,False,medium,False,False,0.08695652173913043,False,15,low
5022,False,medium,False,False,0.06451612903225806,False,16,low
5023,False,medium,False,True,0.11627906976744186,False,14,high
5024,False,medium,False,False,0.058823529411764705,False,17,low
5025,False,long,False,False,0.03614457831325301,False,20,low
5026,False,short,True,False,0.0,False,5,none
5027,False,long,False,False,0.09803921568627451,False,23,low
5028,False,short,False,True,0.05813953488372093,False,4,low
5029,False,short,False,False,0.06818181818181818,False,10,low
5030,False,medium,False,True,0.046153846153846156,False,15,low
5031,False,medium,False,False,0.08888888888888889,False,14,low
5032,False,long,False,False,0.03488372093023256,False,20,low
5033,False,long,False,False,0.11458333333333333,False,19,high
5034,False,medium,False,False,0.05263157894736842,False,16,low
5035,False,short,False,False,0.16666666666666666,False,10,high
5036,False,medium,False,False,0.17045454545454544,False,16,high
5037,False,long,False,False,0.1509433962264151,False,22,high
5038,False,long,False,False,0.06481481481481481,False,23,low
5039,True,long,False,False,0.039603960396039604,False,24,low
5040,False,medium,False,False,0.016129032258064516,False,17,low
5041,False,long,False,False,0.06172839506172839,False,25,low
5042,False,short,False,True,0.09375,False,10,low
5043,False,long,True,False,0.297029702970297,False,28,high
5044,False,long,False,True,0.06930693069306931,False,22,low
5045,False,long,False,False,0.029411764705882353,False,22,low
5046,False,short,False,False,0.08571428571428572,False,8,low
5047,False,short,False,False,0.022727272727272728,False,8,low
5048,True,medium,False,False,0.24731182795698925,False,18,high
5049,False,short,False,False,0.1111111111111111,False,11,high
5050,False,short,False,False,0.08695652173913043,False,5,low
5051,False,short,False,False,0.09090909090909091,False,10,low
5052,False,short,False,False,0.125,False,3,high
5053,False,short,False,False,0.0625,False,10,low
5054,False,long,False,False,0.09821428571428571,False,25,low
5055,False,short,False,False,0.05128205128205128,False,9,low
5056,True,long,False,False,0.07339449541284404,False,26,low
5057,True,long,True,True,0.08571428571428572,False,20,low
5058,False,medium,False,False,0.17582417582417584,False,13,high
5059,False,short,False,False,0.06666666666666667,False,7,low
5060,False,long,False,False,0.02247191011235955,False,19,low
5061,False,long,False,False,0.010869565217391304,False,22,low
5062,False,short,False,False,0.0196078431372549,False,12,low
5063,False,medium,False,False,0.03296703296703297,False,16,low
5064,False,medium,False,False,0.13095238095238096,False,16,high
5065,False,long,False,False,0.05309734513274336,False,25,low
5066,True,medium,False,True,0.01098901098901099,False,13,low
5067,False,short,False,True,0.17647058823529413,False,11,high
5068,False,medium,True,True,0.0641025641025641,False,18,low
5069,False,short,False,False,0.21818181818181817,False,10,high
5070,False,medium,False,False,0.16483516483516483,False,17,high
5071,False,short,False,False,0.3333333333333333,False,12,high
5072,False,long,False,False,0.15,False,19,high
5073,False,long,True,False,0.13253012048192772,False,21,high
5074,False,long,False,False,0.01,False,23,low
5075,True,long,True,True,0.045454545454545456,False,20,low
5076,False,short,False,False,0.029411764705882353,False,7,low
5077,False,medium,False,False,0.15254237288135594,False,13,high
5078,False,medium,False,False,0.045454545454545456,False,13,low
5079,True,long,True,True,0.056818181818181816,False,23,low
5080,False,short,False,False,0.03571428571428571,False,12,low
5081,False,medium,False,False,0.16666666666666666,False,15,high
5082,False,long,False,False,0.058823529411764705,False,22,low
5083,False,short,False,True,0.01818181818181818,False,10,low
5084,False,medium,False,False,0.09345794392523364,False,17,low
5085,False,short,False,True,0.25,False,11,high
5086,False,long,False,False,0.14666666666666667,False,19,high
5087,False,short,False,False,0.328125,False,12,high
5088,False,long,False,False,0.041666666666666664,False,23,low
5089,False,medium,False,False,0.09230769230769231,False,13,low
5090,False,medium,False,False,0.09859154929577464,False,16,low
5091,False,short,False,False,0.1282051282051282,False,9,high
5092,False,long,False,True,0.037037037037037035,False,23,low
5093,False,short,False,False,0.08163265306122448,False,9,low
5094,False,medium,False,True,0.15151515151515152,True,17,high
5095,False,long,False,True,0.10752688172043011,False,26,high
5096,False,long,False,True,0.04819277108433735,False,19,low
5097,False,long,False,False,0.008695652173913044,False,19,low
5098,False,long,False,True,0.043478260869565216,False,19,low
5099,False,short,False,False,0.030303030303030304,False,11,low
5100,False,long,False,False,0.03260869565217391,False,20,low
5101,False,short,False,False,0.047619047619047616,False,9,low
5102,False,medium,False,False,0.16853932584269662,False,18,high
5103,False,short,False,False,0.12087912087912088,False,12,high
5104,False,long,False,False,0.7317073170731707,False,21,high
5105,False,medium,False,True,0.0,False,18,none
5106,False,long,False,True,0.010416666666666666,False,22,low
5107,False,short,False,False,0.30952380952380953,False,10,high
5108,False,short,False,False,0.04081632653061224,False,10,low
5109,False,medium,False,False,0.2112676056338028,False,15,high
5110,False,short,False,False,0.07692307692307693,False,10,low
5111,False,long,False,False,0.06896551724137931,False,20,low
5112,True,medium,False,False,0.1320754716981132,False,15,high
5113,False,medium,False,False,0.34146341463414637,False,17,high
5114,False,medium,False,False,0.08333333333333333,False,15,low
5115,False,medium,False,False,0.029850746268656716,False,16,low
5116,False,medium,False,False,0.05813953488372093,False,15,low
5117,False,medium,False,True,0.0,False,15,none
5118,False,medium,False,False,0.031746031746031744,False,15,low
5119,False,long,True,False,0.1346153846153846,False,26,high
5120,False,medium,False,False,0.05102040816326531,False,16,low
5121,False,medium,False,False,0.23076923076923078,False,15,high
5122,False,medium,False,False,0.046511627906976744,False,17,low
5123,False,medium,False,False,0.06451612903225806,False,15,low
5124,False,short,False,True,0.02,False,11,low
5125,False,short,False,False,0.0,False,7,none
5126,False,short,False,False,0.3,False,11,high
5127,False,medium,False,False,0.05555555555555555,False,14,low
5128,False,short,False,False,0.06097560975609756,False,12,low
5129,False,medium,False,True,0.9512195121951219,False,16,high
5130,False,short,False,False,0.07142857142857142,False,12,low
5131,False,short,False,False,0.0,True,8,none
5132,False,medium,False,True,0.08888888888888889,False,13,low
5133,False,medium,False,False,0.05063291139240506,False,16,low
5134,False,short,False,False,0.0,False,9,none
5135,False,long,False,False,0.023809523809523808,False,21,low
5136,False,short,False,False,0.06976744186046512,False,9,low
5137,False,medium,False,False,0.14925373134328357,False,13,high
5138,False,short,False,False,0.11363636363636363,False,7,high
5139,False,short,False,False,0.10256410256410256,False,7,high
5140,False,medium,False,False,0.4090909090909091,False,14,high
5141,False,medium,False,False,0.06756756756756757,False,17,low
5142,False,short,False,False,0.02040816326530612,False,8,low
5143,True,medium,False,False,0.19696969696969696,False,15,high
5144,False,medium,False,False,0.056179775280898875,False,15,low
5145,False,medium,False,False,0.046153846153846156,False,13,low
5146,False,medium,False,False,0.08602150537634409,False,16,low
5147,False,short,False,False,0.13333333333333333,False,12,high
5148,False,long,True,False,0.06741573033707865,False,19,low
5149,False,short,False,False,0.047619047619047616,False,6,low
5150,False,long,False,True,0.030612244897959183,False,20,low
5151,False,short,False,False,0.18181818181818182,False,11,high
5152,False,medium,False,False,0.12222222222222222,False,17,high
5153,False,short,False,False,0.05660377358490566,False,9,low
5154,False,long,False,True,0.017241379310344827,False,19,low
5155,False,short,False,False,0.21052631578947367,False,4,high
5156,False,medium,False,True,0.05,False,17,low
5157,False,short,False,False,0.06818181818181818,False,10,low
5158,False,medium,True,False,0.047619047619047616,False,17,low
5159,False,medium,False,False,0.0125,False,15,low
5160,False,medium,False,True,0.10294117647058823,False,14,high
5161,True,medium,False,False,0.10416666666666667,False,17,high
5162,False,short,False,True,0.04081632653061224,False,10,low
5163,False,short,False,False,0.13114754098360656,False,12,high
5164,False,medium,False,False,0.13580246913580246,False,16,high
5165,False,medium,True,True,0.03225806451612903,True,18,low
5166,False,medium,False,False,0.203125,False,15,high
5167,True,long,False,False,0.06896551724137931,False,22,low
5168,False,short,False,False,0.03125,False,9,low
5169,True,short,False,False,0.05128205128205128,False,10,low
5170,False,long,True,False,0.0297029702970297,False,24,low
5171,False,long,False,False,0.07692307692307693,False,24,low
5172,False,medium,False,False,0.016129032258064516,False,13,low
5173,True,long,True,False,0.04,False,23,low
5174,False,long,False,False,0.04310344827586207,False,21,low
5175,False,short,False,False,0.1875,False,4,high
5176,False,long,False,False,0.0707070707070707,False,19,low
5177,False,long,False,True,0.0297029702970297,False,22,low
5178,False,short,False,False,0.18,False,11,high
5179,False,long,True,False,0.03488372093023256,False,21,low
5180,False,long,False,False,0.056179775280898875,False,21,low
5181,False,long,False,False,0.23300970873786409,False,20,high
5182,False,medium,False,False,0.013157894736842105,False,17,low
5183,False,short,False,False,0.20512820512820512,False,10,high
5184,False,long,False,True,0.06060606060606061,False,23,low
5185,False,medium,False,False,0.12048192771084337,False,17,high
5186,False,medium,False,True,0.03571428571428571,False,15,low
5187,False,medium,False,False,0.056818181818181816,False,13,low
5188,False,short,False,False,0.1875,False,4,high
5189,False,short,False,False,0.1568627450980392,False,10,high
5190,False,long,True,False,0.02247191011235955,False,24,low
5191,False,short,False,False,0.0,False,4,none
5192,False,medium,False,False,0.17142857142857143,False,13,high
5193,False,short,False,False,0.12,False,11,high
5194,True,medium,False,False,0.07608695652173914,False,15,low
5195,False,long,True,False,0.0625,False,25,low
5196,False,long,False,True,0.06818181818181818,False,23,low
5197,False,short,False,False,0.28846153846153844,False,8,high
5198,False,short,False,False,0.02631578947368421,False,10,low
5199,True,short,False,False,0.12195121951219512,False,10,high
5200,False,short,False,False,0.14473684210526316,False,11,high
5201,False,medium,False,True,0.025974025974025976,False,16,low
5202,False,short,False,False,0.0625,False,4,low
5203,False,medium,False,False,0.06,False,15,low
5204,False,long,False,False,0.0392156862745098,False,21,low
5205,False,long,False,False,0.10989010989010989,True,19,high
5206,False,medium,False,False,0.030927835051546393,False,18,low
5207,False,medium,False,False,0.054945054945054944,False,16,low
5208,False,medium,False,True,0.09411764705882353,False,17,low
5209,False,long,False,False,0.16216216216216217,False,19,high
5210,False,medium,False,False,0.09333333333333334,False,14,low
5211,False,short,False,False,0.25806451612903225,False,6,high
5212,False,long,False,False,0.09183673469387756,False,24,low
5213,True,medium,False,True,0.15463917525773196,False,15,high
5214,False,medium,True,True,0.09876543209876543,False,14,low
5215,False,short,False,False,0.6923076923076923,False,3,high
5216,False,long,False,False,0.01,False,25,low
5217,True,long,False,False,0.0660377358490566,False,25,low
5218,False,medium,False,False,0.02197802197802198,False,18,low
5219,False,long,False,True,0.04081632653061224,False,25,low
5220,False,long,False,False,0.125,False,23,high
5221,False,long,False,True,0.14893617021276595,False,21,high
5222,False,long,False,False,0.03669724770642202,False,25,low
5223,False,medium,False,True,0.0,False,18,none
5224,False,short,False,False,0.05263157894736842,False,11,low
5225,False,medium,False,False,0.046153846153846156,False,15,low
5226,False,medium,False,False,0.12345679012345678,False,16,high
5227,False,medium,True,False,0.012987012987012988,False,16,low
5228,True,long,False,False,0.05747126436781609,False,19,low
5229,False,short,False,False,0.0851063829787234,False,8,low
5230,False,long,False,False,0.021052631578947368,False,22,low
5231,False,long,False,False,0.06315789473684211,False,19,low
5232,False,medium,True,True,0.1511627906976744,False,18,high
5233,False,medium,False,False,0.06172839506172839,False,17,low
5234,True,short,False,False,0.16666666666666666,False,6,high
5235,False,medium,True,False,0.024096385542168676,False,13,low
5236,False,medium,True,False,0.053763440860215055,False,17,low
5237,False,short,False,False,0.16666666666666666,False,9,high
5238,False,long,False,False,0.07608695652173914,False,23,low
5239,False,long,True,False,0.09278350515463918,False,24,low
5240,False,medium,False,False,0.06578947368421052,False,18,low
5241,False,medium,False,False,0.10101010101010101,False,17,high
5242,False,long,False,False,0.019417475728155338,False,21,low
5243,False,long,False,False,0.031578947368421054,False,20,low
5244,False,long,False,False,0.04,False,19,low
5245,False,long,False,False,0.0449438202247191,False,20,low
5246,False,long,False,True,0.009009009009009009,False,26,low
5247,False,long,False,False,0.0,False,21,none
5248,False,medium,False,False,0.06451612903225806,False,13,low
5249,False,long,False,True,0.012987012987012988,False,19,low
5250,True,long,False,False,0.06976744186046512,False,22,low
5251,False,medium,False,False,0.2289156626506024,False,16,high
5252,False,short,False,False,0.0641025641025641,False,11,low
5253,False,short,False,False,1.0,False,3,high
5254,False,short,False,False,0.06666666666666667,False,10,low
5255,False,long,False,False,0.0,False,20,none
5256,False,long,False,False,0.043478260869565216,False,19,low
5257,False,short,False,False,0.0625,False,3,low
5258,False,medium,False,False,0.13186813186813187,False,14,high
5259,False,long,False,True,0.04878048780487805,False,20,low
5260,True,short,False,False,0.12903225806451613,False,8,high
5261,False,short,False,False,0.0847457627118644,False,8,low
5262,False,long,True,True,0.04411764705882353,False,19,low
5263,False,long,False,True,0.0,False,23,none
5264,False,long,False,False,0.25925925925925924,False,23,high
5265,False,short,False,False,0.023809523809523808,False,9,low
5266,False,long,False,True,0.05263157894736842,False,20,low
5267,False,short,False,False,0.0851063829787234,False,12,low
5268,False,short,False,False,0.04819277108433735,False,12,low
5269,False,short,False,False,0.07272727272727272,False,12,low
5270,False,medium,False,True,0.6285714285714286,False,18,high
5271,False,medium,False,False,0.012987012987012988,False,15,low
5272,False,long,False,False,0.10588235294117647,False,23,high
5273,False,long,False,False,0.07291666666666667,False,20,low
5274,False,medium,False,True,0.031746031746031744,False,14,low
5275,False,short,False,True,0.16176470588235295,False,12,high
5276,False,medium,False,False,0.21176470588235294,False,18,high
5277,False,medium,False,False,0.07526881720430108,False,16,low
5278,False,short,False,False,0.047619047619047616,False,6,low
5279,False,medium,False,True,0.05333333333333334,False,17,low
5280,False,medium,False,False,0.06,False,17,low
5281,False,medium,False,False,0.021052631578947368,False,18,low
5282,False,short,False,False,0.0,False,12,none
5283,False,long,False,True,0.03125,False,22,low
5284,False,medium,False,False,0.07246376811594203,False,13,low
5285,False,short,False,False,0.13432835820895522,False,11,high
5286,False,medium,False,True,0.08235294117647059,False,17,low
5287,True,medium,False,False,0.06153846153846154,False,16,low
5288,False,short,False,False,0.15714285714285714,False,10,high
5289,False,short,False,False,0.16129032258064516,False,10,high
5290,True,medium,False,False,0.02040816326530612,False,13,low
5291,False,short,False,True,0.0,False,12,none
5292,False,medium,False,False,0.009345794392523364,False,18,low
5293,False,medium,False,False,0.13253012048192772,False,18,high
5294,False,medium,False,False,0.38333333333333336,False,14,high
5295,False,short,False,False,0.12244897959183673,False,12,high
5296,False,medium,False,False,0.08641975308641975,False,14,low
5297,False,medium,False,False,0.04938271604938271,False,18,low
5298,False,medium,True,False,0.03488372093023256,False,17,low
5299,False,long,False,False,0.27102803738317754,False,21,high
5300,False,short,False,False,0.24489795918367346,False,7,high
5301,True,long,False,False,0.06097560975609756,False,21,low
5302,False,medium,False,False,0.12,False,15,high
5303,False,medium,False,False,0.24444444444444444,False,13,high
5304,True,long,False,False,0.02247191011235955,False,21,low
5305,False,medium,False,False,0.28735632183908044,False,15,high
5306,False,short,False,False,0.17647058823529413,False,6,high
5307,False,medium,False,False,0.039473684210526314,False,16,low
5308,False,medium,False,True,0.014084507042253521,False,16,low
5309,False,medium,False,False,0.047619047619047616,False,18,low
5310,False,short,False,False,0.09859154929577464,False,11,low
5311,False,medium,False,True,0.0136986301369863,False,18,low
5312,False,long,False,False,0.04938271604938271,False,21,low
5313,True,medium,True,True,0.036585365853658534,False,17,low
5314,False,medium,False,False,0.0,False,14,none
5315,False,long,False,True,0.0375,False,19,low
5316,False,medium,True,False,0.09195402298850575,False,15,low
5317,False,medium,False,False,0.03636363636363636,False,18,low
5318,True,short,False,False,0.10526315789473684,False,5,high
5319,True,short,False,False,0.12307692307692308,False,11,high
5320,False,medium,False,False,0.06779661016949153,False,13,low
5321,False,short,False,False,0.03125,False,7,low
5322,False,short,False,False,0.14285714285714285,False,8,high
5323,False,medium,False,False,0.24096385542168675,False,13,high
5324,False,short,False,False,0.14606741573033707,True,6,high
5325,False,short,False,False,0.17073170731707318,False,6,high
5326,False,medium,False,False,0.031578947368421054,False,15,low
5327,False,long,False,True,0.13592233009708737,False,26,high
5328,False,medium,False,False,0.09195402298850575,False,17,low
5329,False,long,True,False,0.10091743119266056,False,23,high
5330,False,long,False,True,0.042105263157894736,False,21,low
5331,False,long,False,False,0.061224489795918366,False,25,low
5332,False,medium,False,False,1.0,False,15,high
5333,False,long,False,False,0.03571428571428571,False,20,low
5334,True,short,False,False,0.09090909090909091,False,4,low
5335,False,long,False,False,0.13725490196078433,False,19,high
5336,False,medium,False,True,0.0425531914893617,False,13,low
5337,False,medium,False,False,0.16176470588235295,False,14,high
5338,False,long,False,False,0.10869565217391304,False,19,high
5339,True,short,False,False,0.05263157894736842,False,7,low
5340,False,short,False,False,0.06578947368421052,False,11,low
5341,False,medium,False,False,0.24324324324324326,False,17,high
5342,False,long,False,False,0.06818181818181818,False,19,low
5343,False,long,True,True,0.13978494623655913,False,30,high
5344,False,medium,False,False,0.033707865168539325,False,17,low
5345,False,short,False,False,0.1125,False,10,high
5346,False,short,False,False,0.11538461538461539,False,5,high
5347,False,short,False,False,0.0,False,8,none
5348,False,short,False,False,0.07352941176470588,False,11,low
5349,False,medium,False,False,0.06349206349206349,False,15,low
5350,False,short,False,False,0.016129032258064516,False,12,low
5351,True,short,False,False,0.10638297872340426,False,9,high
5352,False,long,False,False,0.011111111111111112,False,22,low
5353,False,medium,False,False,0.023809523809523808,False,18,low
5354,False,short,False,True,0.037037037037037035,False,7,low
5355,False,long,False,False,0.24358974358974358,False,19,high
5356,False,long,True,True,0.0625,False,28,low
5357,False,medium,False,False,0.07954545454545454,False,17,low
5358,False,long,True,False,0.05263157894736842,False,23,low
5359,True,short,False,True,0.0,False,7,none
5360,False,short,False,False,0.09523809523809523,False,10,low
5361,False,short,False,True,0.09523809523809523,False,12,low
5362,False,short,False,False,0.4666666666666667,False,11,high
5363,False,long,False,False,0.17105263157894737,False,19,high
5364,False,medium,False,False,0.07216494845360824,False,18,low
5365,False,short,False,False,0.030303030303030304,False,8,low
5366,False,short,False,False,0.06,False,8,low
5367,False,medium,False,False,0.19318181818181818,False,15,high
5368,False,long,True,True,0.009345794392523364,False,24,low
5369,False,medium,False,False,0.13953488372093023,False,16,high
5370,False,medium,False,False,0.09782608695652174,False,16,low
5371,False,long,True,False,0.07216494845360824,False,25,low
5372,False,medium,False,False,0.08,False,13,low
5373,True,medium,False,False,0.15254237288135594,False,15,high
5374,False,short,True,False,0.12,False,8,high
5375,False,medium,False,False,0.0,False,13,none
5376,False,long,False,False,0.20689655172413793,False,21,high
5377,False,medium,False,False,0.23076923076923078,False,16,high
5378,False,medium,False,False,0.26666666666666666,False,16,high
5379,False,long,False,False,0.057971014492753624,False,19,low
5380,False,short,False,False,0.07547169811320754,False,9,low
5381,False,short,False,True,0.14583333333333334,False,12,high
5382,False,short,False,True,0.12195121951219512,False,10,high
5383,False,long,False,False,0.05154639175257732,False,24,low
5384,False,medium,False,False,0.024096385542168676,False,18,low
5385,False,short,False,False,0.058823529411764705,False,7,low
5386,False,short,False,False,0.023255813953488372,False,9,low
5387,False,medium,False,False,0.06349206349206349,False,17,low
5388,False,short,False,False,0.061224489795918366,False,12,low
5389,False,short,False,False,0.125,False,8,high
5390,False,medium,False,False,0.24468085106382978,False,15,high
5391,False,long,False,False,0.05,False,20,low
5392,False,short,False,False,0.12359550561797752,False,10,high
5393,False,short,False,False,0.07936507936507936,False,12,low
5394,False,short,False,False,0.03636363636363636,False,10,low
5395,False,medium,False,True,0.014285714285714285,False,15,low
5396,False,long,False,True,0.07954545454545454,False,21,low
5397,False,medium,False,False,0.04285714285714286,False,14,low
5398,False,short,False,False,0.0967741935483871,False,6,low
5399,False,short,False,False,0.09615384615384616,False,9,low
5400,False,short,False,False,0.06382978723404255,False,9,low
5401,True,short,False,True,0.09259259259259259,False,12,low
5402,False,long,True,True,0.021739130434782608,False,22,low
5403,False,short,False,False,0.14814814814814814,False,10,high
5404,False,medium,False,False,0.013888888888888888,False,17,low
5405,False,long,False,True,0.0136986301369863,False,19,low
5406,False,long,False,False,0.0297029702970297,False,27,low
5407,False,short,False,True,0.0379746835443038,False,11,low
5408,False,medium,False,True,0.15584415584415584,False,15,high
5409,False,short,False,False,0.2,False,5,high
5410,False,long,False,True,0.044642857142857144,False,20,low
5411,False,long,False,False,0.020202020202020204,False,28,low
5412,False,long,False,False,0.038834951456310676,False,20,low
5413,False,medium,False,False,0.07692307692307693,False,13,low
5414,False,long,True,False,0.07547169811320754,False,25,low
5415,False,short,False,False,0.20689655172413793,False,2,high
5416,False,long,False,False,0.045454545454545456,False,22,low
5417,False,short,False,True,0.06060606060606061,False,9,low
5418,False,medium,False,False,0.05263157894736842,False,17,low
5419,False,short,False,False,0.025,False,8,low
5420,True,medium,False,False,0.015151515151515152,False,15,low
5421,False,short,False,False,0.47058823529411764,False,6,high
5422,False,short,False,False,0.0975609756097561,False,7,low
5423,False,short,False,False,0.12,False,9,high
5424,False,short,False,False,0.3492063492063492,False,12,high
5425,False,long,False,True,0.04285714285714286,False,19,low
5426,False,medium,False,False,0.12857142857142856,False,13,high
5427,False,long,False,False,0.14912280701754385,False,23,high
5428,False,medium,False,False,0.20270270270270271,False,17,high
5429,False,long,False,True,0.09574468085106383,False,20,low
5430,False,medium,False,False,0.031746031746031744,False,13,low
5431,False,long,False,False,0.044444444444444446,False,19,low
5432,False,medium,False,False,0.1267605633802817,False,15,high
5433,False,short,False,False,0.0967741935483871,False,5,low
5434,False,short,False,True,0.08163265306122448,False,11,low
5435,False,short,False,True,0.038461538461538464,False,5,low
5436,False,short,False,False,0.16129032258064516,False,6,high
5437,False,long,False,True,0.06,False,24,low
5438,False,medium,False,False,0.0,False,13,none
5439,False,medium,False,False,0.16417910447761194,False,15,high
5440,False,medium,False,False,0.30434782608695654,False,15,high
5441,False,long,False,False,0.08974358974358974,False,20,low
5442,False,long,False,False,0.0707070707070707,False,21,low
5443,False,medium,False,True,0.011235955056179775,False,18,low
5444,False,short,False,False,0.11764705882352941,False,5,high
5445,True,medium,True,False,0.04225352112676056,False,14,low
5446,False,medium,False,False,0.34615384615384615,False,14,high
5447,False,short,False,False,0.030303030303030304,False,7,low
5448,False,medium,True,False,0.0625,False,15,low
5449,False,medium,False,False,0.2159090909090909,False,15,high
5450,False,long,True,False,0.01098901098901099,False,19,low
5451,False,short,False,False,0.08695652173913043,False,5,low
5452,False,medium,False,True,0.012048192771084338,False,18,low
5453,False,short,False,False,0.0,False,9,none
5454,False,long,False,False,0.03669724770642202,False,26,low
5455,False,medium,False,True,0.0273972602739726,False,14,low
5456,False,long,True,False,0.046511627906976744,False,20,low
5457,False,medium,True,False,0.14772727272727273,False,17,high
5458,True,short,False,False,0.08,False,8,low
5459,False,medium,False,False,0.0,False,14,none
5460,False,long,False,False,0.07954545454545454,False,19,low
5461,False,medium,False,False,0.056818181818181816,False,18,low
5462,False,long,True,True,0.0297029702970297,False,25,low
5463,True,medium,True,False,0.08,False,18,low
5464,False,long,False,False,0.05504587155963303,False,27,low
5465,False,long,False,False,0.04504504504504504,False,20,low
5466,False,short,False,False,0.24,False,7,high
5467,False,short,False,True,0.10344827586206896,False,6,high
5468,False,long,False,True,0.06060606060606061,False,21,low
5469,False,short,False,False,0.2777777777777778,False,9,high
5470,False,long,False,False,0.13793103448275862,False,19,high
5471,False,medium,False,False,0.1111111111111111,False,13,high
5472,False,long,False,True,0.056338028169014086,False,21,low
5473,False,long,False,False,0.05813953488372093,False,22,low
5474,False,medium,False,False,0.028169014084507043,False,13,low
5475,False,long,False,True,0.012195121951219513,False,19,low
5476,False,medium,False,True,0.08433734939759036,False,17,low
5477,False,medium,False,False,0.04,False,18,low
5478,False,short,False,False,0.043478260869565216,False,9,low
5479,False,long,False,False,0.02654867256637168,False,21,low
5480,False,long,False,False,0.045454545454545456,False,20,low
5481,False,medium,False,False,0.06896551724137931,False,13,low
5482,False,medium,False,False,0.5238095238095238,False,13,high
5483,False,medium,False,True,0.34615384615384615,False,18,high
5484,False,long,False,True,0.022727272727272728,False,19,low
5485,False,long,False,False,0.16483516483516483,False,19,high
5486,False,short,True,False,0.0,False,10,none
5487,False,medium,False,False,0.07936507936507936,False,13,low
5488,False,long,False,False,0.036585365853658534,False,19,low
5489,False,short,False,False,0.1076923076923077,False,11,high
5490,False,medium,False,False,0.09090909090909091,False,13,low
5491,False,medium,False,False,0.10344827586206896,False,18,high
5492,False,long,False,False,0.058823529411764705,False,22,low
5493,False,long,False,False,0.0989010989010989,False,21,low
5494,True,medium,False,False,0.17073170731707318,False,18,high
5495,False,medium,False,False,0.08045977011494253,False,16,low
5496,False,short,False,False,0.13636363636363635,False,12,high
5497,False,short,False,False,0.05263157894736842,False,5,low
5498,False,short,False,False,0.09523809523809523,False,5,low
5499,True,long,False,True,0.043478260869565216,False,26,low
5500,False,short,False,False,0.10144927536231885,False,9,high
5501,False,short,False,False,0.12,False,12,high
5502,False,long,False,False,0.060240963855421686,False,20,low
5503,False,long,False,False,0.24107142857142858,False,23,high
5504,False,long,False,False,0.06818181818181818,False,20,low
5505,False,medium,False,False,0.25925925925925924,False,18,high
5506,False,short,False,False,0.037037037037037035,False,9,low
5507,False,long,False,True,0.05970149253731343,False,20,low
5508,False,long,False,True,0.038461538461538464,False,21,low
5509,False,medium,False,True,0.03076923076923077,False,14,low
5510,False,medium,False,False,0.04878048780487805,False,18,low
5511,False,medium,False,True,0.04838709677419355,False,18,low
5512,False,short,False,False,0.07692307692307693,False,10,low
5513,False,medium,False,False,0.21212121212121213,False,13,high
5514,False,long,False,False,0.060240963855421686,False,23,low
5515,False,short,False,False,0.05263157894736842,False,10,low
5516,False,short,False,False,0.0,False,6,none
5517,False,medium,False,False,0.109375,False,14,high
5518,False,short,False,False,0.06666666666666667,False,4,low
5519,False,short,False,False,0.0,False,5,none
5520,False,short,False,False,0.05,False,12,low
5521,False,medium,False,False,0.053763440860215055,False,16,low
5522,False,short,False,True,0.24489795918367346,False,11,high
5523,False,medium,False,False,0.03076923076923077,False,14,low
5524,False,short,False,False,0.08163265306122448,False,10,low
5525,False,long,False,True,0.05454545454545454,False,23,low
5526,False,long,False,False,0.11578947368421053,False,21,high
5527,True,medium,False,True,0.2191780821917808,False,14,high
5528,False,short,False,False,0.07692307692307693,False,7,low
5529,False,medium,False,False,0.12345679012345678,False,14,high
5530,False,long,False,False,0.009009009009009009,False,22,low
5531,False,medium,False,False,0.03076923076923077,False,13,low
5532,False,long,False,True,0.061855670103092786,False,22,low
5533,False,medium,False,False,0.0958904109589041,False,14,low
5534,False,short,False,False,0.046153846153846156,False,11,low
5535,False,medium,False,False,0.011111111111111112,False,15,low
5536,False,short,False,False,0.14925373134328357,False,12,high
5537,False,long,False,False,0.2465753424657534,False,20,high
5538,False,short,False,False,0.14583333333333334,False,12,high
5539,False,long,False,False,0.07894736842105263,False,19,low
5540,False,long,False,True,0.14285714285714285,False,24,high
5541,False,medium,False,True,0.08490566037735849,False,13,low
5542,False,short,False,False,0.022727272727272728,False,9,low
5543,False,short,False,False,0.08888888888888889,False,9,low
5544,False,short,False,False,0.21428571428571427,False,5,high
5545,False,medium,False,False,0.056338028169014086,False,14,low
5546,False,short,False,False,0.11864406779661017,False,12,high
5547,False,short,False,False,0.041666666666666664,False,10,low
5548,False,medium,False,False,0.04819277108433735,False,17,low
5549,False,short,False,False,0.0,False,8,none
5550,False,long,False,False,0.06666666666666667,False,27,low
5551,False,short,False,False,0.0,False,9,none
5552,False,long,False,False,0.0,False,19,none
5553,False,long,False,False,0.0449438202247191,False,20,low
5554,False,medium,False,True,0.016666666666666666,False,14,low
5555,False,long,True,False,0.044642857142857144,False,26,low
5556,False,long,False,False,0.13793103448275862,False,19,high
5557,False,short,False,False,0.0,False,11,none
5558,False,short,False,False,0.06557377049180328,False,12,low
5559,False,medium,False,True,0.01639344262295082,False,14,low
5560,False,short,False,False,0.12280701754385964,False,12,high
5561,False,long,True,True,0.017857142857142856,False,23,low
5562,False,short,False,False,0.18421052631578946,False,9,high
5563,False,long,False,True,0.1827956989247312,False,23,high
5564,True,short,False,False,0.12121212121212122,False,9,high
5565,False,medium,False,False,0.03488372093023256,False,17,low
5566,True,medium,False,False,0.1267605633802817,False,13,high
5567,False,medium,False,False,0.02197802197802198,False,18,low
5568,False,long,False,False,0.04310344827586207,False,19,low
5569,False,medium,True,False,0.07246376811594203,True,17,low
5570,False,long,False,False,0.11926605504587157,False,22,high
5571,False,short,False,False,0.09876543209876543,False,12,low
5572,False,long,False,True,0.46875,False,20,high
5573,False,medium,False,False,0.14285714285714285,False,14,high
5574,False,short,False,False,0.08974358974358974,False,12,low
5575,True,long,False,False,0.025974025974025976,False,19,low
5576,False,short,False,False,0.0,False,6,none
5577,False,short,False,True,1.0,False,12,high
5578,False,medium,False,False,0.7727272727272727,False,13,high
5579,False,long,False,False,0.12244897959183673,False,19,high
5580,False,short,False,False,0.11363636363636363,False,8,high
5581,False,short,False,False,0.4567901234567901,False,12,high
5582,False,long,False,False,0.025974025974025976,False,19,low
5583,False,medium,False,False,0.08860759493670886,False,14,low
5584,False,medium,False,False,0.07792207792207792,False,18,low
5585,False,short,False,False,0.0,False,9,none
5586,False,medium,False,False,0.15492957746478872,False,14,high
5587,False,medium,False,False,0.14634146341463414,False,14,high
5588,False,short,False,False,0.06818181818181818,False,9,low
5589,False,short,False,True,0.10810810810810811,False,10,high
5590,False,medium,False,False,0.18333333333333332,False,15,high
5591,False,medium,False,False,0.18333333333333332,False,13,high
5592,False,short,False,False,0.2,False,8,high
5593,False,long,False,False,1.0,False,19,high
5594,False,short,False,False,0.17647058823529413,False,3,high
5595,False,medium,False,False,0.11475409836065574,False,15,high
5596,False,long,False,True,0.061224489795918366,False,24,low
5597,False,long,False,True,0.012195121951219513,False,20,low
5598,False,medium,False,False,0.12745098039215685,False,18,high
5599,False,long,False,False,0.0,False,19,none
5600,False,short,False,False,0.16666666666666666,False,7,high
5601,False,short,False,False,0.288135593220339,False,11,high
5602,True,long,False,False,0.08139534883720931,False,21,low
5603,False,short,False,False,0.17307692307692307,False,9,high
5604,False,medium,False,False,0.1839080459770115,False,18,high
5605,True,long,False,False,0.14545454545454545,False,21,high
5606,True,short,False,False,0.10810810810810811,False,5,high
5607,False,short,False,False,0.10869565217391304,False,8,high
5608,False,medium,False,False,0.08108108108108109,False,18,low
5609,False,medium,False,False,0.07446808510638298,False,18,low
5610,False,short,False,False,0.12903225806451613,False,4,high
5611,False,short,False,False,0.17073170731707318,False,8,high
5612,False,short,True,True,0.0,False,11,none
5613,False,medium,False,False,0.11688311688311688,False,17,high
5614,False,medium,False,False,0.10294117647058823,False,15,high
5615,False,medium,False,True,0.06666666666666667,False,15,low
5616,False,medium,False,False,0.1509433962264151,False,13,high
5617,False,long,False,False,0.2828282828282828,False,21,high
5618,False,medium,False,False,0.04477611940298507,False,18,low
5619,False,short,False,False,0.07547169811320754,False,8,low
5620,False,medium,False,False,0.10714285714285714,False,16,high
5621,False,medium,False,False,0.03896103896103896,False,13,low
5622,False,long,False,False,0.009615384615384616,False,22,low
5623,False,medium,False,True,0.05154639175257732,False,17,low
5624,False,long,False,False,0.06451612903225806,False,19,low
5625,False,medium,False,False,0.07766990291262135,False,18,low
5626,False,short,False,False,0.06,False,11,low
5627,True,short,False,False,0.21052631578947367,False,6,high
5628,False,long,False,False,0.12048192771084337,False,19,high
5629,False,long,False,False,0.06818181818181818,False,21,low
5630,False,short,False,True,0.0,False,6,none
5631,False,short,False,False,0.15151515151515152,False,7,high
5632,True,short,False,False,0.0,False,5,none
5633,False,short,False,False,0.04081632653061224,False,7,low
5634,False,medium,False,False,0.047058823529411764,False,14,low
5635,False,short,False,False,0.12,False,9,high
5636,False,medium,False,False,0.0875,False,16,low
5637,False,short,False,False,0.1,False,7,low
5638,False,short,False,False,0.1891891891891892,False,10,high
5639,False,long,False,False,0.052083333333333336,False,21,low
5640,False,short,False,False,0.2153846153846154,False,10,high
5641,False,short,False,False,0.2727272727272727,False,9,high
5642,True,medium,False,True,0.2222222222222222,False,16,high
5643,False,short,False,False,1.0,False,5,high
5644,False,short,False,False,0.016666666666666666,False,8,low
5645,False,medium,False,False,0.056179775280898875,False,17,low
5646,False,medium,False,False,0.1111111111111111,False,18,high
5647,False,long,False,False,0.028037383177570093,False,22,low
5648,False,long,False,False,0.06666666666666667,False,19,low
5649,False,short,False,False,0.07692307692307693,False,12,low
5650,False,short,False,False,0.07142857142857142,False,8,low
5651,False,short,False,False,0.0784313725490196,False,12,low
5652,True,short,False,False,0.07407407407407407,False,6,low
5653,False,long,False,False,0.23595505617977527,False,23,high
5654,True,medium,False,False,0.08928571428571429,False,13,low
5655,False,short,False,False,0.1282051282051282,False,6,high
5656,False,long,False,False,0.02830188679245283,False,23,low
5657,False,short,False,False,0.045454545454545456,False,6,low
5658,False,medium,False,False,0.16129032258064516,False,14,high
5659,False,long,False,False,0.09302325581395349,False,25,low
5660,False,short,False,True,0.17073170731707318,False,12,high
5661,False,medium,False,False,0.125,False,18,high
5662,False,long,False,False,0.06796116504854369,False,22,low
5663,False,medium,False,False,0.014492753623188406,False,16,low
5664,False,medium,False,False,0.041666666666666664,False,18,low
5665,False,long,False,True,0.025,False,20,low
5666,True,short,False,False,0.25,False,3,high
5667,False,short,False,False,0.0975609756097561,False,6,low
5668,False,medium,False,False,0.13333333333333333,False,18,high
5669,False,long,False,True,0.036036036036036036,False,22,low
5670,False,medium,False,False,0.05194805194805195,False,17,low
5671,False,short,False,False,0.0958904109589041,False,11,low
5672,False,medium,False,False,0.015151515151515152,False,14,low
5673,False,short,False,False,0.06521739130434782,False,6,low
5674,False,long,False,False,0.03409090909090909,False,20,low
5675,False,medium,False,False,0.10344827586206896,False,18,high
5676,False,short,False,False,0.17142857142857143,False,6,high
5677,False,short,False,False,0.13333333333333333,False,10,high
5678,False,long,False,False,0.0297029702970297,False,21,low
5679,False,medium,False,False,0.12121212121212122,False,15,high
5680,False,short,False,False,0.6545454545454545,False,10,high
5681,False,long,False,False,0.056179775280898875,False,19,low
5682,False,long,False,False,0.06172839506172839,False,19,low
5683,False,short,False,False,0.4426229508196721,False,12,high
5684,False,medium,False,True,0.09090909090909091,False,17,low
5685,False,medium,False,False,0.07766990291262135,False,17,low
5686,False,medium,False,False,0.15151515151515152,False,13,high
5687,False,long,True,True,0.010869565217391304,False,21,low
5688,False,long,False,True,0.056818181818181816,False,19,low
5689,False,short,False,False,0.1935483870967742,False,7,high
5690,False,short,False,False,0.022727272727272728,False,11,low
5691,True,medium,False,False,0.15789473684210525,False,16,high
5692,False,medium,False,False,0.16049382716049382,False,14,high
5693,False,short,False,True,0.0,False,9,none
5694,False,short,False,False,0.0784313725490196,False,10,low
5695,False,long,False,False,0.08602150537634409,False,22,low
5696,False,short,False,True,0.04918032786885246,False,11,low
5697,False,medium,False,False,0.075,False,14,low
5698,False,short,False,False,0.10416666666666667,False,10,high
5699,False,short,False,True,0.0425531914893617,False,12,low
5700,False,long,False,False,0.10576923076923077,False,24,high
5701,False,medium,False,False,0.06382978723404255,False,18,low
5702,False,long,False,False,0.04040404040404041,False,25,low
5703,False,medium,False,False,0.08139534883720931,False,17,low
5704,False,medium,False,False,0.052083333333333336,False,18,low
5705,False,long,True,True,0.010752688172043012,False,23,low
5706,False,long,False,False,0.6,False,19,high
5707,False,long,False,True,0.05434782608695652,False,21,low
5708,False,medium,False,False,0.039473684210526314,False,18,low
5709,False,medium,False,False,0.06578947368421052,True,14,low
5710,False,short,False,True,0.05555555555555555,False,11,low
5711,False,short,False,False,0.06451612903225806,False,9,low
5712,False,long,False,True,0.13131313131313133,False,26,high
5713,True,long,False,False,0.021505376344086023,False,20,low
5714,False,short,False,False,0.15492957746478872,False,5,high
5715,False,medium,False,False,0.09,False,13,low
5716,False,short,False,False,0.14925373134328357,False,12,high
5717,False,long,False,True,0.08860759493670886,False,20,low
5718,False,short,False,False,0.15789473684210525,False,7,high
5719,False,long,False,False,0.10576923076923077,False,25,high
5720,False,short,False,False,0.0,False,7,none
5721,False,medium,False,False,0.16417910447761194,False,15,high
5722,False,medium,False,True,0.03896103896103896,False,16,low
5723,False,long,False,True,0.08536585365853659,False,20,low
5724,False,short,False,False,0.02,False,9,low
5725,False,long,True,False,0.09278350515463918,False,22,low
5726,False,medium,False,False,0.08333333333333333,False,18,low
5727,False,medium,True,False,0.014285714285714285,False,18,low
5728,False,medium,False,False,0.04672897196261682,False,17,low
5729,False,short,False,False,0.22641509433962265,False,10,high
5730,False,long,False,False,0.08791208791208792,False,19,low
5731,False,long,False,False,0.07142857142857142,False,25,low
5732,False,medium,False,False,0.4342105263157895,False,18,high
5733,False,medium,False,False,0.06557377049180328,False,17,low
5734,False,short,False,True,0.21052631578947367,False,8,high
5735,False,long,False,True,0.0594059405940594,False,21,low
5736,False,long,False,False,0.047058823529411764,False,21,low
5737,False,long,True,True,0.00909090909090909,False,25,low
5738,True,long,False,False,0.8823529411764706,False,23,high
5739,False,short,False,False,0.08695652173913043,False,12,low
5740,False,short,False,False,0.2894736842105263,False,8,high
5741,False,medium,False,True,0.21686746987951808,False,18,high
5742,False,short,False,False,0.26666666666666666,False,4,high
5743,False,long,False,False,0.06542056074766354,False,23,low
5744,True,long,False,False,0.08737864077669903,False,20,low
5745,False,medium,False,False,0.11538461538461539,False,15,high
5746,True,short,False,False,0.18181818181818182,False,10,high
5747,False,short,False,False,0.15053763440860216,False,10,high
5748,False,medium,False,True,0.05263157894736842,False,17,low
5749,False,short,False,False,0.1111111111111111,False,7,high
5750,False,long,True,False,0.061855670103092786,False,21,low
5751,False,long,False,False,0.07608695652173914,False,19,low
5752,False,long,False,False,0.05434782608695652,False,21,low
5753,True,medium,False,False,0.013333333333333334,False,17,low
5754,False,medium,False,False,0.057692307692307696,False,13,low
5755,False,short,False,False,0.10126582278481013,False,11,high
5756,False,long,False,False,0.03296703296703297,False,22,low
5757,False,medium,False,True,0.056179775280898875,False,16,low
5758,False,short,False,False,0.07017543859649122,False,12,low
5759,False,medium,False,False,0.0641025641025641,False,18,low
5760,False,short,False,False,0.038461538461538464,False,7,low
5761,False,medium,True,False,0.034482758620689655,False,13,low
5762,False,long,False,False,0.1875,False,19,high
5763,False,medium,False,False,0.018018018018018018,False,17,low
5764,False,medium,False,False,0.05263157894736842,False,15,low
5765,False,long,False,False,0.3037974683544304,False,20,high
5766,False,short,False,False,0.1282051282051282,False,9,high
5767,False,medium,False,False,0.06451612903225806,False,14,low
5768,False,medium,False,False,0.32941176470588235,False,17,high
5769,False,medium,False,False,0.05,False,14,low
5770,False,medium,False,False,0.036585365853658534,False,17,low
5771,False,medium,False,False,0.14772727272727273,False,17,high
5772,False,long,True,True,0.05434782608695652,False,21,low
5773,False,medium,False,False,0.13432835820895522,False,13,high
5774,False,medium,True,False,0.109375,False,14,high
5775,False,medium,False,True,0.07142857142857142,False,18,low
5776,False,medium,False,False,0.4126984126984127,False,14,high
5777,False,medium,False,False,0.09859154929577464,False,15,low
5778,True,medium,False,False,0.02666666666666667,False,14,low
5779,False,long,False,False,0.09574468085106383,False,20,low
5780,False,medium,False,False,0.015625,False,14,low
5781,False,medium,False,False,0.06493506493506493,False,14,low
5782,False,short,False,False,0.15384615384615385,False,4,high
5783,False,short,False,False,0.10344827586206896,False,3,high
5784,False,short,False,False,0.09836065573770492,False,11,low
5785,False,short,False,False,0.0,False,8,none
5786,False,medium,False,False,0.04054054054054054,False,16,low
5787,False,medium,False,False,0.08196721311475409,False,17,low
5788,False,short,False,False,0.05405405405405406,False,11,low
5789,False,medium,False,False,0.16216216216216217,False,15,high
5790,False,long,False,False,0.011764705882352941,False,20,low
5791,False,medium,False,False,0.05319148936170213,False,13,low
5792,False,medium,False,False,0.21153846153846154,False,16,high
5793,False,long,False,False,0.02040816326530612,False,28,low
5794,False,short,False,False,0.018518518518518517,False,7,low
5795,True,short,False,False,0.037037037037037035,False,9,low
5796,False,medium,False,False,0.023255813953488372,False,16,low
5797,False,medium,False,False,0.15151515151515152,False,13,high
5798,False,medium,False,True,0.0,False,17,none
5799,False,medium,True,False,0.01098901098901099,False,18,low
5800,False,long,True,False,0.03225806451612903,False,21,low
5801,False,short,False,False,0.08163265306122448,False,12,low
5802,False,short,False,False,0.1746031746031746,False,12,high
5803,False,short,False,False,0.15384615384615385,False,8,high
5804,False,medium,False,False,0.03125,False,17,low
5805,False,medium,False,False,0.04285714285714286,False,16,low
5806,False,short,False,False,0.1,False,9,low
5807,False,long,False,False,0.0,False,24,none
5808,True,medium,False,False,0.16666666666666666,False,15,high
5809,True,short,False,False,0.0975609756097561,False,10,low
5810,True,short,False,False,0.0,False,6,none
5811,False,medium,False,False,0.13333333333333333,False,16,high
5812,False,short,True,False,0.07246376811594203,False,11,low
5813,False,long,False,True,0.05319148936170213,False,24,low
5814,False,short,False,False,0.13333333333333333,False,11,high
5815,False,medium,False,True,0.16,False,16,high
5816,False,short,False,False,0.125,False,5,high
5817,False,short,False,False,0.18518518518518517,False,5,high
5818,False,long,True,False,0.07920792079207921,False,27,low
5819,False,short,False,False,0.2222222222222222,False,6,high
5820,False,short,True,False,0.08108108108108109,False,7,low
5821,False,short,False,False,0.17857142857142858,False,9,high
5822,False,long,False,False,0.045454545454545456,False,21,low
5823,False,long,False,False,0.13829787234042554,True,28,high
5824,False,long,False,True,0.02,False,20,low
5825,False,short,False,False,0.09333333333333334,False,12,low
5826,False,long,False,False,0.0,False,19,none
5827,False,long,False,False,0.06666666666666667,False,26,low
5828,False,medium,False,True,0.1956521739130435,False,17,high
5829,False,short,False,False,0.16,False,7,high
5830,False,long,False,False,0.11224489795918367,False,25,high
5831,True,medium,False,False,0.06818181818181818,False,14,low
5832,False,medium,True,False,0.06666666666666667,False,18,low
5833,False,medium,False,False,0.1111111111111111,False,15,high
5834,False,short,False,False,0.328125,False,10,high
5835,False,short,False,False,0.3076923076923077,False,8,high
5836,False,long,False,False,0.05,False,25,low
5837,False,short,False,True,0.017857142857142856,False,11,low
5838,False,short,False,True,0.09803921568627451,False,10,low
5839,True,medium,False,False,0.2,False,15,high
5840,False,long,False,True,0.06,False,22,low
5841,False,medium,False,False,0.18461538461538463,False,14,high
5842,False,long,False,False,0.0196078431372549,False,22,low
5843,False,long,False,False,0.009174311926605505,False,23,low
5844,False,long,False,False,0.058823529411764705,False,20,low
5845,False,short,False,False,0.041666666666666664,False,4,low
5846,False,long,False,True,0.037037037037037035,False,21,low
5847,False,short,False,False,0.12790697674418605,False,7,high
5848,False,short,False,False,0.0,False,4,none
5849,False,short,False,False,0.0,False,8,none
5850,False,medium,False,False,0.0,False,17,none
5851,False,medium,False,False,0.0,False,13,none
5852,False,short,False,False,0.07352941176470588,False,12,low
5853,False,medium,False,False,0.08695652173913043,False,13,low
5854,False,short,False,False,0.18,False,9,high
5855,False,medium,False,False,0.4722222222222222,False,17,high
5856,False,long,False,False,0.09803921568627451,False,19,low
5857,False,short,False,False,0.09090909090909091,False,11,low
5858,False,medium,False,False,0.14606741573033707,False,17,high
5859,False,medium,False,False,0.18604651162790697,False,15,high
5860,False,short,False,False,0.0425531914893617,False,11,low
5861,False,short,False,False,0.16393442622950818,False,10,high
5862,False,long,False,True,0.04878048780487805,False,20,low
5863,False,short,False,False,0.14285714285714285,False,7,high
5864,False,medium,False,False,0.08955223880597014,False,13,low
5865,False,medium,False,False,0.01904761904761905,False,18,low
5866,False,medium,False,False,0.14130434782608695,False,15,high
5867,False,medium,False,False,0.04918032786885246,False,14,low
5868,False,short,False,False,0.04,False,11,low
5869,False,long,False,False,0.1,False,23,low
5870,False,medium,False,False,0.13559322033898305,False,13,high
5871,False,short,False,True,0.03125,False,7,low
5872,False,short,False,False,0.1276595744680851,False,7,high
5873,False,medium,False,False,0.0410958904109589,False,15,low
5874,False,medium,False,False,0.023255813953488372,False,16,low
5875,False,short,False,False,0.1,False,7,low
5876,False,short,False,False,0.12280701754385964,False,11,high
5877,False,medium,False,False,0.09090909090909091,False,16,low
5878,False,medium,False,False,0.11235955056179775,False,16,high
5879,False,short,False,True,0.047619047619047616,False,11,low
5880,False,medium,False,True,0.05172413793103448,False,14,low
5881,False,medium,False,False,0.07228915662650602,False,14,low
5882,False,short,False,False,0.01818181818181818,False,12,low
5883,False,medium,True,True,0.019230769230769232,False,14,low
5884,False,medium,False,False,0.12903225806451613,False,13,high
5885,False,medium,False,False,0.052083333333333336,False,18,low
5886,True,medium,False,False,0.0,False,18,none
5887,False,long,False,True,0.08256880733944955,False,22,low
5888,False,long,False,False,0.07142857142857142,False,20,low
5889,False,medium,False,False,0.1323529411764706,False,15,high
5890,False,medium,False,False,0.04878048780487805,False,15,low
5891,False,long,False,False,0.038461538461538464,False,24,low
5892,False,short,False,False,0.08163265306122448,False,8,low
5893,False,short,False,False,0.1,False,4,low
5894,True,long,False,False,0.03488372093023256,False,20,low
5895,False,short,False,False,0.08695652173913043,False,9,low
5896,False,long,False,False,0.056179775280898875,False,21,low
5897,True,medium,False,False,0.10344827586206896,False,15,high
5898,False,long,False,False,0.054945054945054944,False,21,low
5899,False,medium,True,False,0.0684931506849315,False,16,low
5900,False,medium,False,False,0.015151515151515152,True,16,low
5901,False,short,False,False,0.046153846153846156,False,10,low
5902,False,short,False,False,0.0,False,6,none
5903,False,long,False,False,0.3977272727272727,False,20,high
5904,False,short,False,False,0.11904761904761904,False,8,high
5905,False,short,False,False,0.058823529411764705,False,3,low
5906,False,long,False,False,0.021739130434782608,False,22,low
5907,False,short,False,False,0.10204081632653061,False,11,high
5908,False,medium,False,False,0.01282051282051282,False,16,low
5909,False,short,False,False,0.18181818181818182,False,12,high
5910,False,short,False,False,0.1,False,11,low
5911,False,medium,True,True,0.013888888888888888,False,18,low
5912,False,medium,False,False,0.956989247311828,False,16,high
5913,False,medium,False,False,0.04878048780487805,False,15,low
5914,False,medium,False,False,0.07216494845360824,False,17,low
5915,False,long,False,True,0.045454545454545456,False,23,low
5916,False,long,True,False,0.08333333333333333,False,23,low
5917,False,medium,False,True,0.05454545454545454,False,17,low
5918,False,long,False,False,0.1485148514851485,False,22,high
5919,False,medium,False,False,0.043478260869565216,False,17,low
5920,False,medium,False,False,0.07228915662650602,False,18,low
5921,True,short,False,False,0.06,False,11,low
5922,False,medium,False,True,0.03571428571428571,False,15,low
5923,False,short,False,False,0.02857142857142857,False,12,low
5924,False,medium,False,False,0.1095890410958904,False,18,high
5925,False,long,False,True,0.06493506493506493,False,19,low
5926,False,short,False,False,0.14285714285714285,False,9,high
5927,False,medium,False,True,0.024691358024691357,False,16,low
5928,False,short,False,False,0.10714285714285714,False,5,high
5929,False,medium,True,True,0.029411764705882353,False,17,low
5930,False,long,False,False,0.0,False,19,none
5931,False,medium,False,True,0.014084507042253521,False,18,low
5932,False,medium,False,True,0.043478260869565216,False,15,low
5933,False,medium,False,False,0.05813953488372093,False,16,low
5934,False,short,False,False,0.22807017543859648,False,12,high
5935,False,long,False,False,0.0425531914893617,False,20,low
5936,False,medium,False,False,0.041666666666666664,False,17,low
5937,True,medium,False,False,0.04054054054054054,False,15,low
5938,False,short,False,False,0.14084507042253522,False,12,high
5939,False,medium,False,False,0.15254237288135594,False,13,high
5940,False,short,False,False,0.0847457627118644,False,12,low
5941,False,short,False,True,0.03225806451612903,False,12,low
5942,False,medium,False,False,0.14666666666666667,False,14,high
5943,False,short,False,False,0.047619047619047616,False,9,low
5944,False,medium,False,False,0.07142857142857142,False,14,low
5945,False,short,False,False,0.0,False,9,none
5946,False,medium,False,False,0.031914893617021274,False,18,low
5947,False,short,False,False,0.09523809523809523,False,6,low
5948,False,short,False,False,0.022727272727272728,False,11,low
5949,False,long,True,False,0.0,False,21,none
5950,False,long,False,False,0.06741573033707865,False,20,low
5951,False,short,False,False,0.023255813953488372,False,9,low
5952,True,medium,False,True,0.075,False,13,low
5953,False,short,False,True,0.06976744186046512,False,10,low
5954,False,medium,False,False,0.24285714285714285,False,18,high
5955,True,long,True,False,0.05952380952380952,False,20,low
5956,False,short,False,False,0.07692307692307693,False,12,low
5957,False,long,False,False,0.05747126436781609,False,21,low
5958,False,short,False,False,0.6,False,3,high
5959,False,long,True,False,0.03669724770642202,False,23,low
5960,False,long,False,False,0.09090909090909091,False,19,low
5961,False,long,False,False,0.02586206896551724,False,20,low
5962,False,long,False,False,0.0784313725490196,False,20,low
5963,False,long,True,False,0.03125,False,21,low
5964,False,short,False,False,0.08695652173913043,False,9,low
5965,False,short,False,False,0.08,False,7,low
5966,False,short,False,True,0.07407407407407407,False,12,low
5967,False,long,True,False,0.14285714285714285,False,23,high
5968,False,long,False,False,0.022222222222222223,False,19,low
5969,False,short,False,False,0.0,False,8,none
5970,False,medium,False,False,0.18461538461538463,False,16,high
5971,False,short,False,False,0.0136986301369863,False,12,low
5972,False,medium,False,False,0.03296703296703297,False,16,low
5973,False,medium,False,False,0.1527777777777778,False,17,high
5974,False,short,False,False,0.0,False,8,none
5975,False,short,False,False,0.375,False,12,high
5976,False,long,False,False,0.058823529411764705,False,19,low
5977,False,long,False,True,0.36633663366336633,False,23,high
5978,False,medium,False,False,0.1875,False,14,high
5979,False,short,False,False,0.0,False,4,none
5980,False,short,False,False,0.0975609756097561,False,11,low
5981,False,medium,False,False,0.12,False,13,high
5982,False,short,False,False,0.07272727272727272,False,10,low
5983,False,short,False,False,0.0847457627118644,False,7,low
5984,False,long,False,True,0.05555555555555555,False,23,low
5985,False,medium,False,False,0.057971014492753624,False,14,low
5986,False,medium,False,False,0.04477611940298507,False,18,low
5987,False,medium,False,False,0.07608695652173914,False,15,low
5988,False,short,False,False,0.125,False,12,high
5989,False,short,False,False,0.2545454545454545,False,12,high
5990,False,short,False,False,0.06,False,8,low
5991,False,short,False,False,0.14814814814814814,False,10,high
5992,False,short,False,False,0.25,False,12,high
5993,False,long,False,False,0.043478260869565216,False,20,low
5994,False,medium,False,False,0.13846153846153847,False,13,high
5995,False,long,False,False,0.6764705882352942,False,20,high
5996,False,short,False,False,0.06382978723404255,False,8,low
5997,False,medium,True,False,0.08,False,14,low
5998,False,long,False,True,0.028846153846153848,False,25,low
5999,False,short,False,False,0.24324324324324326,False,8,high
6000,False,long,False,False,0.022727272727272728,False,19,low
6001,False,long,False,False,0.07547169811320754,False,27,low
6002,False,long,False,False,0.0,False,21,none
6003,False,short,False,False,0.16,False,11,high
6004,False,medium,False,False,0.04819277108433735,False,18,low
6005,False,short,False,False,0.0,False,5,none
6006,False,medium,False,False,0.05,False,14,low
6007,False,long,False,False,0.05,False,19,low
6008,True,medium,False,True,0.0,False,18,none
6009,True,medium,False,False,0.1518987341772152,False,17,high
6010,False,long,False,True,0.0,False,24,none
6011,False,medium,False,False,0.08,False,18,low
6012,False,short,False,False,0.25925925925925924,False,10,high
6013,False,long,False,True,0.034482758620689655,False,23,low
6014,False,long,False,False,0.011363636363636364,False,19,low
6015,False,medium,False,False,0.15942028985507245,False,16,high
6016,False,long,False,True,0.03571428571428571,False,26,low
6017,False,medium,False,False,0.022988505747126436,False,16,low
6018,False,short,False,False,0.0,False,5,none
6019,False,medium,False,False,0.044444444444444446,False,16,low
6020,False,short,False,False,0.09090909090909091,False,3,low
6021,False,long,False,False,0.09195402298850575,False,20,low
6022,False,medium,False,False,0.07142857142857142,False,13,low
6023,False,long,False,True,0.0958904109589041,False,20,low
6024,False,short,False,False,0.22857142857142856,False,8,high
6025,False,medium,False,True,0.09210526315789473,False,17,low
6026,False,short,False,True,0.1206896551724138,False,7,high
6027,False,short,False,False,0.1282051282051282,False,10,high
6028,False,long,False,True,0.05102040816326531,False,23,low
6029,False,medium,False,False,0.04716981132075472,False,18,low
6030,False,medium,False,False,0.02127659574468085,False,18,low
6031,False,medium,False,False,0.08823529411764706,False,14,low
6032,True,medium,False,False,0.1125,False,15,high
6033,False,long,False,False,0.04854368932038835,False,23,low
6034,False,medium,False,False,0.19318181818181818,False,15,high
6035,False,long,False,False,0.05747126436781609,False,21,low
6036,False,short,False,False,0.16666666666666666,False,11,high
6037,False,short,False,False,0.05660377358490566,False,12,low
6038,False,short,False,False,0.16666666666666666,False,7,high
6039,False,medium,False,False,0.23684210526315788,False,15,high
6040,False,long,True,False,0.05,False,19,low
6041,False,long,False,False,0.056818181818181816,False,20,low
6042,False,long,False,True,0.010638297872340425,False,21,low
6043,False,medium,False,False,0.17857142857142858,False,17,high
6044,False,long,True,True,0.04938271604938271,False,23,low
6045,False,medium,False,False,0.029411764705882353,False,17,low
6046,False,short,False,False,0.06097560975609756,False,12,low
6047,True,short,False,False,0.045454545454545456,False,9,low
6048,False,long,False,False,0.08653846153846154,False,26,low
6049,False,short,False,False,0.0,False,7,none
6050,False,short,False,False,0.15217391304347827,False,10,high
6051,False,long,False,False,0.13402061855670103,False,22,high
6052,False,short,False,False,0.04081632653061224,False,12,low
6053,True,short,False,False,0.10294117647058823,False,11,high
6054,False,medium,False,False,0.030303030303030304,False,15,low
6055,False,long,False,False,0.053763440860215055,False,19,low
6056,False,medium,False,False,0.03225806451612903,False,18,low
6057,False,short,False,False,0.18867924528301888,False,7,high
6058,False,short,False,False,0.04081632653061224,False,10,low
6059,False,long,False,False,0.03409090909090909,False,19,low
6060,False,medium,False,False,0.05263157894736842,False,16,low
6061,False,long,False,True,0.0761904761904762,False,21,low
6062,False,short,False,False,0.09195402298850575,False,10,low
6063,False,long,False,False,0.12987012987012986,False,20,high
6064,False,short,False,False,0.08333333333333333,False,3,low
6065,False,medium,False,False,0.043478260869565216,False,13,low
6066,False,medium,False,True,0.05128205128205128,False,13,low
6067,False,medium,False,True,0.14492753623188406,False,15,high
6068,False,short,False,False,0.13636363636363635,False,10,high
6069,False,long,False,False,0.03488372093023256,False,20,low
6070,False,medium,False,True,0.07462686567164178,False,15,low
6071,False,short,False,False,0.14666666666666667,False,10,high
6072,False,medium,False,False,0.02830188679245283,False,18,low
6073,False,long,False,True,0.1125,False,20,high
6074,False,short,False,False,0.09803921568627451,False,10,low
6075,False,medium,False,False,0.05319148936170213,False,14,low
6076,False,long,False,True,0.061224489795918366,False,24,low
6077,False,short,False,False,0.14,False,8,high
6078,False,long,False,False,0.03571428571428571,False,22,low
6079,False,medium,False,False,0.10344827586206896,False,18,high
6080,False,medium,False,True,0.07407407407407407,False,15,low
6081,False,short,False,False,0.12962962962962962,False,11,high
6082,False,short,False,False,0.09333333333333334,False,11,low
6083,False,long,False,True,0.03260869565217391,False,21,low
6084,False,short,False,False,0.06451612903225806,False,8,low
6085,False,long,False,False,0.11764705882352941,False,21,high
6086,False,medium,False,False,0.058823529411764705,False,14,low
6087,False,short,False,False,0.09333333333333334,False,12,low
6088,False,short,False,False,0.18518518518518517,False,11,high
6089,False,medium,False,True,0.15,False,14,high
6090,False,short,False,False,0.0,False,4,none
6091,False,short,False,False,0.08695652173913043,False,12,low
6092,False,medium,False,False,0.12,False,13,high
6093,False,long,False,False,0.018691588785046728,False,21,low
6094,False,short,False,False,1.0,False,8,high
6095,False,medium,False,True,0.08108108108108109,False,18,low
6096,False,short,False,False,0.48148148148148145,False,6,high
6097,False,short,False,True,0.1111111111111111,False,9,high
6098,False,long,False,False,0.05714285714285714,False,19,low
6099,False,medium,False,False,0.0684931506849315,False,18,low
6100,False,medium,False,False,0.04918032786885246,False,14,low
6101,False,long,False,False,0.054945054945054944,False,24,low
6102,False,long,False,False,0.010752688172043012,False,20,low
6103,False,long,False,False,0.0380952380952381,False,21,low
6104,False,short,False,True,0.12,False,9,high
6105,False,short,False,False,0.05357142857142857,False,11,low
6106,False,long,False,True,0.07142857142857142,False,20,low
6107,False,short,False,False,0.06818181818181818,False,10,low
6108,False,medium,True,True,0.06944444444444445,False,15,low
6109,False,long,False,False,0.0,False,20,none
6110,False,medium,False,True,0.06741573033707865,False,18,low
6111,False,short,False,False,0.2,False,8,high
6112,False,long,False,False,0.0,False,22,none
6113,False,long,False,False,0.043478260869565216,False,20,low
6114,False,short,False,False,0.024390243902439025,False,7,low
6115,False,medium,False,False,0.14814814814814814,False,16,high
6116,True,short,False,False,0.06666666666666667,False,12,low
6117,False,long,False,True,0.07865168539325842,False,22,low
6118,False,short,False,False,0.07017543859649122,False,10,low
6119,False,long,False,True,0.054945054945054944,False,21,low
6120,False,medium,False,True,0.05405405405405406,False,16,low
6121,False,medium,False,False,0.2073170731707317,False,16,high
6122,False,medium,False,False,0.010638297872340425,False,18,low
6123,False,short,False,False,0.08928571428571429,False,12,low
6124,False,medium,False,False,0.2753623188405797,False,15,high
6125,False,medium,False,False,0.07246376811594203,False,15,low
6126,False,short,False,False,0.06666666666666667,False,12,low
6127,False,medium,False,False,0.024096385542168676,False,17,low
6128,False,medium,False,False,0.12087912087912088,False,17,high
6129,False,long,True,False,0.02247191011235955,False,22,low
6130,False,medium,False,False,0.0989010989010989,False,17,low
6131,False,medium,False,False,0.01098901098901099,False,16,low
6132,False,short,False,True,0.03773584905660377,False,12,low
6133,False,short,False,True,0.19696969696969696,False,9,high
6134,False,medium,False,False,0.0,False,17,none
6135,False,long,False,False,0.1095890410958904,False,22,high
6136,False,long,False,False,0.030303030303030304,False,21,low
6137,False,short,False,False,0.19101123595505617,False,12,high
6138,False,short,False,False,0.041666666666666664,False,8,low
6139,False,long,False,False,0.05309734513274336,False,23,low
6140,False,short,False,False,0.13924050632911392,False,8,high
6141,False,short,False,False,0.11320754716981132,False,7,high
6142,False,medium,False,False,0.6575342465753424,False,15,high
6143,False,short,False,False,0.15151515151515152,False,8,high
6144,False,short,False,False,0.16455696202531644,False,8,high
6145,False,long,False,False,0.06593406593406594,False,19,low
6146,False,medium,False,False,0.43820224719101125,False,14,high
6147,False,short,False,False,0.1111111111111111,False,10,high
6148,False,short,False,False,0.0392156862745098,False,9,low
6149,False,short,False,False,0.13513513513513514,False,5,high
6150,False,medium,False,False,0.16346153846153846,False,16,high
6151,False,long,False,False,0.05555555555555555,False,24,low
6152,False,short,False,False,0.03636363636363636,False,11,low
6153,False,medium,False,False,0.023255813953488372,False,17,low
6154,False,medium,False,False,0.06493506493506493,False,14,low
6155,False,medium,False,False,0.1686746987951807,False,18,high
6156,False,short,False,False,0.20634920634920634,False,12,high
6157,False,long,False,False,0.03296703296703297,False,21,low
6158,False,short,False,False,0.041666666666666664,False,9,low
6159,False,short,False,False,0.11764705882352941,False,5,high
6160,False,medium,False,False,0.19117647058823528,False,16,high
6161,False,long,True,False,0.027522935779816515,False,23,low
6162,False,short,False,False,0.08695652173913043,False,4,low
6163,True,short,False,False,0.03225806451612903,False,9,low
6164,False,medium,False,False,0.06976744186046512,False,16,low
6165,True,medium,False,False,0.08333333333333333,False,16,low
6166,False,short,False,False,0.08333333333333333,False,4,low
6167,False,long,False,False,0.06976744186046512,False,20,low
6168,False,short,False,False,0.36363636363636365,False,10,high
6169,False,medium,False,False,0.04285714285714286,False,16,low
6170,False,medium,False,False,0.16853932584269662,False,15,high
6171,False,short,False,False,0.1111111111111111,False,12,high
6172,False,long,False,False,0.046511627906976744,False,22,low
6173,False,medium,False,False,0.02531645569620253,False,17,low
6174,False,short,False,False,0.08333333333333333,False,9,low
6175,False,medium,False,False,0.052083333333333336,False,17,low
6176,False,short,True,False,0.12,False,9,high
6177,False,medium,False,False,0.3333333333333333,False,14,high
6178,False,medium,False,False,0.057692307692307696,False,14,low
6179,False,medium,False,False,0.06493506493506493,False,13,low
6180,False,short,False,False,0.041666666666666664,False,6,low
6181,False,short,False,False,0.10714285714285714,False,11,high
6182,False,short,False,False,0.12903225806451613,False,12,high
6183,False,medium,False,False,0.1875,False,13,high
6184,True,short,False,False,0.14285714285714285,False,8,high
6185,False,long,False,False,0.20454545454545456,False,19,high
6186,False,long,True,False,0.07446808510638298,False,21,low
6187,False,medium,False,False,0.04285714285714286,False,15,low
6188,False,medium,False,False,0.0967741935483871,False,13,low
6189,False,medium,False,False,0.7368421052631579,False,16,high
6190,False,long,False,False,0.018018018018018018,False,23,low
6191,False,short,False,False,0.03333333333333333,False,9,low
6192,False,short,True,False,0.10344827586206896,False,5,high
6193,False,long,False,False,0.0625,False,22,low
6194,False,medium,True,False,0.07526881720430108,False,18,low
6195,False,medium,False,False,0.023529411764705882,False,18,low
6196,True,medium,False,False,0.16176470588235295,False,16,high
6197,False,long,False,True,0.02912621359223301,False,23,low
6198,False,short,False,False,0.14666666666666667,False,11,high
6199,False,short,False,False,0.08695652173913043,False,8,low
6200,False,medium,False,False,0.10144927536231885,False,18,high
6201,False,short,False,False,0.08,False,12,low
6202,False,long,False,False,0.02127659574468085,False,20,low
6203,False,short,False,False,0.022727272727272728,False,8,low
6204,False,short,False,False,0.06153846153846154,False,10,low
6205,False,medium,False,False,0.029850746268656716,False,13,low
6206,False,long,False,False,0.06666666666666667,False,24,low
6207,False,short,False,False,0.04838709677419355,False,11,low
6208,False,medium,False,True,0.06756756756756757,False,14,low
6209,False,medium,False,False,0.08771929824561403,False,16,low
6210,False,medium,False,False,0.10227272727272728,False,15,high
6211,True,short,False,False,0.08823529411764706,False,8,low
6212,False,long,False,True,0.010309278350515464,False,20,low
6213,False,short,False,False,0.078125,False,8,low
6214,False,long,True,True,0.050505050505050504,False,22,low
6215,False,long,False,True,0.038461538461538464,False,20,low
6216,False,long,False,True,0.030303030303030304,False,20,low
6217,False,short,False,False,0.1794871794871795,False,10,high
6218,False,short,False,False,0.19672131147540983,False,12,high
6219,False,long,False,True,0.06521739130434782,False,19,low
6220,False,short,False,False,0.2916666666666667,False,4,high
6221,False,long,False,False,0.056179775280898875,False,21,low
6222,False,medium,False,False,0.10416666666666667,False,16,high
6223,False,long,True,True,0.058823529411764705,False,22,low
6224,False,long,True,False,0.07207207207207207,False,21,low
6225,False,short,False,False,0.12962962962962962,False,7,high
6226,False,medium,False,True,0.014285714285714285,False,17,low
6227,False,short,False,True,0.0,False,7,none
6228,False,short,False,False,0.17391304347826086,False,8,high
6229,False,short,False,False,0.1282051282051282,False,7,high
6230,False,long,False,False,0.11827956989247312,False,21,high
6231,False,short,False,False,0.1509433962264151,False,11,high
6232,False,short,False,False,0.05333333333333334,False,12,low
6233,False,medium,False,True,0.1044776119402985,False,17,high
6234,False,long,False,False,0.22641509433962265,False,22,high
6235,False,medium,False,False,0.03614457831325301,False,16,low
6236,False,medium,False,False,0.08823529411764706,False,14,low
6237,False,long,True,False,0.0,False,23,none
6238,False,medium,False,True,0.0,False,13,none
6239,False,short,False,False,0.10975609756097561,False,12,high
6240,False,short,False,False,0.0,False,9,none
6241,False,short,False,False,0.0,False,9,none
6242,False,short,False,False,0.18181818181818182,False,6,high
6243,False,medium,True,True,0.0379746835443038,False,17,low
6244,False,short,False,False,0.08163265306122448,False,11,low
6245,False,medium,False,False,0.05714285714285714,False,13,low
6246,False,short,False,False,0.06060606060606061,False,11,low
6247,False,long,True,True,0.04807692307692308,False,26,low
6248,False,short,False,False,0.029411764705882353,False,8,low
6249,False,long,False,False,0.02127659574468085,False,20,low
6250,True,medium,False,False,0.06578947368421052,False,17,low
6251,False,medium,False,True,0.031578947368421054,False,18,low
6252,True,short,False,False,0.16666666666666666,False,2,high
6253,False,medium,False,False,0.19402985074626866,False,14,high
6254,False,short,False,False,0.10126582278481013,False,12,high
6255,False,medium,False,False,0.29545454545454547,False,13,high
6256,False,long,False,True,0.5365853658536586,False,22,high
6257,False,short,False,False,0.2391304347826087,False,4,high
6258,False,short,False,False,0.041666666666666664,False,9,low
6259,False,medium,False,False,0.10309278350515463,False,15,high
6260,False,short,False,False,0.14583333333333334,False,8,high
6261,False,long,False,False,0.12307692307692308,False,19,high
6262,False,medium,False,False,0.12037037037037036,False,17,high
6263,False,short,False,True,0.10204081632653061,False,10,high
6264,False,short,False,False,0.25,False,9,high
6265,False,long,False,False,0.11320754716981132,False,23,high
6266,False,long,False,False,0.06542056074766354,False,27,low
6267,False,short,False,False,0.11428571428571428,False,7,high
6268,False,short,False,False,0.05357142857142857,False,11,low
6269,False,long,False,False,0.028846153846153848,False,28,low
6270,False,short,False,False,0.13043478260869565,False,12,high
6271,False,long,False,False,0.054945054945054944,False,21,low
6272,False,short,False,False,0.09375,False,5,low
6273,False,long,False,False,0.08737864077669903,False,24,low
6274,False,medium,False,False,0.03529411764705882,False,16,low
6275,False,medium,False,False,0.010752688172043012,False,18,low
6276,False,short,False,False,0.0784313725490196,False,12,low
6277,False,long,False,False,0.02631578947368421,False,25,low
6278,False,short,False,False,0.06521739130434782,False,4,low
6279,False,short,False,False,0.05970149253731343,False,9,low
6280,False,medium,False,False,0.05813953488372093,False,14,low
6281,False,medium,False,False,0.030927835051546393,False,17,low
6282,False,medium,False,False,0.035398230088495575,False,14,low
6283,False,medium,False,False,0.019230769230769232,False,13,low
6284,False,medium,False,False,0.07894736842105263,False,17,low
6285,True,short,False,False,0.5641025641025641,False,6,high
6286,False,medium,False,False,0.16091954022988506,False,15,high
6287,False,medium,False,False,0.07446808510638298,False,16,low
6288,False,medium,False,False,0.0547945205479452,False,17,low
6289,False,medium,False,False,0.07272727272727272,False,13,low
6290,False,short,False,False,0.05555555555555555,False,9,low
6291,False,short,False,False,0.0,False,9,none
6292,False,long,False,True,0.043478260869565216,False,20,low
6293,False,short,False,False,0.019230769230769232,False,11,low
6294,False,short,False,False,0.09433962264150944,False,11,low
6295,False,long,False,True,0.13,False,19,high
6296,True,short,False,False,0.10714285714285714,True,12,high
6297,False,long,False,False,0.1643835616438356,False,21,high
6298,False,medium,False,False,0.10752688172043011,False,16,high
6299,False,short,False,False,0.0,False,7,none
6300,False,long,False,False,0.011904761904761904,False,20,low
6301,False,long,False,False,0.07317073170731707,False,19,low
6302,False,medium,False,False,0.043478260869565216,False,13,low
6303,True,medium,False,False,0.06756756756756757,False,15,low
6304,False,long,False,False,0.16842105263157894,False,22,high
6305,False,short,False,False,0.05555555555555555,False,9,low
6306,False,long,False,False,0.04,False,21,low
6307,False,short,False,False,0.08955223880597014,False,9,low
6308,False,long,False,True,0.038834951456310676,False,26,low
6309,False,medium,False,True,0.024390243902439025,False,17,low
6310,False,medium,False,True,0.7101449275362319,False,15,high
6311,False,medium,False,True,0.057971014492753624,False,18,low
6312,False,short,False,False,0.04,False,10,low
6313,False,short,False,False,0.0,False,7,none
6314,False,long,False,False,0.09523809523809523,False,22,low
6315,False,short,False,False,0.10526315789473684,False,4,high
6316,False,short,False,False,0.058823529411764705,False,7,low
6317,False,long,False,False,0.009900990099009901,False,19,low
6318,False,medium,False,False,0.06741573033707865,False,14,low
6319,False,short,False,False,0.01818181818181818,False,11,low
6320,False,long,False,True,0.034482758620689655,False,20,low
6321,False,long,False,True,0.14444444444444443,False,23,high
6322,False,short,False,False,0.15384615384615385,False,7,high
6323,False,medium,False,False,0.0449438202247191,False,17,low
6324,False,short,False,False,0.1935483870967742,False,8,high
6325,False,short,False,False,0.07142857142857142,False,6,low
6326,False,long,True,True,0.012048192771084338,False,21,low
6327,False,long,False,True,0.030303030303030304,False,21,low
6328,False,short,False,False,0.1527777777777778,False,12,high
6329,False,long,False,False,0.4166666666666667,False,20,high
6330,False,medium,False,True,0.05434782608695652,False,16,low
6331,False,medium,True,True,0.10714285714285714,False,15,high
6332,False,medium,False,False,0.14130434782608695,False,16,high
6333,False,medium,False,False,0.125,False,13,high
6334,False,short,False,False,0.05,False,10,low
6335,False,long,False,False,0.05,False,19,low
6336,False,short,False,False,0.044444444444444446,False,6,low
6337,False,short,False,False,0.07272727272727272,False,9,low
6338,True,short,False,False,0.025974025974025976,False,6,low
6339,True,short,False,False,0.125,False,4,high
6340,False,medium,False,False,1.0,False,14,high
6341,False,long,True,True,0.033707865168539325,False,19,low
6342,False,medium,False,False,0.0410958904109589,False,16,low
6343,False,short,False,False,0.17073170731707318,False,9,high
6344,False,long,False,False,0.08695652173913043,False,22,low
6345,False,long,False,False,0.06862745098039216,False,19,low
6346,False,short,False,False,0.1,False,11,low
6347,False,long,False,True,0.0660377358490566,False,21,low
6348,False,short,False,False,0.03225806451612903,False,10,low
6349,False,medium,False,False,0.1095890410958904,False,16,high
6350,False,short,False,False,0.20408163265306123,False,11,high
6351,False,medium,False,False,0.03508771929824561,False,17,low
6352,False,short,False,False,0.03125,False,10,low
6353,False,short,False,False,0.04081632653061224,False,11,low
6354,False,long,True,False,0.05434782608695652,False,21,low
6355,False,long,False,False,0.06481481481481481,False,25,low
6356,True,medium,False,False,0.45,False,17,high
6357,False,medium,False,False,0.0,False,15,none
6358,False,long,False,False,0.0,False,19,none
6359,False,long,False,False,0.033707865168539325,False,19,low
6360,False,medium,False,False,0.02666666666666667,False,15,low
6361,False,long,False,False,0.02830188679245283,False,25,low
6362,False,short,False,False,0.08571428571428572,False,11,low
6363,False,long,False,False,0.11764705882352941,False,20,high
6364,False,medium,False,False,0.05154639175257732,False,16,low
6365,False,long,False,False,0.0975609756097561,False,23,low
6366,False,short,False,False,0.14516129032258066,False,7,high
6367,False,medium,False,False,0.10465116279069768,False,17,high
6368,False,short,False,True,0.2878787878787879,False,12,high
6369,False,long,False,False,0.4158415841584158,False,22,high
6370,False,long,True,False,0.05154639175257732,False,26,low
6371,True,short,False,False,0.043478260869565216,False,6,low
6372,False,short,False,False,0.05263157894736842,False,10,low
6373,False,medium,False,False,0.012195121951219513,False,18,low
6374,False,short,False,False,0.02564102564102564,False,8,low
6375,False,medium,False,False,0.023529411764705882,False,16,low
6376,False,short,False,False,0.19047619047619047,False,12,high
6377,False,short,False,True,0.08888888888888889,False,10,low
6378,False,medium,False,True,0.125,False,14,high
6379,False,medium,False,False,0.07246376811594203,False,15,low
6380,False,short,False,False,0.1388888888888889,False,8,high
6381,True,short,False,False,0.10909090909090909,False,11,high
6382,False,medium,False,True,0.24444444444444444,False,14,high
6383,False,short,False,False,0.061224489795918366,False,12,low
6384,False,long,True,True,0.08333333333333333,False,22,low
6385,False,medium,False,True,0.0,False,18,none
6386,False,long,False,False,0.07954545454545454,False,22,low
6387,False,short,False,False,0.1016949152542373,False,10,high
6388,False,long,False,False,0.0,False,19,none
6389,False,medium,False,True,0.05,False,15,low
6390,False,long,False,True,0.0,False,19,none
6391,False,medium,False,False,0.13846153846153847,False,14,high
6392,False,medium,False,False,0.05434782608695652,False,15,low
6393,False,medium,False,True,0.05263157894736842,False,15,low
6394,False,short,True,False,0.14285714285714285,False,9,high
6395,False,long,False,True,0.12037037037037036,False,23,high
6396,False,medium,True,False,0.0,False,13,none
6397,False,short,False,False,0.0392156862745098,False,12,low
6398,True,short,False,False,0.125,False,4,high
6399,False,medium,False,False,0.013888888888888888,False,17,low
6400,False,short,False,False,0.08571428571428572,False,11,low
6401,False,long,False,False,0.06666666666666667,False,19,low
6402,False,short,False,False,0.20833333333333334,False,10,high
6403,False,short,False,False,0.1,False,12,low
6404,False,long,False,True,0.0,False,25,none
6405,False,medium,False,False,0.23333333333333334,False,14,high
6406,False,short,False,False,0.1,False,12,low
6407,False,medium,False,False,0.24742268041237114,False,16,high
6408,False,medium,False,False,0.1076923076923077,False,17,high
6409,False,long,True,False,0.0625,False,20,low
6410,False,short,False,False,0.02631578947368421,False,11,low
6411,False,short,False,False,0.01818181818181818,False,9,low
6412,False,short,False,False,0.0967741935483871,False,12,low
6413,False,medium,False,False,0.017857142857142856,False,14,low
6414,False,long,False,True,0.0375,False,21,low
6415,False,long,False,False,0.021739130434782608,False,22,low
6416,False,long,False,False,0.08333333333333333,False,19,low
6417,False,long,True,True,0.0196078431372549,False,27,low
6418,False,medium,False,False,0.14814814814814814,False,17,high
6419,False,long,False,False,0.028846153846153848,False,25,low
6420,False,short,False,False,0.0,False,3,none
6421,False,medium,False,False,0.02040816326530612,False,18,low
6422,False,short,False,True,0.1875,False,11,high
6423,False,long,True,True,1.0,False,21,high
6424,False,medium,False,False,0.6923076923076923,False,17,high
6425,False,medium,False,False,0.23076923076923078,False,16,high
6426,False,short,False,False,0.021739130434782608,False,9,low
6427,False,medium,False,False,0.14814814814814814,False,18,high
6428,True,medium,False,True,0.05555555555555555,False,14,low
6429,False,long,False,False,0.047619047619047616,False,19,low
6430,False,short,False,False,0.05263157894736842,False,9,low
6431,False,medium,False,False,0.07407407407407407,False,18,low
6432,False,medium,False,False,0.028169014084507043,False,17,low
6433,False,short,False,False,0.13846153846153847,False,10,high
6434,False,long,False,True,0.20535714285714285,False,25,high
6435,False,medium,False,False,0.023809523809523808,False,16,low
6436,False,short,False,False,0.1875,False,7,high
6437,False,medium,False,False,0.0660377358490566,False,17,low
6438,False,medium,False,False,0.16901408450704225,False,13,high
6439,False,short,False,False,0.030303030303030304,False,8,low
6440,False,medium,False,True,0.125,False,14,high
6441,False,medium,False,False,0.12643678160919541,False,15,high
6442,False,medium,True,False,0.025,False,18,low
6443,False,short,False,False,0.0,False,5,none
6444,False,medium,False,False,0.0,False,18,none
6445,False,short,False,False,0.21052631578947367,False,3,high
6446,True,long,False,True,0.04854368932038835,False,23,low
6447,False,short,False,False,0.16326530612244897,False,12,high
6448,False,short,False,False,0.6190476190476191,False,5,high
6449,False,medium,False,False,0.13131313131313133,False,18,high
6450,False,short,False,False,0.2857142857142857,False,5,high
6451,False,short,False,False,0.2,False,2,high
6452,False,short,False,False,0.1111111111111111,False,7,high
6453,False,medium,False,False,0.18518518518518517,False,17,high
6454,False,medium,False,True,0.047619047619047616,False,17,low
6455,False,medium,False,False,0.044642857142857144,False,18,low
6456,False,short,False,False,0.0,False,11,none
6457,False,medium,False,False,0.08771929824561403,False,14,low
6458,False,short,False,False,0.17647058823529413,False,10,high
6459,True,short,False,False,0.22413793103448276,True,8,high
6460,False,medium,False,False,0.12,False,15,high
6461,False,medium,False,False,0.1518987341772152,False,14,high
6462,False,short,False,False,0.6263736263736264,False,9,high
6463,False,long,False,True,0.019801980198019802,False,21,low
6464,True,medium,False,False,0.01282051282051282,False,16,low
6465,False,short,False,False,0.061224489795918366,False,12,low
6466,False,medium,False,False,0.10294117647058823,False,14,high
6467,False,short,False,False,0.06521739130434782,False,11,low
6468,False,medium,False,False,0.10144927536231885,False,14,high
6469,False,short,False,False,0.06382978723404255,False,7,low
6470,False,long,True,False,0.031914893617021274,False,21,low
6471,False,long,False,False,0.02040816326530612,False,22,low
6472,False,short,False,False,0.17307692307692307,False,11,high
6473,False,short,False,False,0.08,False,11,low
6474,False,short,False,False,0.03125,False,4,low
6475,True,short,False,False,0.01639344262295082,False,11,low
6476,False,medium,False,False,0.2962962962962963,False,13,high
6477,False,short,False,False,0.047619047619047616,False,5,low
6478,False,long,False,False,0.06382978723404255,False,20,low
6479,False,medium,False,False,0.11475409836065574,False,13,high
6480,False,long,False,False,0.061224489795918366,False,22,low
6481,False,short,False,True,0.0,False,7,none
6482,True,long,False,False,0.04081632653061224,False,29,low
6483,False,long,False,False,0.009174311926605505,False,23,low
6484,False,medium,False,False,0.0136986301369863,False,15,low
6485,False,medium,False,False,0.02247191011235955,False,13,low
6486,False,short,False,False,0.2413793103448276,False,10,high
6487,False,long,False,True,0.14953271028037382,False,25,high
6488,False,short,False,False,0.08620689655172414,False,9,low
6489,True,long,True,True,0.02197802197802198,False,23,low
6490,False,long,False,False,0.061855670103092786,False,22,low
6491,False,medium,False,False,0.041666666666666664,False,13,low
6492,False,long,False,False,0.1111111111111111,False,19,high
6493,False,medium,False,False,0.06818181818181818,False,16,low
6494,False,short,False,False,0.02631578947368421,False,6,low
6495,False,short,False,False,0.05,False,6,low
6496,False,long,False,True,0.04854368932038835,False,25,low
6497,False,medium,False,False,0.028985507246376812,False,15,low
6498,False,medium,False,False,0.056818181818181816,False,18,low
6499,False,medium,False,False,0.10344827586206896,False,13,high
6500,False,short,False,True,0.045454545454545456,False,12,low
6501,False,medium,False,False,0.0,False,16,none
6502,False,medium,False,False,0.07865168539325842,False,18,low
6503,True,medium,False,True,0.11864406779661017,False,13,high
6504,False,long,True,True,0.07058823529411765,False,21,low
6505,False,short,False,False,0.0847457627118644,False,11,low
6506,False,long,False,False,0.24444444444444444,False,25,high
6507,False,medium,False,False,0.02702702702702703,False,18,low
6508,False,short,False,False,0.34782608695652173,False,9,high
6509,False,short,False,True,0.03571428571428571,False,12,low
6510,True,medium,False,False,0.1509433962264151,False,13,high
6511,False,medium,False,False,0.02197802197802198,False,15,low
6512,False,medium,False,False,0.0625,False,13,low
6513,False,medium,False,False,0.12903225806451613,False,18,high
6514,False,medium,False,False,0.1,False,18,low
6515,False,medium,False,True,0.18309859154929578,False,14,high
6516,False,long,True,True,0.05063291139240506,False,22,low
6517,False,medium,False,False,0.2318840579710145,False,13,high
6518,False,long,False,False,0.0,False,20,none
6519,False,short,False,False,0.07272727272727272,False,8,low
6520,False,medium,False,False,0.07792207792207792,False,17,low
6521,False,short,False,False,0.0,True,12,none
6522,False,short,False,False,0.015625,False,10,low
6523,False,long,False,False,0.019417475728155338,False,22,low
6524,False,short,False,False,0.08695652173913043,False,7,low
6525,False,medium,False,False,0.21739130434782608,False,14,high
6526,False,medium,False,False,0.024691358024691357,False,18,low
6527,False,short,False,False,0.1095890410958904,False,11,high
6528,False,short,False,False,0.9111111111111111,False,9,high
6529,True,short,False,False,0.5365853658536586,False,8,high
6530,False,medium,False,False,0.1702127659574468,False,17,high
6531,True,short,False,False,0.1794871794871795,False,8,high
6532,True,medium,False,False,0.12857142857142856,False,13,high
6533,False,medium,False,False,0.20253164556962025,False,14,high
6534,False,short,False,False,0.275,False,5,high
6535,False,medium,False,False,0.028985507246376812,False,14,low
6536,False,long,False,True,0.09302325581395349,False,19,low
6537,False,short,False,False,0.2857142857142857,False,11,high
6538,False,long,False,False,0.28125,False,20,high
6539,False,short,False,False,0.013157894736842105,False,12,low
6540,False,medium,False,False,0.1717171717171717,False,17,high
6541,False,long,False,False,0.05309734513274336,False,22,low
6542,False,long,False,True,0.031578947368421054,False,19,low
6543,False,medium,False,False,0.9523809523809523,False,16,high
6544,False,long,False,False,0.031914893617021274,False,22,low
6545,False,medium,True,False,0.03125,False,16,low
6546,False,long,False,False,0.010638297872340425,False,22,low
6547,False,medium,False,False,0.05194805194805195,False,18,low
6548,False,long,False,False,0.07476635514018691,False,22,low
6549,True,short,False,False,0.1518987341772152,False,12,high
6550,False,short,False,False,0.17647058823529413,False,5,high
6551,False,short,False,False,0.11320754716981132,False,9,high
6552,False,short,False,False,0.047619047619047616,False,9,low
6553,False,short,False,False,0.20634920634920634,False,12,high
6554,True,medium,False,False,0.0945945945945946,False,18,low
6555,False,short,False,False,0.12727272727272726,False,12,high
6556,False,long,False,False,0.0,False,20,none
6557,False,long,False,False,0.041666666666666664,False,22,low
6558,False,medium,False,True,0.07228915662650602,False,15,low
6559,False,medium,False,False,0.0,False,18,none
6560,False,medium,False,False,0.022988505747126436,False,18,low
6561,False,short,False,False,0.08571428571428572,True,7,low
6562,False,long,False,False,0.07777777777777778,False,19,low
6563,False,short,False,False,0.02857142857142857,False,7,low
6564,False,medium,False,False,0.13432835820895522,False,14,high
6565,False,medium,False,True,0.0,False,14,none
6566,False,long,False,False,0.08888888888888889,False,21,low
6567,False,long,False,True,0.12962962962962962,False,25,high
6568,False,medium,False,True,0.06451612903225806,False,17,low
6569,False,long,False,False,0.8723404255319149,False,22,high
6570,True,long,False,False,0.19148936170212766,False,22,high
6571,True,short,False,False,0.23529411764705882,False,5,high
6572,True,short,False,False,0.07936507936507936,False,10,low
6573,False,short,False,False,0.07142857142857142,False,12,low
6574,False,medium,False,False,0.014492753623188406,True,13,low
6575,False,short,False,False,0.03125,False,12,low
6576,True,medium,False,False,0.27631578947368424,False,15,high
6577,False,medium,False,True,0.08333333333333333,False,17,low
6578,False,long,False,False,0.03409090909090909,False,21,low
6579,False,long,False,False,0.08888888888888889,False,20,low
6580,False,short,False,False,0.2,False,6,high
6581,False,medium,False,False,0.06779661016949153,False,14,low
6582,False,short,False,False,0.11320754716981132,False,11,high
6583,False,long,False,True,0.045454545454545456,False,26,low
6584,True,medium,False,False,0.2765957446808511,False,14,high
6585,False,long,True,True,0.12280701754385964,False,22,high
6586,False,long,False,True,0.1595744680851064,False,22,high
6587,False,long,False,False,0.019417475728155338,False,27,low
6588,False,long,False,False,0.0625,False,19,low
6589,False,medium,False,True,0.30434782608695654,False,17,high
6590,False,long,False,False,0.02727272727272727,False,24,low
6591,False,long,False,True,0.11956521739130435,False,23,high
6592,False,short,False,False,0.05263157894736842,False,10,low
6593,False,long,False,True,0.03529411764705882,False,25,low
6594,False,medium,False,False,0.0,False,13,none
6595,False,short,False,False,0.15942028985507245,False,11,high
6596,False,short,False,False,0.5862068965517241,False,12,high
6597,False,medium,False,False,0.15853658536585366,False,18,high
6598,False,long,False,True,0.042105263157894736,False,20,low
6599,False,long,False,False,0.058823529411764705,False,24,low
6600,False,medium,False,False,0.07407407407407407,False,17,low
6601,False,medium,False,False,0.0625,False,17,low
6602,False,short,False,False,0.1590909090909091,False,11,high
6603,False,long,True,False,0.02912621359223301,False,30,low
6604,False,medium,False,True,0.04,False,15,low
6605,False,long,False,True,0.06542056074766354,False,29,low
6606,False,medium,False,False,0.14606741573033707,False,15,high
6607,False,long,False,False,0.17045454545454544,False,20,high
6608,False,long,False,False,0.05405405405405406,False,23,low
6609,False,short,False,False,0.04838709677419355,False,9,low
6610,False,long,False,False,0.02857142857142857,False,19,low
6611,False,long,False,True,0.044642857142857144,False,22,low
6612,False,long,False,False,0.056074766355140186,False,22,low
6613,False,short,False,False,0.0847457627118644,False,11,low
6614,False,long,True,False,0.10714285714285714,False,25,high
6615,True,medium,False,False,0.10344827586206896,False,15,high
6616,False,short,False,False,0.14,False,8,high
6617,False,long,False,False,0.008547008547008548,False,21,low
6618,True,short,False,False,0.2857142857142857,False,4,high
6619,False,long,False,False,0.10465116279069768,False,24,high
6620,False,long,True,True,0.04597701149425287,False,22,low
6621,False,long,False,False,0.22727272727272727,True,21,high
6622,False,long,False,False,0.010752688172043012,False,23,low
6623,False,medium,False,False,0.42105263157894735,False,16,high
6624,False,short,False,False,0.1388888888888889,False,12,high
6625,False,medium,False,False,0.08974358974358974,False,17,low
6626,False,long,True,False,0.05434782608695652,False,22,low
6627,False,medium,False,True,0.0875,False,17,low
6628,False,medium,False,False,0.03333333333333333,False,13,low
6629,False,short,False,True,0.0,False,11,none
6630,False,long,False,False,0.10377358490566038,False,21,high
6631,False,medium,False,False,0.18,False,14,high
6632,False,long,False,True,0.027777777777777776,False,25,low
6633,True,medium,True,False,0.06896551724137931,False,13,low
6634,False,short,False,False,0.07692307692307693,False,9,low
6635,False,short,False,False,0.18072289156626506,False,7,high
6636,False,short,False,False,0.0,False,6,none
6637,False,short,False,False,0.07894736842105263,False,8,low
6638,False,short,False,False,0.1276595744680851,False,8,high
6639,True,medium,False,False,0.2549019607843137,False,15,high
6640,False,long,False,False,0.06172839506172839,False,19,low
6641,False,long,False,False,0.14606741573033707,False,21,high
6642,False,medium,False,True,0.04395604395604396,False,15,low
6643,False,medium,False,False,0.0,False,15,none
6644,False,short,False,False,0.15384615384615385,False,9,high
6645,True,long,True,True,0.028037383177570093,False,22,low
6646,False,medium,False,True,0.04225352112676056,False,13,low
6647,False,short,False,False,0.06,False,11,low
6648,False,short,False,False,0.09615384615384616,False,8,low
6649,False,medium,False,False,0.02040816326530612,False,15,low
6650,False,medium,False,False,0.0967741935483871,False,18,low
6651,False,long,False,False,0.053763440860215055,False,20,low
6652,False,medium,False,False,0.04938271604938271,False,13,low
6653,False,medium,False,False,0.17045454545454544,False,16,high
6654,False,medium,False,False,0.04597701149425287,False,15,low
6655,False,long,False,False,0.06542056074766354,False,21,low
6656,False,medium,False,False,0.07446808510638298,False,16,low
6657,False,long,False,True,0.043478260869565216,False,19,low
6658,False,long,False,False,0.043478260869565216,False,21,low
6659,False,short,False,False,0.14814814814814814,False,12,high
6660,False,medium,False,False,0.7407407407407407,False,13,high
6661,False,short,False,False,0.05,False,12,low
6662,False,medium,False,False,0.08333333333333333,False,15,low
6663,False,short,False,False,0.6222222222222222,False,9,high
6664,False,long,False,True,0.03333333333333333,False,21,low
6665,False,long,False,False,0.06140350877192982,False,24,low
6666,True,short,False,False,0.2,False,7,high
6667,False,medium,False,False,0.07042253521126761,False,16,low
6668,False,short,False,False,0.125,False,3,high
6669,False,short,False,True,0.1,False,7,low
6670,False,short,False,False,1.0,False,2,high
6671,False,medium,False,False,0.0625,False,15,low
6672,False,short,False,False,0.7272727272727273,False,12,high
6673,False,short,False,False,0.15151515151515152,False,7,high
6674,False,short,False,False,0.2545454545454545,False,9,high
6675,False,long,False,False,0.07446808510638298,False,25,low
6676,False,short,False,True,0.0392156862745098,False,11,low
6677,False,medium,False,False,0.14583333333333334,False,15,high
6678,False,medium,False,False,0.07692307692307693,False,14,low
6679,False,short,False,False,0.0851063829787234,False,10,low
6680,False,medium,False,False,0.12857142857142856,False,15,high
6681,True,medium,True,False,0.034482758620689655,False,15,low
6682,False,long,False,False,0.008928571428571428,False,21,low
6683,False,medium,False,False,0.02,False,14,low
6684,False,medium,False,False,0.11594202898550725,False,14,high
6685,False,long,False,False,0.010101010101010102,False,19,low
6686,False,short,False,False,0.140625,False,10,high
6687,False,medium,False,False,0.0547945205479452,False,14,low
6688,False,medium,False,True,0.08333333333333333,False,17,low
6689,True,short,False,False,0.08,False,5,low
6690,False,long,False,False,0.04950495049504951,False,23,low
6691,False,short,False,False,0.2,False,5,high
6692,False,long,False,False,0.061946902654867256,False,19,low
6693,False,medium,False,False,0.06349206349206349,False,16,low
6694,False,long,True,True,0.05102040816326531,False,23,low
6695,False,short,False,False,0.15,False,5,high
6696,False,short,False,True,0.0392156862745098,False,8,low
6697,False,short,False,False,0.25316455696202533,False,10,high
6698,False,short,False,False,0.014084507042253521,False,12,low
6699,False,long,False,False,0.010309278350515464,False,24,low
6700,False,long,False,False,0.07894736842105263,False,23,low
6701,False,short,False,False,0.11538461538461539,False,7,high
6702,False,long,False,False,0.07692307692307693,False,22,low
6703,False,short,False,False,0.029411764705882353,False,7,low
6704,False,long,False,False,0.045871559633027525,False,19,low
6705,False,long,False,False,0.05309734513274336,False,23,low
6706,False,long,False,False,0.14130434782608695,False,20,high
6707,False,long,False,False,0.05434782608695652,False,21,low
6708,False,long,False,True,0.054945054945054944,False,23,low
6709,False,short,False,False,0.07407407407407407,False,6,low
6710,True,long,False,False,0.027777777777777776,False,27,low
6711,False,medium,False,False,0.13636363636363635,False,14,high
6712,True,short,False,True,0.07692307692307693,False,4,low
6713,False,short,False,False,0.24324324324324326,False,10,high
6714,False,short,False,False,0.09375,False,8,low
6715,False,long,False,False,0.08235294117647059,False,22,low
6716,False,medium,False,False,0.06666666666666667,False,16,low
6717,False,medium,False,False,0.06097560975609756,False,14,low
6718,False,medium,False,True,0.05405405405405406,False,17,low
6719,False,long,False,False,0.03125,False,20,low
6720,False,medium,False,False,0.17105263157894737,False,15,high
6721,False,short,False,True,0.0,False,7,none
6722,False,medium,False,False,0.265625,False,16,high
6723,False,medium,False,False,0.0,False,14,none
6724,False,medium,False,False,0.21,False,15,high
6725,False,long,False,False,0.03,False,20,low
6726,False,short,False,False,0.06,False,9,low
6727,False,long,False,False,0.05309734513274336,False,22,low
6728,False,long,False,False,0.050505050505050504,False,20,low
6729,True,short,False,True,0.05405405405405406,False,7,low
6730,False,medium,False,True,0.08771929824561403,False,16,low
6731,False,long,False,False,0.07272727272727272,False,25,low
6732,False,medium,False,False,0.9259259259259259,False,13,high
6733,False,medium,False,True,0.1016949152542373,False,13,high
6734,False,long,False,False,0.06818181818181818,False,20,low
6735,False,short,False,False,0.109375,False,11,high
6736,False,long,True,False,0.03125,False,28,low
6737,False,long,False,False,0.14473684210526316,False,21,high
6738,False,long,False,True,0.15315315315315314,False,19,high
6739,True,long,False,True,0.06976744186046512,False,20,low
6740,True,long,False,True,0.04081632653061224,False,26,low
6741,False,long,False,False,0.0,False,19,none
6742,False,long,False,False,0.1,False,20,low
6743,False,short,False,False,0.1111111111111111,False,8,high
6744,False,long,True,True,0.14583333333333334,False,21,high
6745,False,long,False,False,0.0,False,19,none
6746,False,medium,False,False,0.08064516129032258,False,15,low
6747,True,short,False,False,0.02127659574468085,False,9,low
6748,False,short,False,False,0.027777777777777776,False,5,low
6749,False,short,False,True,0.04081632653061224,False,9,low
6750,False,short,False,False,0.04,False,12,low
6751,False,medium,False,False,0.14583333333333334,False,13,high
6752,False,long,False,False,0.019417475728155338,False,20,low
6753,False,long,False,False,0.1348314606741573,False,20,high
6754,False,medium,False,False,0.08,False,18,low
6755,False,short,False,False,0.13793103448275862,False,8,high
6756,False,short,False,False,0.0196078431372549,False,11,low
6757,False,medium,False,False,0.04225352112676056,False,14,low
6758,False,medium,False,False,0.12857142857142856,False,18,high
6759,False,long,False,False,0.12903225806451613,False,22,high
6760,False,medium,False,True,0.03076923076923077,False,16,low
6761,False,long,False,True,0.06060606060606061,False,27,low
6762,False,medium,False,True,0.04819277108433735,False,18,low
6763,False,short,False,False,0.04,False,5,low
6764,False,medium,False,False,0.05434782608695652,False,14,low
6765,True,medium,False,False,0.1267605633802817,False,13,high
6766,False,long,False,False,0.0379746835443038,False,19,low
6767,False,short,False,False,0.1509433962264151,False,9,high
6768,False,long,False,True,0.046511627906976744,False,23,low
6769,False,long,False,True,0.05555555555555555,False,23,low
6770,False,medium,False,False,0.017241379310344827,False,13,low
6771,False,long,False,False,1.0,False,19,high
6772,False,medium,False,False,0.08695652173913043,False,13,low
6773,False,medium,False,False,0.15463917525773196,False,17,high
6774,False,medium,False,True,0.39361702127659576,False,18,high
6775,False,medium,False,False,0.3492063492063492,False,14,high
6776,False,short,False,False,0.16,False,6,high
6777,False,long,False,False,0.07692307692307693,False,22,low
6778,False,long,False,True,0.06382978723404255,False,20,low
6779,False,medium,False,False,0.017241379310344827,False,16,low
6780,False,long,False,True,0.030612244897959183,False,23,low
6781,True,long,False,False,0.9259259259259259,False,21,high
6782,False,short,False,False,0.08108108108108109,False,7,low
6783,False,short,False,False,0.06944444444444445,False,11,low
6784,False,long,False,True,0.07692307692307693,False,20,low
6785,False,long,False,False,0.08791208791208792,False,20,low
6786,False,short,True,False,0.038461538461538464,False,12,low
6787,False,long,True,True,0.03125,False,22,low
6788,True,short,False,False,0.14754098360655737,False,8,high
6789,False,long,False,False,0.06593406593406594,False,20,low
6790,False,long,False,False,0.12048192771084337,False,21,high
6791,False,short,False,False,0.09090909090909091,False,12,low
6792,False,medium,False,False,0.12280701754385964,False,17,high
6793,False,long,False,False,0.23863636363636365,False,24,high
6794,True,long,False,False,0.07766990291262135,False,21,low
6795,False,long,False,False,0.06140350877192982,False,22,low
6796,False,long,False,False,0.16129032258064516,False,22,high
6797,False,short,False,False,0.15151515151515152,False,7,high
6798,False,medium,False,False,0.3050847457627119,False,15,high
6799,False,long,False,False,0.20192307692307693,False,23,high
6800,True,short,False,False,0.028169014084507043,False,6,low
6801,False,medium,False,False,0.03125,False,17,low
6802,False,long,True,True,0.09722222222222222,False,24,low
6803,False,medium,False,False,0.033707865168539325,False,15,low
6804,False,short,False,False,0.14492753623188406,False,11,high
6805,False,medium,False,False,0.15942028985507245,False,14,high
6806,False,short,False,False,0.1111111111111111,False,7,high
6807,False,medium,False,False,0.13095238095238096,False,18,high
6808,False,short,False,False,0.030303030303030304,False,10,low
6809,False,long,False,False,0.02531645569620253,False,21,low
6810,False,long,False,True,0.10588235294117647,False,19,high
6811,False,long,False,False,0.031914893617021274,False,19,low
6812,False,short,False,False,0.05660377358490566,False,9,low
6813,False,long,True,True,0.0449438202247191,False,23,low
6814,False,long,False,False,0.09090909090909091,False,24,low
6815,False,long,False,False,0.03409090909090909,False,19,low
6816,False,long,False,False,0.058823529411764705,False,25,low
6817,False,short,False,False,0.1951219512195122,False,9,high
6818,True,long,False,True,0.1038961038961039,False,23,high
6819,False,long,False,True,0.02857142857142857,False,25,low
6820,False,short,False,False,0.5072463768115942,False,12,high
6821,False,long,False,True,0.3173076923076923,False,21,high
6822,False,short,False,False,0.14035087719298245,False,11,high
6823,False,long,False,False,0.08,True,23,low
6824,True,long,False,True,0.09090909090909091,False,22,low
6825,False,long,False,False,0.04054054054054054,False,20,low
6826,False,short,False,False,0.13333333333333333,False,4,high
6827,False,medium,False,False,0.02531645569620253,False,15,low
6828,False,short,False,False,0.07272727272727272,False,10,low
6829,False,short,False,False,0.1346153846153846,False,12,high
6830,False,long,False,False,0.027522935779816515,False,23,low
6831,False,long,False,True,0.06976744186046512,False,19,low
6832,False,medium,False,False,0.016129032258064516,False,16,low
6833,False,medium,False,False,0.18032786885245902,False,16,high
6834,True,medium,False,True,0.08974358974358974,True,17,low
6835,False,short,False,False,0.18604651162790697,False,9,high
6836,False,long,False,False,0.0,False,19,none
6837,False,medium,False,False,0.06382978723404255,False,16,low
6838,False,medium,False,False,0.0967741935483871,False,14,low
6839,True,medium,False,False,0.10975609756097561,False,15,high
6840,False,long,False,False,0.012658227848101266,False,19,low
6841,False,short,False,True,0.17142857142857143,False,9,high
6842,False,long,True,False,0.11538461538461539,False,19,high
6843,True,long,False,True,0.0,False,19,none
6844,False,short,False,False,0.03333333333333333,False,8,low
6845,False,short,False,False,0.22666666666666666,False,9,high
6846,False,short,False,False,0.0,False,6,none
6847,False,medium,False,False,0.019801980198019802,False,17,low
6848,False,long,False,False,0.018867924528301886,False,19,low
6849,False,short,False,False,0.20454545454545456,False,9,high
6850,False,medium,False,False,0.05555555555555555,False,14,low
6851,False,short,False,False,0.1,False,5,low
6852,False,short,False,False,0.0136986301369863,False,11,low
6853,False,short,False,False,0.26666666666666666,False,9,high
6854,False,medium,False,True,0.0,False,14,none
6855,False,long,False,False,0.1,False,22,low
6856,False,short,False,False,0.0,False,7,none
6857,False,medium,False,False,0.1095890410958904,False,17,high
6858,False,short,False,False,0.13793103448275862,False,8,high
6859,False,short,False,False,0.034482758620689655,False,8,low
6860,False,short,False,False,0.22972972972972974,False,7,high
6861,True,long,False,True,0.06521739130434782,False,19,low
6862,False,long,False,False,0.03,False,23,low
6863,False,medium,False,False,0.022988505747126436,False,17,low
6864,True,short,False,False,0.030303030303030304,False,9,low
6865,False,medium,False,False,0.04819277108433735,False,17,low
6866,False,medium,False,False,0.034482758620689655,False,16,low
6867,False,short,False,False,0.12195121951219512,False,8,high
6868,False,short,False,False,0.05555555555555555,False,12,low
6869,False,medium,False,False,0.08139534883720931,False,16,low
6870,False,medium,False,False,0.13432835820895522,False,15,high
6871,False,long,False,False,0.10989010989010989,False,19,high
6872,False,medium,False,False,0.06896551724137931,False,17,low
6873,False,short,False,False,0.06976744186046512,False,10,low
6874,False,short,False,False,0.0847457627118644,False,10,low
6875,False,long,False,False,0.054945054945054944,False,21,low
6876,False,medium,False,False,0.12087912087912088,False,18,high
6877,False,long,False,True,0.03614457831325301,False,23,low
6878,False,short,False,False,0.12643678160919541,False,8,high
6879,False,medium,False,False,0.06493506493506493,False,18,low
6880,False,long,False,False,0.16071428571428573,False,19,high
6881,False,short,False,True,0.02040816326530612,False,11,low
6882,False,medium,False,False,0.1623931623931624,False,18,high
6883,False,medium,False,False,0.1875,False,14,high
6884,False,medium,False,False,0.08433734939759036,False,15,low
6885,False,long,False,False,0.10091743119266056,False,23,high
6886,False,medium,False,False,0.08045977011494253,False,16,low
6887,False,medium,False,False,0.08536585365853659,False,18,low
6888,False,long,True,True,0.05263157894736842,False,21,low
6889,False,long,False,False,0.033707865168539325,False,21,low
6890,False,medium,False,False,0.11940298507462686,False,13,high
6891,False,short,False,False,0.24561403508771928,False,12,high
6892,False,short,False,False,0.07547169811320754,False,12,low
6893,False,medium,False,False,0.07608695652173914,False,15,low
6894,False,short,False,False,0.11904761904761904,False,12,high
6895,False,long,False,True,0.13333333333333333,False,22,high
6896,False,long,False,False,0.06521739130434782,False,19,low
6897,False,long,False,False,0.0449438202247191,False,19,low
6898,False,medium,False,False,0.14545454545454545,False,13,high
6899,False,medium,False,False,0.509090909090909,False,18,high
6900,False,short,False,False,0.07575757575757576,False,8,low
6901,False,medium,False,False,0.05263157894736842,False,16,low
6902,False,long,False,False,0.023255813953488372,False,21,low
6903,False,long,False,False,0.03636363636363636,False,22,low
6904,False,short,False,False,0.05555555555555555,False,5,low
6905,False,medium,False,False,0.07216494845360824,False,14,low
6906,False,medium,False,False,0.03125,False,13,low
6907,False,medium,False,False,0.19230769230769232,False,14,high
6908,False,short,False,False,0.09090909090909091,False,7,low
6909,False,short,True,False,0.10714285714285714,False,12,high
6910,False,short,False,False,0.12903225806451613,False,7,high
6911,False,medium,False,False,0.05063291139240506,False,18,low
6912,False,long,True,True,0.028846153846153848,False,27,low
6913,False,medium,False,False,0.12844036697247707,False,13,high
6914,False,short,False,False,0.15384615384615385,False,12,high
6915,False,medium,False,False,0.07228915662650602,False,15,low
6916,False,short,False,False,0.12121212121212122,False,12,high
6917,False,medium,False,False,0.11403508771929824,False,17,high
6918,False,long,False,False,0.07017543859649122,False,22,low
6919,False,long,False,False,0.12121212121212122,False,20,high
6920,False,short,False,False,0.12903225806451613,False,8,high
6921,False,short,False,False,0.15384615384615385,False,5,high
6922,False,long,False,True,0.09782608695652174,False,26,low
6923,False,medium,False,False,0.08433734939759036,False,18,low
6924,False,medium,False,False,0.06976744186046512,False,16,low
6925,False,short,False,False,0.10344827586206896,False,8,high
6926,False,short,False,False,0.2222222222222222,False,9,high
6927,False,medium,False,True,0.05263157894736842,False,17,low
6928,False,medium,False,False,0.03409090909090909,False,18,low
6929,False,long,False,False,0.018691588785046728,False,20,low
6930,False,medium,False,False,0.06060606060606061,False,15,low
6931,False,long,False,True,0.3684210526315789,False,19,high
6932,False,long,False,True,0.06,False,22,low
6933,False,medium,False,False,0.07042253521126761,False,13,low
6934,False,medium,False,False,0.13636363636363635,False,13,high
6935,False,medium,False,False,0.13402061855670103,False,13,high
6936,False,long,False,True,0.05555555555555555,False,27,low
6937,False,long,False,True,0.07407407407407407,False,26,low
6938,False,long,False,False,0.05102040816326531,False,19,low
6939,False,medium,False,False,0.1368421052631579,False,17,high
6940,False,long,False,False,0.10576923076923077,False,28,high
6941,False,short,False,False,0.11290322580645161,False,12,high
6942,False,short,False,False,0.08333333333333333,False,7,low
6943,False,medium,False,False,0.2,False,14,high
6944,False,long,False,False,0.0,False,22,none
6945,False,medium,False,False,0.09722222222222222,False,13,low
6946,False,short,False,False,0.07692307692307693,False,6,low
6947,False,long,False,True,0.036036036036036036,False,21,low
6948,False,long,True,True,0.05813953488372093,False,22,low
6949,False,medium,False,True,0.15217391304347827,False,18,high
6950,False,medium,False,True,0.08333333333333333,False,18,low
6951,False,medium,False,False,0.047058823529411764,False,17,low
6952,False,long,False,False,0.042105263157894736,False,19,low
6953,True,long,True,False,0.10810810810810811,False,27,high
6954,False,long,False,True,0.011764705882352941,False,23,low
6955,False,short,False,False,0.07575757575757576,False,12,low
6956,False,long,False,False,0.050505050505050504,False,22,low
6957,False,medium,False,False,0.17391304347826086,False,14,high
6958,False,short,False,False,0.0,False,10,none
6959,False,short,False,False,0.1095890410958904,False,10,high
6960,False,medium,False,False,0.04411764705882353,False,14,low
6961,False,medium,False,False,0.03571428571428571,False,15,low
6962,False,short,False,False,0.02857142857142857,False,6,low
6963,False,medium,False,False,0.22727272727272727,False,15,high
6964,False,medium,True,True,0.016129032258064516,False,15,low
6965,False,short,False,True,0.14473684210526316,False,12,high
6966,False,long,False,True,0.056818181818181816,False,20,low
6967,False,medium,False,False,0.09523809523809523,False,18,low
6968,False,short,True,True,0.05263157894736842,False,8,low
6969,False,short,False,False,0.10344827586206896,False,10,high
6970,False,long,False,True,0.018018018018018018,False,24,low
6971,False,short,False,False,0.047619047619047616,False,9,low
6972,False,long,False,False,0.05825242718446602,False,22,low
6973,False,short,False,False,0.125,False,1,high
6974,False,medium,False,False,0.09803921568627451,False,15,low
6975,True,long,False,False,0.0963855421686747,False,21,low
6976,False,long,False,True,0.1134020618556701,False,21,high
6977,False,medium,False,False,0.10126582278481013,False,18,high
6978,False,long,False,False,0.04950495049504951,False,29,low
6979,False,long,False,False,0.06666666666666667,False,19,low
6980,False,medium,False,True,0.05454545454545454,False,15,low
6981,False,medium,False,False,0.009345794392523364,False,17,low
6982,False,long,False,False,0.021052631578947368,False,20,low
6983,False,medium,False,False,0.10843373493975904,False,16,high
6984,False,medium,False,False,0.07216494845360824,False,15,low
6985,False,medium,False,False,0.16176470588235295,False,13,high
6986,False,short,False,False,0.20930232558139536,False,9,high
6987,False,medium,False,False,0.025,False,15,low
6988,False,long,False,False,0.0392156862745098,False,24,low
6989,False,short,False,False,0.14634146341463414,False,10,high
6990,False,short,False,False,0.017241379310344827,False,12,low
6991,False,short,False,False,0.08888888888888889,False,11,low
6992,False,short,False,False,0.03225806451612903,False,6,low
6993,False,medium,False,False,0.19767441860465115,False,18,high
6994,False,medium,False,False,0.03125,False,13,low
6995,False,long,False,False,0.03409090909090909,False,21,low
6996,False,medium,False,False,0.08450704225352113,False,14,low
6997,True,short,False,False,0.2608695652173913,False,11,high
6998,False,medium,True,False,0.0,False,18,none
6999,False,long,False,False,0.10638297872340426,False,20,high
7000,False,long,False,False,0.05504587155963303,False,22,low
7001,False,medium,False,False,0.05405405405405406,False,17,low
7002,False,medium,False,False,0.136986301369863,False,13,high
7003,False,medium,False,False,0.17777777777777778,False,15,high
7004,False,short,False,False,0.06451612903225806,False,9,low
7005,False,medium,False,False,0.037037037037037035,False,15,low
7006,False,medium,False,True,0.046153846153846156,False,15,low
7007,False,short,False,False,0.21621621621621623,False,7,high
7008,False,short,False,False,0.044444444444444446,False,9,low
7009,False,medium,False,False,0.12222222222222222,False,16,high
7010,False,short,False,False,0.043478260869565216,False,5,low
7011,False,long,False,False,0.09,False,20,low
7012,False,long,False,False,0.08035714285714286,False,27,low
7013,False,long,False,False,0.28440366972477066,False,29,high
7014,False,short,False,True,0.04838709677419355,False,11,low
7015,False,medium,False,False,0.0547945205479452,False,15,low
7016,True,short,False,False,0.16071428571428573,False,10,high
7017,False,medium,False,False,0.07228915662650602,False,15,low
7018,False,short,False,False,0.047619047619047616,False,11,low
7019,False,short,False,False,0.075,False,6,low
7020,False,short,False,False,0.10526315789473684,False,7,high
7021,False,long,False,False,0.01020408163265306,False,23,low
7022,False,short,False,False,0.037037037037037035,False,11,low
7023,False,long,False,True,0.046511627906976744,False,20,low
7024,False,long,False,True,0.13636363636363635,False,21,high
7025,False,short,False,False,0.06451612903225806,False,11,low
7026,False,short,False,False,0.0392156862745098,False,9,low
7027,False,long,False,True,0.037037037037037035,False,25,low
7028,False,medium,False,False,0.046153846153846156,False,14,low
7029,False,long,False,False,0.11627906976744186,False,20,high
7030,False,long,False,True,0.030303030303030304,False,19,low
7031,False,short,False,False,0.1282051282051282,False,10,high
7032,False,long,False,False,0.047619047619047616,False,21,low
7033,False,medium,False,False,0.1038961038961039,False,13,high
7034,False,medium,False,False,0.01694915254237288,False,13,low
7035,False,long,False,True,0.05319148936170213,False,19,low
7036,False,long,False,True,0.07142857142857142,False,25,low
7037,False,medium,False,False,0.0547945205479452,False,13,low
7038,False,medium,True,False,0.014285714285714285,False,13,low
7039,False,long,False,False,0.10256410256410256,False,20,high
7040,False,medium,False,False,0.06521739130434782,False,18,low
7041,False,long,False,False,0.045454545454545456,False,26,low
7042,False,long,False,False,0.07777777777777778,False,26,low
7043,True,medium,False,False,0.016666666666666666,False,17,low
7044,False,medium,False,False,0.19298245614035087,False,15,high
7045,False,long,False,False,0.06382978723404255,False,20,low
7046,False,long,False,False,0.12345679012345678,False,19,high
7047,False,long,False,False,0.14150943396226415,False,21,high
7048,False,medium,False,False,0.1368421052631579,False,17,high
7049,False,medium,False,False,0.2222222222222222,False,13,high
7050,False,medium,False,False,0.21666666666666667,False,15,high
7051,False,medium,False,False,0.12087912087912088,False,16,high
7052,False,short,False,False,0.19607843137254902,False,12,high
7053,False,medium,False,False,0.056338028169014086,False,15,low
7054,False,medium,True,True,0.06593406593406594,False,17,low
7055,False,short,False,True,0.07352941176470588,False,12,low
7056,True,short,False,False,0.05,False,5,low
7057,False,long,True,False,0.008928571428571428,False,25,low
7058,False,short,False,False,0.2571428571428571,False,7,high
7059,False,medium,False,False,0.12371134020618557,False,18,high
7060,False,medium,False,False,0.11235955056179775,False,17,high
7061,False,short,False,False,0.17777777777777778,False,7,high
7062,False,medium,False,False,0.06451612903225806,False,13,low
7063,False,short,False,False,0.15217391304347827,False,9,high
7064,False,long,False,False,0.01818181818181818,False,21,low
7065,False,medium,False,False,0.16304347826086957,False,18,high
7066,False,long,False,True,0.10185185185185185,False,25,high
7067,False,long,False,False,0.05172413793103448,False,22,low
7068,False,medium,False,False,0.014285714285714285,False,17,low
7069,True,medium,False,False,0.05813953488372093,False,17,low
7070,False,short,False,False,0.13636363636363635,False,4,high
7071,False,long,False,False,0.10843373493975904,False,20,high
7072,False,short,False,False,0.07692307692307693,False,7,low
7073,False,short,False,True,0.0,False,10,none
7074,False,medium,False,False,0.031578947368421054,False,17,low
7075,False,short,False,False,0.10714285714285714,False,11,high
7076,False,short,False,False,0.37777777777777777,False,8,high
7077,False,medium,False,False,0.1791044776119403,False,14,high
7078,False,short,False,True,0.14754098360655737,False,7,high
7079,False,long,False,False,0.03225806451612903,False,22,low
7080,False,long,False,False,0.08928571428571429,False,22,low
7081,False,short,False,False,0.08333333333333333,False,9,low
7082,False,long,True,False,0.05,False,24,low
7083,False,medium,False,False,0.11764705882352941,False,18,high
7084,False,medium,False,True,0.02631578947368421,False,16,low
7085,False,long,False,False,0.06862745098039216,False,19,low
7086,False,long,False,False,0.046296296296296294,False,20,low
7087,False,short,False,False,0.10526315789473684,False,7,high
7088,False,long,False,False,0.033707865168539325,False,20,low
7089,True,long,False,False,0.0273972602739726,False,21,low
7090,False,medium,False,False,0.0,False,17,none
7091,False,short,False,False,0.1,False,10,low
7092,True,short,False,False,0.19230769230769232,False,5,high
7093,False,short,False,True,0.019230769230769232,False,10,low
7094,False,short,False,False,0.075,False,8,low
7095,False,short,False,False,0.0,False,4,none
7096,False,medium,False,False,0.13636363636363635,False,15,high
7097,False,short,False,False,0.17142857142857143,False,6,high
7098,False,short,False,True,0.12903225806451613,False,8,high
7099,False,short,False,True,0.061224489795918366,False,11,low
7100,False,long,False,False,0.038834951456310676,False,23,low
7101,False,short,False,False,0.037037037037037035,False,7,low
7102,False,medium,False,False,0.03125,False,15,low
7103,False,short,False,False,0.08,False,11,low
7104,False,short,False,False,0.0625,False,10,low
7105,False,medium,False,False,0.48717948717948717,False,16,high
7106,False,medium,False,False,0.21428571428571427,False,15,high
7107,False,medium,False,True,0.028985507246376812,False,17,low
7108,False,long,False,False,0.05357142857142857,False,25,low
7109,False,medium,False,False,0.03260869565217391,False,15,low
7110,False,short,False,False,0.14035087719298245,False,11,high
7111,False,long,False,True,0.07954545454545454,False,22,low
7112,False,short,False,False,0.8648648648648649,False,10,high
7113,False,long,False,False,0.06315789473684211,False,19,low
7114,False,short,False,False,0.38461538461538464,True,5,high
7115,False,medium,False,False,0.06521739130434782,False,15,low
7116,False,short,False,False,0.09302325581395349,False,8,low
7117,False,short,False,True,0.12195121951219512,False,10,high
7118,False,medium,False,False,0.031578947368421054,False,18,low
7119,False,short,False,True,0.05555555555555555,False,6,low
7120,False,short,False,False,0.044444444444444446,False,9,low
7121,False,medium,False,False,0.1774193548387097,False,15,high
7122,False,medium,False,False,0.04,False,13,low
7123,False,long,False,False,0.052083333333333336,False,24,low
7124,False,short,False,False,0.12903225806451613,False,3,high
7125,False,long,False,False,0.042105263157894736,False,24,low
7126,False,medium,False,False,0.2564102564102564,False,15,high
7127,False,medium,False,False,0.045454545454545456,False,18,low
7128,False,medium,False,False,0.04938271604938271,False,13,low
7129,False,short,False,False,0.13513513513513514,False,8,high
7130,False,long,False,False,0.02727272727272727,False,26,low
7131,False,short,False,False,0.03333333333333333,False,10,low
7132,False,long,False,False,0.034482758620689655,False,19,low
7133,False,medium,False,False,0.1566265060240964,False,17,high
7134,False,short,False,False,0.041666666666666664,False,8,low
7135,False,medium,False,False,0.125,False,15,high
7136,False,medium,True,True,0.047619047619047616,False,13,low
7137,False,long,False,True,0.0196078431372549,False,21,low
7138,False,long,False,True,0.04950495049504951,False,25,low
7139,False,long,False,False,0.022988505747126436,False,20,low
7140,False,medium,True,False,0.2127659574468085,False,16,high
7141,False,medium,False,False,0.12222222222222222,False,15,high
7142,False,long,False,False,0.02247191011235955,False,19,low
7143,False,medium,False,False,0.10843373493975904,False,17,high
7144,False,long,False,True,0.022727272727272728,False,20,low
7145,False,medium,False,False,0.3088235294117647,False,16,high
7146,False,long,False,False,0.024691358024691357,False,21,low
7147,False,short,False,False,0.04878048780487805,False,10,low
7148,False,short,False,True,0.08695652173913043,False,10,low
7149,False,short,False,False,0.10714285714285714,False,7,high
7150,False,medium,False,False,0.22093023255813954,True,17,high
7151,False,medium,False,False,0.14736842105263157,False,16,high
7152,True,long,True,False,0.031914893617021274,False,25,low
7153,False,medium,False,False,0.1095890410958904,False,13,high
7154,False,medium,False,False,0.09523809523809523,False,13,low
7155,False,medium,False,True,0.04040404040404041,False,18,low
7156,False,long,False,False,0.039603960396039604,False,21,low
7157,False,short,False,False,0.4166666666666667,False,11,high
7158,False,short,False,False,0.06493506493506493,False,12,low
7159,False,medium,False,False,0.03614457831325301,False,17,low
7160,False,long,True,False,0.03669724770642202,False,29,low
7161,False,medium,False,False,0.020202020202020204,False,18,low
7162,True,long,False,True,0.18292682926829268,False,19,high
7163,False,short,False,False,0.034482758620689655,False,4,low
7164,False,short,False,False,0.0,False,7,none
7165,True,short,False,False,0.043478260869565216,False,12,low
7166,False,short,False,False,0.10909090909090909,False,10,high
7167,False,short,False,False,0.023809523809523808,False,7,low
7168,False,short,False,True,0.23684210526315788,False,10,high
7169,False,medium,False,False,0.07352941176470588,False,13,low
7170,False,long,False,False,0.023529411764705882,False,22,low
7171,False,long,False,False,0.046296296296296294,False,27,low
7172,False,short,False,False,0.06521739130434782,False,9,low
7173,False,long,False,False,0.07692307692307693,False,23,low
7174,False,long,False,False,0.018691588785046728,False,20,low
7175,False,short,False,False,0.05,False,7,low
7176,False,short,False,False,0.08333333333333333,False,12,low
7177,False,short,False,False,0.01639344262295082,False,9,low
7178,True,long,False,False,0.041666666666666664,False,26,low
7179,False,short,False,False,0.15384615384615385,False,6,high
7180,False,short,True,False,0.0,False,12,none
7181,False,short,False,True,0.24,False,6,high
7182,False,medium,False,False,0.0958904109589041,False,15,low
7183,False,long,False,False,0.19736842105263158,False,21,high
7184,False,long,False,False,0.1111111111111111,False,19,high
7185,True,medium,False,False,0.028169014084507043,True,17,low
7186,False,medium,False,False,0.06896551724137931,False,14,low
7187,False,long,False,False,0.09090909090909091,False,25,low
7188,False,short,False,False,0.13541666666666666,False,10,high
7189,False,long,False,False,0.019230769230769232,False,25,low
7190,False,short,False,False,0.2830188679245283,False,12,high
7191,False,medium,False,True,0.0,False,14,none
7192,False,medium,False,True,0.06451612903225806,False,15,low
7193,False,medium,False,False,0.0958904109589041,False,14,low
7194,False,long,False,False,0.11428571428571428,False,21,high
7195,False,medium,False,False,0.09090909090909091,False,16,low
7196,False,short,False,False,0.058823529411764705,False,6,low
7197,False,long,False,False,0.0375,False,21,low
7198,False,short,False,False,0.09375,False,7,low
7199,False,long,False,True,0.07526881720430108,False,23,low
7200,False,medium,False,False,0.08235294117647059,False,16,low
7201,False,medium,False,False,0.034482758620689655,False,13,low
7202,False,medium,False,False,0.15555555555555556,False,14,high
7203,False,long,False,False,0.0958904109589041,False,20,low
7204,False,medium,False,False,0.06779661016949153,False,15,low
7205,False,long,False,False,0.05555555555555555,False,24,low
7206,False,short,False,False,0.15384615384615385,False,5,high
7207,False,long,False,False,0.037037037037037035,False,21,low
7208,False,short,False,False,0.08,False,10,low
7209,False,long,False,False,0.033707865168539325,False,23,low
7210,False,medium,False,False,0.07792207792207792,False,14,low
7211,False,long,False,True,0.0,False,19,none
7212,False,medium,False,False,0.2153846153846154,False,15,high
7213,False,medium,False,False,0.03488372093023256,False,18,low
7214,False,medium,False,False,0.12162162162162163,False,16,high
7215,False,medium,False,False,0.03409090909090909,False,17,low
7216,False,long,False,True,0.12173913043478261,False,20,high
7217,False,long,False,False,0.2647058823529412,False,20,high
7218,False,short,False,False,0.18181818181818182,False,8,high
7219,False,short,False,True,0.21052631578947367,False,5,high
7220,False,short,False,False,0.08333333333333333,False,10,low
7221,False,short,False,False,0.17391304347826086,False,3,high
7222,False,short,False,False,0.109375,False,11,high
7223,False,medium,False,True,0.011235955056179775,False,16,low
7224,False,long,False,False,0.05714285714285714,False,19,low
7225,False,medium,False,True,0.031914893617021274,False,18,low
7226,False,medium,False,False,0.04819277108433735,False,17,low
7227,False,short,False,False,0.0625,False,7,low
7228,False,short,False,False,0.22641509433962265,False,9,high
7229,False,medium,False,False,0.12173913043478261,False,13,high
7230,False,medium,False,False,0.02,False,13,low
7231,False,long,False,True,0.020618556701030927,False,21,low
7232,False,medium,False,False,0.15517241379310345,False,13,high
7233,False,long,False,False,0.05660377358490566,False,22,low
7234,False,long,False,False,0.10526315789473684,False,20,high
7235,False,short,False,False,0.09090909090909091,False,7,low
7236,False,short,False,False,0.12,False,9,high
7237,False,long,False,False,0.06741573033707865,False,21,low
7238,False,medium,False,False,0.041237113402061855,False,16,low
7239,False,medium,False,True,0.18072289156626506,False,16,high
7240,True,long,False,True,0.08139534883720931,False,22,low
7241,False,short,False,False,0.17647058823529413,False,4,high
7242,False,short,False,False,0.030303030303030304,False,5,low
7243,False,long,True,False,0.10126582278481013,False,22,high
7244,True,short,False,False,0.09090909090909091,False,4,low
7245,False,medium,False,False,0.07547169811320754,False,14,low
7246,False,short,False,False,0.06493506493506493,False,12,low
7247,False,medium,False,False,0.06666666666666667,False,16,low
7248,False,long,False,False,0.06097560975609756,False,21,low
7249,False,short,False,False,0.59375,True,9,high
7250,False,medium,False,False,0.12941176470588237,False,17,high
7251,False,long,False,True,0.07692307692307693,False,21,low
7252,False,medium,False,False,0.11475409836065574,False,13,high
7253,False,long,False,False,0.16216216216216217,False,19,high
7254,False,short,False,False,0.05660377358490566,False,8,low
7255,False,short,False,False,0.08974358974358974,False,10,low
7256,False,short,False,False,0.14285714285714285,False,12,high
7257,False,long,False,True,0.06818181818181818,False,20,low
7258,False,short,False,False,0.13333333333333333,False,8,high
7259,False,medium,False,True,0.02564102564102564,False,17,low
7260,False,long,False,False,0.0196078431372549,False,21,low
7261,False,short,False,False,0.09859154929577464,False,12,low
7262,False,long,False,True,0.9528301886792453,False,24,high
7263,False,long,False,False,0.05154639175257732,False,28,low
7264,False,short,False,False,0.1566265060240964,False,10,high
7265,False,short,False,False,0.05263157894736842,False,3,low
7266,False,short,False,False,0.041666666666666664,False,8,low
7267,False,long,False,False,0.18478260869565216,False,23,high
7268,False,short,False,False,0.18604651162790697,False,12,high
7269,False,short,False,False,0.08,False,12,low
7270,False,medium,False,False,0.07058823529411765,False,15,low
7271,False,short,False,False,0.2608695652173913,False,5,high
7272,False,long,False,False,0.02247191011235955,False,19,low
7273,False,long,False,False,0.12345679012345678,False,21,high
7274,False,medium,False,False,0.012048192771084338,False,18,low
7275,False,long,False,False,0.060240963855421686,False,24,low
7276,False,medium,False,False,0.053763440860215055,False,17,low
7277,False,long,False,False,0.08421052631578947,False,27,low
7278,False,short,False,False,0.058823529411764705,False,8,low
7279,False,short,False,False,0.02,False,10,low
7280,False,long,False,False,0.011111111111111112,False,19,low
7281,True,short,False,False,0.02857142857142857,False,7,low
7282,False,short,False,False,0.125,False,10,high
7283,False,short,False,False,0.041666666666666664,False,4,low
7284,False,medium,False,False,0.07894736842105263,False,14,low
7285,False,long,False,False,0.06086956521739131,False,22,low
7286,False,short,False,False,0.058823529411764705,False,9,low
7287,False,long,False,False,0.18604651162790697,False,19,high
7288,False,short,False,False,0.2222222222222222,False,8,high
7289,True,long,False,False,0.30526315789473685,False,19,high
7290,False,short,False,False,0.15,False,5,high
7291,False,short,False,False,0.01818181818181818,False,10,low
7292,False,long,False,False,0.010638297872340425,False,21,low
7293,False,short,False,False,0.10909090909090909,False,11,high
7294,False,short,False,False,0.056338028169014086,False,12,low
7295,False,medium,False,False,0.0821917808219178,False,13,low
7296,False,short,False,False,0.09230769230769231,False,12,low
7297,False,long,False,True,0.06172839506172839,False,19,low
7298,False,short,False,False,0.2033898305084746,False,12,high
7299,False,long,False,False,0.03488372093023256,False,28,low
7300,False,long,False,False,0.05747126436781609,False,19,low
7301,False,medium,False,False,0.06896551724137931,False,18,low
7302,False,medium,False,False,0.25,False,14,high
7303,False,short,False,False,0.08333333333333333,False,8,low
7304,True,long,False,False,0.08163265306122448,False,22,low
7305,False,medium,False,False,0.015384615384615385,False,15,low
7306,False,medium,False,True,0.07352941176470588,False,13,low
7307,False,short,False,False,0.05405405405405406,False,7,low
7308,False,short,False,False,0.13793103448275862,False,11,high
7309,False,long,False,False,0.06944444444444445,False,19,low
7310,False,short,False,False,0.05194805194805195,False,12,low
7311,True,long,False,False,0.3148148148148148,False,25,high
7312,False,short,False,False,0.024390243902439025,False,8,low
7313,False,short,False,False,0.15384615384615385,False,7,high
7314,False,medium,False,False,0.08181818181818182,False,16,low
7315,False,long,False,False,0.18518518518518517,False,22,high
7316,False,short,False,False,0.2037037037037037,False,10,high
7317,False,short,False,False,0.12,False,8,high
7318,True,long,False,False,0.049019607843137254,False,23,low
7319,False,medium,False,True,0.052083333333333336,False,18,low
7320,False,long,False,False,0.05504587155963303,False,25,low
7321,False,medium,False,False,0.125,False,14,high
7322,False,short,False,False,0.024390243902439025,False,10,low
7323,False,long,False,True,0.0449438202247191,False,26,low
7324,False,medium,False,False,0.046511627906976744,False,17,low
7325,False,medium,False,False,0.06578947368421052,False,15,low
7326,False,medium,False,False,0.06382978723404255,False,15,low
7327,False,medium,False,False,0.06756756756756757,False,14,low
7328,True,short,False,False,0.14814814814814814,False,11,high
7329,False,short,False,False,0.09433962264150944,False,12,low
7330,False,short,False,False,0.21739130434782608,False,10,high
7331,False,short,False,False,0.05263157894736842,False,4,low
7332,False,long,False,False,0.04040404040404041,False,22,low
7333,True,long,False,True,0.047619047619047616,False,21,low
7334,False,short,False,False,0.09090909090909091,False,7,low
7335,False,medium,False,False,0.06818181818181818,False,17,low
7336,False,short,False,False,0.034482758620689655,False,11,low
7337,False,medium,False,False,0.1206896551724138,False,14,high
7338,False,long,False,False,0.036585365853658534,False,19,low
7339,False,short,False,False,0.02857142857142857,False,12,low
7340,False,medium,False,True,0.046153846153846156,False,18,low
7341,True,short,False,False,0.1232876712328767,False,10,high
7342,False,short,False,False,0.0,False,12,none
7343,False,medium,False,False,0.03333333333333333,False,15,low
7344,False,short,False,False,0.18181818181818182,False,12,high
7345,False,long,False,False,0.03529411764705882,False,19,low
7346,False,medium,False,True,0.078125,False,15,low
7347,False,long,False,False,0.08333333333333333,False,22,low
7348,True,medium,False,False,0.08928571428571429,False,13,low
7349,False,medium,False,False,0.15873015873015872,False,15,high
7350,False,long,False,False,0.04716981132075472,False,21,low
7351,False,medium,False,False,0.0,False,16,none
7352,False,short,False,False,0.19148936170212766,False,10,high
7353,False,short,False,False,0.08823529411764706,False,11,low
7354,False,long,False,True,0.05263157894736842,False,27,low
7355,False,long,False,False,0.07865168539325842,False,20,low
7356,False,long,False,True,0.03333333333333333,False,22,low
7357,False,short,False,False,0.041666666666666664,False,7,low
7358,False,medium,False,False,0.11363636363636363,False,15,high
7359,False,medium,False,False,0.04878048780487805,False,18,low
7360,False,short,False,False,0.0,False,5,none
7361,False,short,False,False,0.0,True,2,none
7362,False,short,False,False,0.14,False,10,high
7363,False,medium,False,False,0.12631578947368421,False,14,high
7364,False,medium,False,False,0.07777777777777778,False,14,low
7365,False,long,False,False,0.033707865168539325,False,19,low
7366,False,medium,False,False,0.08,False,16,low
7367,False,short,False,False,0.13157894736842105,False,9,high
7368,False,short,False,False,0.056179775280898875,False,10,low
7369,False,short,False,False,0.041666666666666664,False,10,low
7370,False,long,False,False,0.10377358490566038,False,24,high
7371,False,short,False,False,0.16216216216216217,False,5,high
7372,False,short,False,False,0.2,False,10,high
7373,False,long,False,False,0.07216494845360824,False,21,low
7374,False,medium,False,False,0.1111111111111111,False,18,high
7375,False,short,False,False,0.0975609756097561,False,3,low
7376,False,long,False,False,0.011235955056179775,False,20,low
7377,False,short,False,False,0.2,False,5,high
7378,False,long,False,False,0.13592233009708737,False,20,high
7379,False,short,False,False,0.03571428571428571,True,2,low
7380,False,medium,False,False,0.0967741935483871,False,18,low
7381,True,medium,False,False,0.047619047619047616,False,16,low
7382,False,short,False,False,0.1111111111111111,False,8,high
7383,False,long,False,False,0.13636363636363635,False,19,high
7384,False,short,False,False,0.04,False,11,low
7385,False,medium,False,False,0.07142857142857142,False,17,low
7386,True,long,False,False,0.09375,False,19,low
7387,False,medium,False,False,0.05263157894736842,False,18,low
7388,False,medium,False,False,0.016666666666666666,False,13,low
7389,False,medium,True,True,0.0,False,15,none
7390,False,medium,False,False,0.13636363636363635,False,15,high
7391,False,medium,False,False,0.12941176470588237,False,16,high
7392,True,short,False,False,0.28205128205128205,False,6,high
7393,False,medium,False,False,0.0963855421686747,False,15,low
7394,False,short,False,False,0.014925373134328358,False,11,low
7395,False,medium,False,False,0.021739130434782608,False,15,low
7396,False,medium,False,False,0.09090909090909091,False,18,low
7397,False,short,False,False,0.16666666666666666,False,11,high
7398,False,short,False,False,0.17857142857142858,False,10,high
7399,False,short,False,False,0.17647058823529413,False,6,high
7400,False,long,False,False,0.009708737864077669,False,22,low
7401,False,short,False,False,0.1728395061728395,False,12,high
7402,False,medium,False,False,0.08620689655172414,False,14,low
7403,False,long,False,False,0.4931506849315068,False,19,high
7404,False,short,False,False,0.13580246913580246,False,12,high
7405,False,medium,False,False,0.09090909090909091,False,16,low
7406,False,medium,False,False,0.18823529411764706,False,14,high
7407,False,medium,False,False,0.04672897196261682,False,18,low
7408,False,medium,False,False,0.036585365853658534,False,16,low
7409,False,long,False,True,0.05405405405405406,False,23,low
7410,False,medium,False,True,0.052083333333333336,False,18,low
7411,False,long,False,False,0.07042253521126761,False,19,low
7412,False,medium,False,False,0.04819277108433735,False,16,low
7413,False,short,False,False,0.15625,False,5,high
7414,False,medium,False,False,0.0625,False,13,low
7415,True,short,False,False,0.043478260869565216,False,10,low
7416,True,medium,False,False,0.18518518518518517,False,13,high
7417,False,medium,False,False,0.046511627906976744,False,15,low
7418,False,long,False,False,0.07792207792207792,False,19,low
7419,False,long,False,True,0.02830188679245283,False,22,low
7420,False,medium,False,False,0.01020408163265306,False,17,low
7421,False,short,False,False,0.4430379746835443,False,11,high
7422,False,short,False,False,0.18518518518518517,False,10,high
7423,False,medium,False,False,0.18032786885245902,False,14,high
7424,False,short,False,False,0.12,False,10,high
7425,False,short,False,False,0.11428571428571428,False,4,high
7426,False,long,False,True,0.03333333333333333,False,22,low
7427,False,long,False,True,0.011494252873563218,False,22,low
7428,False,long,False,False,0.06956521739130435,False,21,low
7429,False,long,False,True,0.02040816326530612,False,23,low
7430,False,medium,False,False,0.14432989690721648,False,15,high
7431,False,short,False,False,0.21428571428571427,False,6,high
7432,False,long,False,True,0.020202020202020204,False,19,low
7433,False,short,False,False,0.11290322580645161,False,8,high
7434,False,short,False,False,0.13846153846153847,False,11,high
7435,False,medium,False,False,0.07246376811594203,False,13,low
7436,False,short,False,False,0.03125,False,7,low
7437,False,medium,False,False,0.1,False,18,low
7438,False,short,False,False,0.12962962962962962,False,11,high
7439,False,medium,False,False,0.08695652173913043,False,15,low
7440,False,long,False,True,0.0425531914893617,False,21,low
7441,False,long,False,True,0.09302325581395349,True,21,low
7442,False,short,False,False,0.12121212121212122,False,12,high
7443,False,long,False,False,0.18181818181818182,False,22,high
7444,False,short,False,True,0.0,False,9,none
7445,False,short,False,False,0.06451612903225806,False,8,low
7446,False,medium,False,False,0.08791208791208792,False,18,low
7447,False,short,False,False,0.029850746268656716,False,11,low
7448,False,long,False,True,0.03296703296703297,False,22,low
7449,False,medium,False,False,0.2345679012345679,False,13,high
7450,False,medium,False,True,0.12307692307692308,False,17,high
7451,False,long,False,True,0.2,False,23,high
7452,False,long,True,False,0.02197802197802198,False,21,low
7453,False,long,True,True,0.25225225225225223,False,23,high
7454,False,short,False,False,0.06666666666666667,False,6,low
7455,False,medium,False,False,0.09375,False,16,low
7456,False,long,False,False,0.0970873786407767,False,26,low
7457,False,medium,False,False,0.1388888888888889,False,14,high
7458,False,long,False,False,0.09183673469387756,False,22,low
7459,False,medium,False,False,0.11494252873563218,False,15,high
7460,False,long,False,False,0.023529411764705882,False,19,low
7461,False,long,False,False,0.041666666666666664,False,19,low
7462,False,short,False,False,0.06557377049180328,False,11,low
7463,False,medium,False,False,0.38461538461538464,False,16,high
7464,False,medium,False,False,0.15294117647058825,False,15,high
7465,False,long,False,True,0.061224489795918366,False,23,low
7466,False,medium,False,False,0.07042253521126761,False,17,low
7467,False,medium,False,False,0.041666666666666664,False,18,low
7468,False,short,False,False,0.05714285714285714,False,5,low
7469,False,medium,False,False,0.1095890410958904,False,18,high
7470,False,short,False,False,0.06060606060606061,False,8,low
7471,False,short,False,False,0.15625,False,12,high
7472,False,long,False,False,0.08791208791208792,False,20,low
7473,False,medium,True,False,0.16666666666666666,False,18,high
7474,False,short,False,False,0.275,False,8,high
7475,False,long,True,False,0.0,False,21,none
7476,False,short,False,False,0.18421052631578946,False,6,high
7477,False,medium,False,False,0.0,False,15,none
7478,False,medium,False,False,0.0,False,14,none
7479,False,short,False,False,0.0,False,11,none
7480,False,medium,False,True,0.07272727272727272,False,16,low
7481,False,short,False,False,0.13636363636363635,False,5,high
7482,False,short,False,False,0.13157894736842105,False,4,high
7483,False,long,False,True,0.0297029702970297,False,23,low
7484,False,medium,False,False,0.0,False,13,none
7485,False,short,False,False,0.058823529411764705,False,11,low
7486,False,medium,False,False,0.04597701149425287,False,15,low
7487,False,medium,False,False,0.07407407407407407,False,13,low
7488,False,medium,False,False,0.010416666666666666,False,17,low
7489,False,medium,False,False,0.029411764705882353,False,16,low
7490,False,long,False,False,0.04716981132075472,False,19,low
7491,False,short,False,False,0.17647058823529413,False,8,high
7492,False,long,False,True,0.044444444444444446,False,19,low
7493,False,long,True,False,0.07,False,25,low
7494,False,long,False,False,0.10227272727272728,True,20,high
7495,False,medium,False,False,0.022727272727272728,False,16,low
7496,False,short,False,False,0.3275862068965517,False,9,high
7497,False,long,False,False,0.021052631578947368,False,20,low
7498,False,short,False,False,0.5344827586206896,False,12,high
7499,False,long,False,False,0.03529411764705882,False,20,low
7500,False,long,False,True,0.11650485436893204,False,24,high
7501,False,medium,False,False,0.04838709677419355,False,16,low
7502,False,short,False,False,0.3333333333333333,False,11,high
7503,False,long,False,False,0.03225806451612903,False,21,low
7504,False,long,False,True,0.021052631578947368,False,19,low
7505,False,short,False,False,0.09090909090909091,False,12,low
7506,False,long,False,False,0.031578947368421054,False,21,low
7507,False,long,False,False,0.024096385542168676,False,19,low
7508,False,long,False,True,0.020202020202020204,False,21,low
7509,False,long,False,False,0.1568627450980392,False,21,high
7510,False,medium,False,True,0.041666666666666664,False,16,low
7511,True,short,False,False,0.013157894736842105,False,10,low
7512,False,short,False,False,0.0,False,7,none
7513,False,medium,False,False,0.7721518987341772,False,14,high
7514,False,long,False,False,0.0,False,20,none
7515,False,long,False,False,0.056179775280898875,False,19,low
7516,False,short,False,False,0.08860759493670886,False,9,low
7517,False,long,False,False,0.0963855421686747,False,23,low
7518,False,long,False,False,0.01904761904761905,False,19,low
7519,True,short,False,False,0.12,False,6,high
7520,False,long,False,False,0.08888888888888889,False,22,low
7521,False,short,False,False,0.0196078431372549,False,10,low
7522,False,short,False,False,0.19047619047619047,False,6,high
7523,False,long,False,False,0.02608695652173913,False,21,low
7524,False,medium,False,False,0.17204301075268819,False,15,high
7525,False,medium,False,False,0.14473684210526316,False,14,high
7526,False,short,False,False,0.09259259259259259,False,10,low
7527,False,long,False,False,0.07954545454545454,False,21,low
7528,False,long,False,True,0.03529411764705882,False,19,low
7529,False,medium,False,False,0.17592592592592593,False,17,high
7530,False,short,False,True,0.05263157894736842,False,10,low
7531,False,medium,False,False,0.15254237288135594,False,13,high
7532,False,short,False,False,0.014285714285714285,True,8,low
7533,False,medium,False,False,0.05555555555555555,False,15,low
7534,False,long,False,True,0.010101010101010102,False,25,low
7535,False,short,False,False,0.04,False,6,low
7536,False,short,False,True,0.020833333333333332,False,10,low
7537,False,medium,False,False,0.06306306306306306,False,18,low
7538,False,short,False,True,0.14285714285714285,False,7,high
7539,False,long,False,False,0.04878048780487805,False,22,low
7540,False,medium,False,False,0.09195402298850575,False,18,low
7541,False,short,False,False,0.05,False,8,low
7542,True,medium,True,False,0.0375,False,16,low
7543,False,short,False,False,0.045454545454545456,False,12,low
7544,False,medium,False,False,0.22,False,13,high
7545,False,medium,False,False,0.037037037037037035,False,18,low
7546,True,short,False,False,0.2,False,4,high
7547,False,medium,False,False,0.031914893617021274,False,18,low
7548,False,short,False,False,0.9,False,11,high
7549,False,medium,True,False,0.04918032786885246,False,15,low
7550,False,short,False,False,0.01639344262295082,False,12,low
7551,False,short,True,False,0.06666666666666667,False,10,low
7552,False,medium,False,False,0.09,False,15,low
7553,False,short,False,False,0.16666666666666666,False,10,high
7554,False,long,True,True,0.03529411764705882,False,21,low
7555,False,medium,False,False,0.16129032258064516,False,13,high
7556,False,medium,False,False,0.13829787234042554,False,15,high
7557,True,medium,False,False,0.6533333333333333,False,13,high
7558,False,long,False,False,0.06593406593406594,False,20,low
7559,False,long,False,False,0.022988505747126436,False,21,low
7560,False,short,False,False,0.047619047619047616,False,10,low
7561,False,short,False,False,0.1,False,9,low
7562,False,medium,False,True,0.015873015873015872,False,13,low
7563,False,long,False,False,0.06976744186046512,False,21,low
7564,False,medium,False,True,0.0,False,17,none
7565,False,medium,False,False,0.1506849315068493,False,17,high
7566,False,short,False,False,0.16216216216216217,False,7,high
7567,False,short,False,False,0.0,False,6,none
7568,False,long,False,False,0.05263157894736842,False,20,low
7569,False,short,False,False,0.05555555555555555,False,3,low
7570,False,short,False,False,0.06060606060606061,False,7,low
7571,False,medium,False,True,0.12987012987012986,False,13,high
7572,False,long,False,False,0.7027027027027027,False,23,high
7573,False,long,True,False,0.11224489795918367,False,24,high
7574,False,long,False,True,0.02,False,22,low
7575,False,long,False,True,0.054945054945054944,False,22,low
7576,False,medium,False,False,0.06666666666666667,False,17,low
7577,False,medium,False,True,0.5483870967741935,False,16,high
7578,True,medium,False,False,0.06578947368421052,False,14,low
7579,True,short,True,False,0.7636363636363637,False,9,high
7580,False,medium,False,False,0.6666666666666666,False,17,high
7581,False,short,False,False,0.0136986301369863,False,10,low
7582,False,long,False,False,0.10588235294117647,False,21,high
7583,False,medium,False,False,0.05194805194805195,False,18,low
7584,False,long,False,True,0.22916666666666666,False,19,high
7585,False,short,True,False,0.19047619047619047,False,10,high
7586,False,long,False,False,0.05357142857142857,False,26,low
7587,False,medium,False,True,0.0410958904109589,False,13,low
7588,False,short,False,False,0.02702702702702703,False,8,low
7589,False,short,False,False,0.08333333333333333,False,7,low
7590,False,medium,False,False,0.015625,False,14,low
7591,False,long,False,False,0.06422018348623854,False,22,low
7592,False,medium,False,False,0.09230769230769231,False,13,low
7593,False,medium,False,False,0.14772727272727273,False,16,high
7594,False,short,False,False,0.04,False,5,low
7595,False,short,False,False,0.09803921568627451,False,11,low
7596,False,long,False,False,0.03225806451612903,False,22,low
7597,False,medium,False,False,0.13636363636363635,False,16,high
7598,False,medium,False,False,0.056818181818181816,False,14,low
7599,False,medium,False,False,0.05128205128205128,False,13,low
7600,False,medium,False,False,0.05555555555555555,False,17,low
7601,False,short,False,False,0.05555555555555555,False,5,low
7602,False,medium,False,False,0.056074766355140186,False,18,low
7603,True,long,True,True,0.0625,False,23,low
7604,False,long,False,False,0.042105263157894736,False,21,low
7605,False,long,False,False,0.02727272727272727,False,23,low
7606,False,long,False,False,0.08247422680412371,False,24,low
7607,False,medium,False,False,0.16666666666666666,False,13,high
7608,False,short,False,True,0.10256410256410256,False,6,high
7609,False,medium,False,False,0.13333333333333333,False,18,high
7610,False,short,False,False,0.0,False,7,none
7611,False,short,False,False,0.15584415584415584,False,12,high
7612,False,medium,False,False,0.038461538461538464,False,18,low
7613,False,medium,False,False,0.031914893617021274,False,15,low
7614,False,medium,False,False,0.06976744186046512,False,14,low
7615,False,long,False,True,0.041666666666666664,False,19,low
7616,False,long,False,False,0.05128205128205128,False,19,low
7617,False,medium,False,False,0.0,False,14,none
7618,False,long,False,False,0.043478260869565216,False,20,low
7619,False,long,False,False,0.009615384615384616,False,26,low
7620,False,short,False,False,0.08771929824561403,False,11,low
7621,True,short,False,False,0.1267605633802817,False,11,high
7622,False,long,False,True,0.0,False,22,none
7623,False,short,False,False,0.16483516483516483,False,8,high
7624,False,long,False,False,0.00980392156862745,False,26,low
7625,False,long,False,False,0.019230769230769232,False,20,low
7626,False,medium,False,False,0.022727272727272728,False,14,low
7627,False,medium,False,False,0.05319148936170213,False,13,low
7628,False,short,False,False,0.14285714285714285,False,5,high
7629,True,long,False,False,0.044642857142857144,False,20,low
7630,False,long,False,False,0.05063291139240506,False,20,low
7631,False,medium,False,True,0.12162162162162163,False,16,high
7632,False,medium,False,False,0.010416666666666666,False,17,low
7633,False,short,False,False,0.20430107526881722,False,12,high
7634,False,long,False,False,0.03773584905660377,False,21,low
7635,False,long,False,False,0.047619047619047616,False,19,low
7636,False,medium,False,False,0.02,False,18,low
7637,False,medium,False,False,0.031578947368421054,False,14,low
7638,False,short,False,False,0.14545454545454545,False,9,high
7639,False,short,False,False,0.1206896551724138,False,7,high
7640,False,medium,False,False,0.046153846153846156,False,15,low
7641,False,medium,False,False,0.13043478260869565,False,14,high
7642,False,long,False,True,0.05,False,21,low
7643,False,short,False,False,0.13333333333333333,False,11,high
7644,False,short,False,False,0.09090909090909091,False,12,low
7645,False,short,False,False,0.12,False,7,high
7646,False,medium,False,False,0.07142857142857142,False,15,low
7647,False,short,False,False,0.02857142857142857,False,8,low
7648,True,short,False,True,0.0,False,10,none
7649,False,long,False,True,0.02830188679245283,False,27,low
7650,True,long,True,False,0.0989010989010989,False,21,low
7651,False,medium,False,False,0.03571428571428571,False,14,low
7652,True,medium,False,True,0.09090909090909091,False,13,low
7653,False,medium,False,False,0.11627906976744186,False,17,high
7654,False,short,False,False,0.02654867256637168,False,11,low
7655,False,medium,False,True,0.10112359550561797,False,17,high
7656,False,short,False,False,0.1875,False,11,high
7657,False,long,False,True,0.05747126436781609,False,19,low
7658,False,short,False,False,0.05263157894736842,False,6,low
7659,False,medium,False,False,0.03225806451612903,False,13,low
7660,False,long,False,False,0.038461538461538464,False,21,low
7661,True,medium,False,False,0.043478260869565216,False,13,low
7662,False,medium,False,True,0.06315789473684211,False,18,low
7663,False,medium,False,False,0.02531645569620253,False,15,low
7664,False,medium,False,False,0.09375,False,16,low
7665,False,medium,False,True,0.2619047619047619,False,17,high
7666,False,long,False,False,0.02857142857142857,False,26,low
7667,False,medium,False,False,0.18309859154929578,False,13,high
7668,False,medium,False,False,0.012048192771084338,False,17,low
7669,False,medium,False,True,0.021505376344086023,False,17,low
7670,False,medium,False,False,0.03225806451612903,False,13,low
7671,False,medium,False,False,0.05357142857142857,False,14,low
7672,False,long,False,False,0.05,False,22,low
7673,True,medium,False,False,0.09174311926605505,False,17,low
7674,False,long,False,False,0.18309859154929578,False,19,high
7675,False,short,False,False,0.05555555555555555,False,10,low
7676,False,long,False,True,0.05263157894736842,False,22,low
7677,False,short,False,False,0.044444444444444446,False,10,low
7678,False,short,False,False,0.14285714285714285,False,8,high
7679,False,medium,False,False,0.06315789473684211,False,17,low
7680,False,long,False,False,0.1111111111111111,False,23,high
7681,False,medium,False,False,0.023255813953488372,False,17,low
7682,False,long,False,True,0.05,False,21,low
7683,False,medium,False,False,0.02702702702702703,False,15,low
7684,False,medium,False,False,0.21052631578947367,False,13,high
7685,False,short,False,False,0.20967741935483872,False,11,high
7686,False,medium,False,False,0.06862745098039216,False,17,low
7687,False,medium,False,False,0.014285714285714285,False,14,low
7688,False,medium,False,True,0.0,False,18,none
7689,False,long,False,True,0.0,False,21,none
7690,False,medium,False,True,0.20987654320987653,False,17,high
7691,False,short,True,True,0.12195121951219512,False,10,high
7692,False,long,False,False,0.010638297872340425,False,19,low
7693,False,short,False,False,0.11475409836065574,True,10,high
7694,False,medium,False,False,0.06172839506172839,False,17,low
7695,False,medium,False,False,0.11627906976744186,False,13,high
7696,False,long,False,False,0.08035714285714286,True,22,low
7697,False,medium,True,False,0.05952380952380952,False,17,low
7698,False,medium,False,False,0.11940298507462686,False,13,high
7699,False,medium,False,False,0.06060606060606061,False,15,low
7700,False,medium,False,False,0.08333333333333333,False,13,low
7701,False,medium,False,False,0.057971014492753624,False,16,low
7702,False,short,False,False,0.25,False,6,high
7703,False,medium,False,False,0.0449438202247191,False,18,low
7704,False,short,False,False,0.3493975903614458,False,12,high
7705,False,long,False,False,0.08247422680412371,False,21,low
7706,False,short,False,False,0.07547169811320754,False,9,low
7707,False,short,False,False,0.1,False,10,low
7708,False,short,False,False,0.03571428571428571,False,12,low
7709,False,short,False,False,0.12280701754385964,False,10,high
7710,False,medium,False,False,0.04477611940298507,False,13,low
7711,False,long,False,False,0.06666666666666667,False,20,low
7712,False,short,False,False,0.08333333333333333,False,11,low
7713,False,long,False,True,0.037037037037037035,False,22,low
7714,False,medium,True,False,0.01098901098901099,False,17,low
7715,False,long,False,True,0.05,False,19,low
7716,False,short,False,False,0.1774193548387097,False,12,high
7717,False,medium,False,False,0.16,False,13,high
7718,False,medium,False,False,0.14285714285714285,False,15,high
7719,False,long,False,True,0.1320754716981132,False,21,high
7720,False,medium,False,False,0.16216216216216217,False,18,high
7721,True,long,False,False,0.11235955056179775,False,20,high
7722,False,short,False,False,0.14285714285714285,False,6,high
7723,True,long,False,False,0.06329113924050633,False,21,low
7724,False,medium,False,False,0.021505376344086023,False,18,low
7725,False,long,False,True,0.07058823529411765,False,23,low
7726,True,short,False,False,0.078125,True,9,low
7727,False,long,False,False,0.018867924528301886,False,22,low
7728,False,medium,False,False,0.0625,False,16,low
7729,False,short,False,False,0.03571428571428571,False,6,low
7730,False,medium,False,False,0.015625,False,13,low
7731,False,long,True,False,0.0898876404494382,False,21,low
7732,False,long,True,False,0.09433962264150944,False,25,low
7733,False,short,False,False,0.20833333333333334,False,6,high
7734,True,short,False,False,0.1702127659574468,False,9,high
7735,True,short,False,False,0.034482758620689655,False,10,low
7736,False,long,False,False,0.12790697674418605,False,20,high
7737,False,short,False,False,1.0,False,6,high
7738,True,medium,False,False,0.058823529411764705,False,15,low
7739,False,long,False,False,0.053763440860215055,False,20,low
7740,False,long,False,False,0.05,False,19,low
7741,False,long,False,True,0.021505376344086023,False,22,low
7742,False,long,False,False,0.01098901098901099,False,22,low
7743,False,short,False,False,0.1320754716981132,False,8,high
7744,False,medium,False,False,0.0,False,15,none
7745,False,short,False,False,0.16666666666666666,False,12,high
7746,False,medium,False,False,0.03508771929824561,False,14,low
7747,False,short,False,False,0.08333333333333333,False,11,low
7748,False,medium,False,True,0.1794871794871795,False,16,high
7749,False,short,False,False,0.1282051282051282,False,10,high
7750,False,medium,False,False,0.0,False,18,none
7751,False,long,False,True,0.10204081632653061,False,21,high
7752,False,long,False,True,0.038834951456310676,False,21,low
7753,True,short,False,True,0.11363636363636363,False,10,high
7754,False,short,False,False,0.08163265306122448,False,11,low
7755,False,medium,False,False,0.19480519480519481,False,17,high
7756,True,long,False,False,0.04040404040404041,False,21,low
7757,False,long,False,True,0.07692307692307693,True,26,low
7758,False,long,False,False,0.10679611650485436,False,22,high
7759,False,medium,False,False,0.020618556701030927,False,17,low
7760,False,short,False,False,0.07407407407407407,False,7,low
7761,False,short,False,True,0.024390243902439025,False,10,low
7762,False,short,False,True,0.14,False,10,high
7763,False,short,False,True,0.09615384615384616,False,9,low
7764,False,medium,False,False,0.1527777777777778,False,13,high
7765,False,long,False,False,0.0392156862745098,False,23,low
7766,False,short,False,False,1.0,False,4,high
7767,False,medium,False,False,0.14444444444444443,False,18,high
7768,False,medium,False,False,0.045454545454545456,False,18,low
7769,False,long,False,False,0.03296703296703297,False,20,low
7770,False,medium,False,False,0.2571428571428571,False,16,high
7771,False,medium,False,False,0.039473684210526314,False,17,low
7772,False,medium,False,False,0.0,False,17,none
7773,False,short,False,False,0.07246376811594203,False,9,low
7774,False,short,False,False,0.07692307692307693,False,3,low
7775,False,long,False,False,0.02040816326530612,False,21,low
7776,False,short,False,True,0.0,False,5,none
7777,False,short,False,False,0.0625,False,4,low
7778,False,long,False,False,0.06382978723404255,False,19,low
7779,False,long,False,False,0.009174311926605505,False,23,low
7780,False,medium,False,False,0.07407407407407407,False,13,low
7781,False,medium,False,False,0.20833333333333334,False,13,high
7782,False,short,False,False,0.1875,False,12,high
7783,False,short,False,False,0.1956521739130435,False,9,high
7784,False,medium,False,False,0.06818181818181818,False,17,low
7785,False,short,False,False,0.09375,False,9,low
7786,False,medium,False,True,0.225,False,18,high
7787,False,long,True,False,0.021052631578947368,False,21,low
7788,False,short,False,False,0.06818181818181818,False,12,low
7789,False,long,False,True,0.08163265306122448,False,21,low
7790,False,long,False,True,0.09090909090909091,True,21,low
7791,False,short,False,False,0.10638297872340426,False,7,high
7792,False,long,False,False,0.0,False,21,none
7793,False,short,False,True,0.023529411764705882,False,12,low
7794,False,short,False,False,0.0625,False,3,low
7795,False,short,False,False,0.045454545454545456,False,5,low
7796,False,short,False,False,0.14285714285714285,False,4,high
7797,False,short,False,False,0.28378378378378377,False,12,high
7798,False,medium,False,False,0.04285714285714286,False,16,low
7799,False,short,False,False,0.05128205128205128,False,7,low
7800,False,long,True,True,0.10576923076923077,False,25,high
7801,False,long,False,True,0.03125,False,25,low
7802,False,medium,False,False,0.3684210526315789,False,16,high
7803,False,medium,False,False,0.018518518518518517,False,14,low
7804,False,short,False,False,0.21212121212121213,False,11,high
7805,False,medium,False,True,0.021739130434782608,False,17,low
7806,False,medium,False,False,0.26785714285714285,False,15,high
7807,False,medium,False,True,0.011111111111111112,False,18,low
7808,False,medium,True,True,0.11940298507462686,False,16,high
7809,False,short,False,False,0.0,False,7,none
7810,False,short,False,False,0.046875,False,11,low
7811,False,long,True,True,0.03225806451612903,False,25,low
7812,False,short,False,False,0.02857142857142857,False,9,low
7813,False,medium,False,False,0.0,False,15,none
7814,False,short,False,False,0.18518518518518517,False,6,high
7815,False,short,False,False,0.17391304347826086,False,7,high
7816,False,short,False,True,0.06666666666666667,False,9,low
7817,False,short,False,False,0.01694915254237288,False,12,low
7818,False,short,False,False,0.014285714285714285,False,12,low
7819,False,short,False,False,0.1568627450980392,False,11,high
7820,False,long,True,False,0.07865168539325842,False,25,low
7821,False,medium,False,True,0.011363636363636364,False,17,low
7822,True,short,False,False,0.0851063829787234,False,8,low
7823,False,short,False,False,0.30392156862745096,False,12,high
7824,False,short,False,False,0.14634146341463414,False,8,high
7825,False,long,False,True,0.06862745098039216,False,22,low
7826,False,medium,False,False,0.05309734513274336,False,16,low
7827,False,medium,False,False,0.054945054945054944,False,18,low
7828,False,short,False,False,0.28888888888888886,False,7,high
7829,False,medium,False,True,0.208955223880597,False,15,high
7830,False,short,False,False,0.0,False,6,none
7831,False,short,False,False,0.05084745762711865,False,12,low
7832,False,short,False,False,0.6774193548387096,False,7,high
7833,False,long,False,True,0.05309734513274336,False,26,low
7834,False,short,False,False,0.17777777777777778,False,8,high
7835,False,medium,False,False,0.12222222222222222,False,15,high
7836,False,short,False,True,0.11904761904761904,False,7,high
7837,False,short,False,False,0.07547169811320754,False,11,low
7838,False,long,True,True,0.020833333333333332,False,22,low
7839,False,long,False,True,0.009708737864077669,False,22,low
7840,False,medium,False,False,0.0,False,14,none
7841,False,medium,False,False,0.15789473684210525,False,13,high
7842,False,short,False,False,0.10588235294117647,False,11,high
7843,False,medium,False,False,0.036585365853658534,False,18,low
7844,False,medium,False,False,0.09210526315789473,False,14,low
7845,False,long,False,False,0.10638297872340426,False,19,high
7846,False,medium,False,False,0.0449438202247191,False,16,low
7847,True,medium,False,False,0.058823529411764705,False,15,low
7848,False,medium,False,False,0.11475409836065574,False,17,high
7849,False,medium,False,False,0.25,False,14,high
7850,False,short,False,False,0.10344827586206896,False,11,high
7851,False,medium,False,False,0.0,False,15,none
7852,False,medium,False,False,0.06493506493506493,False,13,low
7853,False,long,False,False,0.15384615384615385,False,21,high
7854,False,short,False,False,0.0,False,3,none
7855,False,short,False,False,0.08620689655172414,False,11,low
7856,False,long,False,False,0.07777777777777778,False,19,low
7857,False,medium,True,False,0.05263157894736842,False,16,low
7858,False,short,False,False,0.15517241379310345,False,10,high
7859,True,medium,False,False,0.0,False,18,none
7860,False,medium,False,False,0.028985507246376812,False,16,low
7861,True,medium,False,False,0.11290322580645161,False,17,high
7862,False,short,False,False,0.2,False,12,high
7863,False,medium,False,False,0.05263157894736842,False,17,low
7864,False,long,False,True,0.04040404040404041,False,22,low
7865,False,medium,False,False,0.010638297872340425,False,16,low
7866,False,medium,False,False,0.00847457627118644,False,18,low
7867,False,short,False,False,0.06382978723404255,False,10,low
7868,False,medium,False,True,0.0963855421686747,False,15,low
7869,True,short,False,False,0.12962962962962962,False,8,high
7870,False,long,False,False,1.0,False,23,high
7871,True,short,False,False,0.0,False,4,none
7872,False,short,False,False,0.023255813953488372,False,10,low
7873,False,long,True,False,0.0,False,22,none
7874,False,long,False,True,0.08602150537634409,False,19,low
7875,False,medium,False,True,0.25,False,16,high
7876,False,medium,False,False,0.08108108108108109,False,14,low
7877,False,medium,False,True,0.1780821917808219,False,13,high
7878,True,medium,False,False,0.06349206349206349,False,17,low
7879,False,long,False,True,0.021505376344086023,False,21,low
7880,False,long,False,True,0.03,False,26,low
7881,False,short,False,False,0.02127659574468085,False,9,low
7882,False,medium,True,False,0.03076923076923077,False,14,low
7883,False,medium,False,False,0.2765957446808511,False,13,high
7884,False,medium,False,True,0.0379746835443038,False,18,low
7885,False,medium,False,False,0.0425531914893617,False,15,low
7886,False,long,False,True,0.019801980198019802,False,23,low
7887,False,medium,False,False,0.125,False,13,high
7888,False,short,False,False,0.5,False,5,high
7889,False,medium,False,False,0.09230769230769231,False,15,low
7890,True,medium,False,False,0.06756756756756757,False,17,low
7891,False,long,False,False,0.031914893617021274,False,23,low
7892,False,long,False,False,0.031914893617021274,False,22,low
7893,False,medium,False,False,0.20481927710843373,False,15,high
7894,True,short,False,False,0.08,False,7,low
7895,False,long,False,False,0.06382978723404255,False,20,low
7896,False,short,False,False,0.36363636363636365,False,6,high
7897,False,medium,False,True,0.0898876404494382,False,16,low
7898,False,short,False,False,0.07692307692307693,False,9,low
7899,False,short,False,False,0.07058823529411765,False,12,low
7900,False,medium,False,False,0.06349206349206349,False,15,low
7901,False,medium,False,True,0.17857142857142858,False,16,high
7902,False,short,False,False,0.0,False,8,none
7903,False,long,False,False,0.03296703296703297,False,20,low
7904,False,medium,False,False,0.20270270270270271,False,16,high
7905,False,short,False,False,0.14035087719298245,False,8,high
7906,False,short,False,False,0.06666666666666667,False,11,low
7907,False,long,False,False,0.07317073170731707,False,21,low
7908,False,medium,False,False,0.11494252873563218,False,13,high
7909,False,medium,False,False,0.05454545454545454,False,15,low
7910,True,short,False,False,0.0,False,4,none
7911,False,long,False,True,0.06578947368421052,False,19,low
7912,False,short,False,False,0.16666666666666666,False,4,high
7913,True,short,False,False,0.05555555555555555,False,4,low
7914,False,short,False,False,0.038461538461538464,False,9,low
7915,False,long,True,True,0.04597701149425287,False,20,low
7916,False,short,False,False,0.15789473684210525,False,7,high
7917,False,short,False,False,0.21052631578947367,False,5,high
7918,False,medium,False,True,0.07407407407407407,False,17,low
7919,False,short,False,False,0.0,False,11,none
7920,True,short,False,False,0.04938271604938271,False,11,low
7921,False,short,False,False,0.08235294117647059,False,10,low
7922,False,medium,True,False,0.09615384615384616,False,18,low
7923,False,medium,False,False,0.04477611940298507,False,17,low
7924,False,long,False,False,0.07407407407407407,False,19,low
7925,False,long,False,False,0.03296703296703297,False,22,low
7926,False,short,False,False,0.043478260869565216,False,4,low
7927,False,long,False,False,0.06741573033707865,False,20,low
7928,True,short,False,False,0.14285714285714285,False,8,high
7929,False,long,True,True,0.0625,False,25,low
7930,False,medium,False,False,0.14285714285714285,False,14,high
7931,False,short,False,False,0.0,False,5,none
7932,False,long,False,False,0.9523809523809523,False,20,high
7933,False,long,False,False,0.0380952380952381,False,25,low
7934,True,long,False,False,0.033707865168539325,False,20,low
7935,False,medium,False,False,0.07865168539325842,False,15,low
7936,False,medium,False,False,0.08421052631578947,False,18,low
7937,False,long,False,False,0.13095238095238096,False,22,high
7938,False,long,False,False,0.05263157894736842,False,22,low
7939,False,long,False,True,0.07142857142857142,False,21,low
7940,False,short,False,False,0.07547169811320754,False,12,low
7941,False,short,False,False,0.0625,False,11,low
7942,False,short,False,False,0.07894736842105263,False,5,low
7943,False,short,False,False,0.16981132075471697,False,9,high
7944,False,short,True,True,0.0,False,11,none
7945,False,short,False,False,0.09090909090909091,False,5,low
7946,False,short,False,True,0.10526315789473684,False,12,high
7947,False,short,False,False,0.30303030303030304,False,6,high
7948,False,long,False,False,0.04,False,23,low
7949,False,short,False,False,0.043478260869565216,False,8,low
7950,False,short,False,False,0.09523809523809523,False,5,low
7951,False,short,False,False,0.125,False,12,high
7952,False,medium,False,False,0.020833333333333332,False,16,low
7953,False,medium,False,False,0.06493506493506493,False,15,low
7954,True,long,False,False,0.14285714285714285,False,21,high
7955,False,short,False,False,0.10606060606060606,False,10,high
7956,False,medium,False,False,0.1044776119402985,False,13,high
7957,False,long,False,True,0.03571428571428571,False,23,low
7958,False,short,False,False,0.15384615384615385,False,6,high
7959,False,medium,False,False,0.013888888888888888,False,13,low
7960,False,long,False,False,0.009708737864077669,False,21,low
7961,False,medium,False,True,0.019230769230769232,False,18,low
7962,False,short,False,False,1.0,False,5,high
7963,False,short,False,False,0.15,False,12,high
7964,False,long,False,False,0.011494252873563218,False,20,low
7965,False,short,False,False,0.07692307692307693,False,6,low
7966,False,medium,False,False,0.15492957746478872,False,17,high
7967,False,short,False,False,0.05263157894736842,False,6,low
7968,False,medium,False,False,0.1232876712328767,False,14,high
7969,False,long,False,False,0.13513513513513514,False,19,high
7970,False,long,False,True,0.058823529411764705,False,21,low
7971,False,medium,False,False,0.18309859154929578,False,15,high
7972,False,short,False,False,0.03333333333333333,False,7,low
7973,False,medium,False,False,0.06818181818181818,False,16,low
7974,False,medium,False,True,0.0898876404494382,False,17,low
7975,False,medium,False,False,0.05405405405405406,False,15,low
7976,False,short,False,False,0.046875,False,12,low
7977,False,long,False,True,0.04040404040404041,False,21,low
7978,False,long,False,False,0.11392405063291139,False,19,high
7979,False,medium,False,False,0.011235955056179775,False,18,low
7980,False,short,False,False,0.4107142857142857,False,10,high
7981,False,medium,False,False,0.024390243902439025,False,18,low
7982,False,short,False,False,0.2,False,6,high
7983,False,short,False,False,0.047619047619047616,False,7,low
7984,False,long,True,False,0.01098901098901099,False,21,low
7985,False,long,False,False,0.06796116504854369,False,26,low
7986,False,long,False,False,0.14606741573033707,False,20,high
7987,False,long,False,False,0.043478260869565216,False,20,low
7988,False,long,False,True,0.0625,False,26,low
7989,False,short,False,True,0.2,False,7,high
7990,False,medium,False,False,0.1,False,13,low
7991,False,medium,False,True,0.11764705882352941,False,15,high
7992,False,short,False,False,0.16326530612244897,False,8,high
7993,False,short,False,False,0.20454545454545456,False,8,high
7994,False,short,False,False,0.125,False,9,high
7995,False,long,False,False,0.046511627906976744,False,21,low
7996,False,short,False,False,0.12903225806451613,False,5,high
7997,False,medium,False,False,0.012345679012345678,False,18,low
7998,False,short,False,False,0.02564102564102564,False,9,low
7999,False,medium,False,False,0.05405405405405406,False,18,low
8000,False,short,False,False,0.07317073170731707,False,4,low
8001,False,medium,False,False,0.075,False,18,low
8002,False,medium,False,False,0.12941176470588237,False,16,high
8003,False,long,False,False,0.02197802197802198,False,19,low
8004,False,long,True,False,0.08433734939759036,False,22,low
8005,False,long,False,False,0.0449438202247191,False,21,low
8006,False,medium,False,False,0.10588235294117647,False,13,high
8007,False,medium,False,False,0.03333333333333333,False,14,low
8008,False,long,False,False,0.04424778761061947,False,24,low
8009,False,medium,False,False,0.2247191011235955,False,15,high
8010,False,long,False,False,0.07476635514018691,False,23,low
8011,False,long,False,True,0.02564102564102564,False,19,low
8012,False,short,False,False,0.13114754098360656,False,9,high
8013,False,long,False,True,0.053763440860215055,False,19,low
8014,False,short,False,False,0.023255813953488372,False,9,low
8015,False,short,False,False,0.0,False,7,none
8016,False,medium,False,False,0.10843373493975904,False,18,high
8017,False,short,False,False,0.04878048780487805,False,10,low
8018,True,short,False,False,0.020833333333333332,False,12,low
8019,False,short,False,False,0.02564102564102564,False,12,low
8020,False,medium,False,False,0.16091954022988506,False,15,high
8021,False,medium,True,False,0.011904761904761904,False,17,low
8022,False,medium,False,False,0.03389830508474576,False,15,low
8023,True,short,False,False,0.19230769230769232,False,5,high
8024,False,long,False,False,0.041237113402061855,False,21,low
8025,False,short,False,False,0.06382978723404255,False,12,low
8026,True,medium,False,False,0.0547945205479452,False,13,low
8027,False,medium,False,False,0.12195121951219512,False,16,high
8028,False,short,False,True,0.07246376811594203,False,11,low
8029,False,medium,False,False,0.03488372093023256,False,18,low
8030,False,long,False,True,0.037383177570093455,False,24,low
8031,False,short,False,False,0.0,False,7,none
8032,False,medium,False,False,0.0392156862745098,False,15,low
8033,False,medium,False,False,0.2191780821917808,False,15,high
8034,False,short,False,False,0.0,False,5,none
8035,False,short,False,False,0.029411764705882353,False,5,low
8036,False,short,False,False,0.14285714285714285,False,8,high
8037,False,medium,False,False,0.09411764705882353,False,17,low
8038,False,short,False,True,0.034482758620689655,False,12,low
8039,False,medium,False,False,0.033707865168539325,False,15,low
8040,False,medium,False,True,0.0,False,18,none
8041,False,long,False,False,0.10112359550561797,False,20,high
8042,False,short,False,False,0.1724137931034483,False,3,high
8043,False,short,False,False,0.06666666666666667,False,4,low
8044,False,long,False,True,0.08333333333333333,False,24,low
8045,False,medium,False,True,0.05319148936170213,False,18,low
8046,False,long,False,False,0.1511627906976744,False,22,high
8047,True,medium,False,False,0.04285714285714286,False,14,low
8048,False,short,False,False,0.37142857142857144,False,4,high
8049,False,medium,False,False,0.016129032258064516,False,15,low
8050,False,medium,False,True,0.010869565217391304,False,16,low
8051,False,short,False,False,0.03571428571428571,False,12,low
8052,False,short,False,False,0.13846153846153847,False,10,high
8053,True,medium,False,False,0.03571428571428571,False,18,low
8054,False,medium,False,True,0.14102564102564102,False,17,high
8055,False,medium,False,False,0.14285714285714285,False,18,high
8056,False,short,False,False,0.09090909090909091,False,11,low
8057,False,medium,False,True,0.10714285714285714,False,13,high
8058,False,short,False,False,0.14285714285714285,False,9,high
8059,False,short,False,False,0.05,False,11,low
8060,False,short,False,False,0.07042253521126761,False,12,low
8061,False,short,False,False,0.01694915254237288,False,10,low
8062,False,medium,False,False,0.2727272727272727,False,17,high
8063,True,long,False,False,0.08108108108108109,False,19,low
8064,False,medium,True,False,0.0,False,16,none
8065,False,long,True,False,0.0,False,22,none
8066,False,short,False,False,0.2033898305084746,False,10,high
8067,False,short,False,False,0.15384615384615385,False,10,high
8068,False,medium,False,False,0.008620689655172414,False,15,low
8069,True,medium,False,False,0.18072289156626506,False,17,high
8070,False,long,False,False,0.0380952380952381,False,20,low
8071,False,long,False,False,0.09821428571428571,False,26,low
8072,False,short,False,False,0.14285714285714285,False,6,high
8073,False,short,False,False,0.09090909090909091,False,9,low
8074,False,short,False,False,0.175,False,12,high
8075,False,medium,False,True,0.04225352112676056,False,13,low
8076,False,medium,False,False,0.0,False,18,none
8077,False,short,False,False,0.10714285714285714,False,5,high
8078,False,long,False,True,0.05952380952380952,False,20,low
8079,False,short,False,False,0.05357142857142857,False,10,low
8080,False,medium,False,False,0.07575757575757576,False,13,low
8081,True,short,False,False,0.0,False,11,none
8082,False,short,False,False,0.11904761904761904,False,5,high
8083,False,medium,False,True,0.036585365853658534,False,13,low
8084,False,long,False,False,0.06930693069306931,False,22,low
8085,True,medium,False,True,0.053763440860215055,False,18,low
8086,False,medium,False,False,0.1774193548387097,False,15,high
8087,True,medium,False,False,0.06060606060606061,False,17,low
8088,False,medium,False,False,0.09615384615384616,False,13,low
8089,False,medium,False,False,0.058823529411764705,False,13,low
8090,False,medium,False,True,0.07407407407407407,False,17,low
8091,False,medium,False,False,0.06060606060606061,False,14,low
8092,True,short,False,False,0.021739130434782608,False,9,low
8093,False,short,False,False,0.3488372093023256,False,11,high
8094,False,medium,False,True,0.011764705882352941,False,18,low
8095,False,medium,False,False,0.05084745762711865,False,14,low
8096,False,long,True,True,0.053763440860215055,False,21,low
8097,False,medium,False,False,0.043478260869565216,False,16,low
8098,False,medium,False,False,0.1320754716981132,False,15,high
8099,False,long,True,True,0.018867924528301886,False,29,low
8100,False,short,False,False,0.0,False,4,none
8101,False,medium,False,True,0.022727272727272728,False,16,low
8102,False,short,False,False,0.02564102564102564,False,11,low
8103,False,long,True,False,0.07692307692307693,False,26,low
8104,False,medium,False,False,0.041666666666666664,False,14,low
8105,False,medium,False,False,0.11494252873563218,False,13,high
8106,True,short,False,False,0.047619047619047616,False,9,low
8107,False,long,False,False,0.07142857142857142,False,21,low
8108,False,short,False,False,0.010869565217391304,False,12,low
8109,False,short,False,False,0.06,False,8,low
8110,False,long,False,False,0.36363636363636365,False,19,high
8111,False,long,False,False,0.07079646017699115,False,24,low
8112,False,short,False,False,0.046511627906976744,False,10,low
8113,False,medium,False,False,0.16923076923076924,False,14,high
8114,False,medium,False,True,0.03225806451612903,False,14,low
8115,False,long,False,False,0.06172839506172839,False,22,low
8116,False,medium,False,False,0.024691358024691357,False,17,low
8117,False,medium,False,False,0.06060606060606061,False,15,low
8118,False,long,False,False,0.05660377358490566,False,23,low
8119,False,short,False,False,0.11428571428571428,False,8,high
8120,False,medium,False,True,0.05714285714285714,False,14,low
8121,False,long,False,False,0.06382978723404255,False,19,low
8122,False,short,False,False,0.20512820512820512,False,10,high
8123,False,long,False,False,0.02830188679245283,False,21,low
8124,False,medium,False,False,0.1095890410958904,False,16,high
8125,False,medium,False,False,0.12790697674418605,False,14,high
8126,False,medium,False,False,0.014925373134328358,False,13,low
8127,False,short,False,False,0.15942028985507245,False,12,high
8128,False,long,False,False,0.14150943396226415,False,20,high
8129,False,medium,False,False,0.13114754098360656,False,15,high
8130,False,short,False,False,0.07462686567164178,False,11,low
8131,False,short,False,False,0.13253012048192772,False,8,high
8132,False,medium,False,True,0.12345679012345678,False,18,high
8133,False,long,True,True,0.054945054945054944,False,24,low
8134,False,medium,False,False,0.044444444444444446,False,18,low
8135,False,medium,False,False,0.07058823529411765,False,17,low
8136,False,short,False,False,0.045454545454545456,False,6,low
8137,False,medium,False,False,0.031914893617021274,False,17,low
8138,False,short,False,False,0.17391304347826086,False,4,high
8139,False,medium,False,False,0.1206896551724138,False,16,high
8140,False,short,False,False,0.03333333333333333,False,11,low
8141,False,short,False,False,0.07462686567164178,False,11,low
8142,False,medium,False,True,0.10869565217391304,False,17,high
8143,False,long,False,False,0.04054054054054054,False,19,low
8144,False,short,False,False,0.6153846153846154,False,3,high
8145,False,long,False,False,0.06481481481481481,False,20,low
8146,False,medium,False,False,0.1506849315068493,False,14,high
8147,True,long,True,True,0.01904761904761905,False,26,low
8148,False,short,False,False,0.1282051282051282,False,12,high
8149,False,long,True,True,0.03260869565217391,False,22,low
8150,False,short,False,False,0.22448979591836735,False,10,high
8151,False,medium,False,False,0.04225352112676056,False,16,low
8152,False,short,False,False,0.027777777777777776,False,5,low
8153,False,long,True,True,0.008849557522123894,False,25,low
8154,False,medium,False,False,0.16666666666666666,False,13,high
8155,False,long,False,False,0.2222222222222222,False,22,high
8156,False,medium,False,False,0.057971014492753624,False,14,low
8157,False,medium,True,False,0.05217391304347826,False,16,low
8158,False,short,False,False,0.21875,False,10,high
8159,False,long,False,False,0.04597701149425287,False,22,low
8160,False,short,False,False,0.08196721311475409,False,11,low
8161,False,medium,False,True,0.0,False,18,none
8162,False,long,False,False,0.20987654320987653,False,19,high
8163,False,long,False,False,0.024390243902439025,False,20,low
8164,False,long,False,False,0.041237113402061855,False,20,low
8165,True,medium,False,False,0.1746031746031746,False,17,high
8166,False,long,False,False,0.019417475728155338,False,19,low
8167,False,long,False,False,0.15853658536585366,False,19,high
8168,False,short,False,False,0.07692307692307693,False,12,low
8169,False,medium,False,False,0.03333333333333333,False,17,low
8170,False,short,False,False,0.06060606060606061,False,8,low
8171,False,medium,False,False,0.036585365853658534,False,17,low
8172,False,medium,False,True,0.08247422680412371,False,18,low
8173,False,medium,False,False,0.0,False,13,none
8174,True,medium,False,False,0.017857142857142856,False,18,low
8175,False,long,False,False,0.021739130434782608,False,24,low
8176,False,short,False,False,0.06896551724137931,False,10,low
8177,False,short,False,False,0.13636363636363635,False,9,high
8178,False,medium,False,False,0.1388888888888889,False,15,high
8179,False,medium,False,True,0.14285714285714285,False,15,high
8180,True,short,False,False,0.14814814814814814,False,10,high
8181,False,medium,False,False,0.0196078431372549,False,13,low
8182,True,short,False,False,0.13846153846153847,False,11,high
8183,False,medium,False,False,0.1643835616438356,False,17,high
8184,False,long,False,True,0.08602150537634409,False,25,low
8185,False,short,False,False,0.029411764705882353,False,7,low
8186,False,short,False,False,0.14754098360655737,False,11,high
8187,False,short,False,False,0.5961538461538461,False,9,high
8188,False,short,False,False,0.03636363636363636,False,8,low
8189,False,long,False,False,0.043859649122807015,False,21,low
8190,False,medium,False,False,0.21052631578947367,False,17,high
8191,False,medium,False,False,0.14285714285714285,False,15,high
8192,False,medium,False,True,0.044444444444444446,False,17,low
8193,False,medium,False,False,0.05154639175257732,False,18,low
8194,False,long,False,True,0.1111111111111111,False,21,high
8195,False,short,False,False,0.32608695652173914,False,11,high
8196,False,short,False,False,0.07894736842105263,False,7,low
8197,False,long,False,False,0.17346938775510204,False,20,high
8198,False,short,False,False,0.208955223880597,False,11,high
8199,False,short,False,False,0.2,False,2,high
8200,False,short,False,False,0.24691358024691357,False,9,high
8201,False,short,False,False,0.0196078431372549,False,7,low
8202,False,medium,False,False,0.10144927536231885,False,14,high
8203,True,medium,False,True,0.05660377358490566,True,14,low
8204,False,long,False,False,0.061224489795918366,False,27,low
8205,False,short,False,False,0.05084745762711865,False,10,low
8206,False,short,False,False,0.07042253521126761,False,12,low
8207,False,short,False,False,0.03333333333333333,False,12,low
8208,False,short,False,True,0.047619047619047616,False,11,low
8209,False,medium,False,False,0.10294117647058823,False,15,high
8210,False,medium,True,False,0.09302325581395349,False,18,low
8211,False,medium,False,True,0.13559322033898305,False,18,high
8212,False,medium,False,False,0.03278688524590164,False,14,low
8213,False,long,False,False,0.045454545454545456,False,21,low
8214,True,short,False,False,0.06666666666666667,False,6,low
8215,False,short,False,False,0.020833333333333332,False,10,low
8216,False,medium,False,True,0.034482758620689655,False,18,low
8217,False,short,False,False,0.06,False,11,low
8218,False,short,False,False,0.05357142857142857,False,9,low
8219,False,medium,False,False,0.06666666666666667,False,13,low
8220,False,short,False,False,0.16666666666666666,False,1,high
8221,False,medium,False,False,0.8823529411764706,False,16,high
8222,False,short,False,False,0.022222222222222223,False,11,low
8223,False,short,False,False,0.15789473684210525,False,11,high
8224,False,medium,False,False,0.13095238095238096,False,13,high
8225,False,short,False,False,0.11764705882352941,False,12,high
8226,False,short,False,False,0.10810810810810811,False,7,high
8227,False,medium,False,False,0.28125,False,16,high
8228,True,medium,False,False,0.046153846153846156,False,15,low
8229,False,short,False,False,0.058823529411764705,False,7,low
8230,False,long,False,False,0.010416666666666666,False,19,low
8231,False,long,True,True,0.0594059405940594,False,24,low
8232,False,long,False,False,0.9166666666666666,False,20,high
8233,False,long,False,True,0.030303030303030304,False,25,low
8234,False,short,False,False,0.08163265306122448,False,11,low
8235,False,medium,False,False,0.0963855421686747,False,15,low
8236,False,long,False,False,0.0,False,20,none
8237,False,short,False,False,0.1111111111111111,False,12,high
8238,False,long,False,False,0.05263157894736842,False,19,low
8239,True,long,False,False,0.09302325581395349,True,25,low
8240,False,medium,False,False,0.047058823529411764,False,15,low
8241,False,long,False,True,0.04950495049504951,False,24,low
8242,False,short,False,False,0.0847457627118644,False,7,low
8243,False,medium,True,True,0.05263157894736842,False,16,low
8244,False,long,False,False,0.00980392156862745,False,20,low
8245,False,short,False,False,0.09433962264150944,False,11,low
8246,False,medium,False,False,0.016666666666666666,False,16,low
8247,False,long,False,False,0.07692307692307693,False,19,low
8248,False,short,False,False,0.09375,False,10,low
8249,False,long,False,True,0.03636363636363636,False,27,low
8250,False,medium,False,True,0.07526881720430108,False,13,low
8251,False,short,False,False,0.020833333333333332,False,7,low
8252,False,long,False,True,0.06,False,22,low
8253,False,long,False,True,0.03225806451612903,False,19,low
8254,False,short,False,False,0.05194805194805195,False,12,low
8255,False,medium,False,False,0.010752688172043012,False,18,low
8256,False,medium,False,True,0.08695652173913043,False,18,low
8257,True,short,False,False,0.2631578947368421,False,6,high
8258,False,medium,False,True,0.07058823529411765,False,16,low
8259,False,short,False,False,0.1276595744680851,False,7,high
8260,False,short,False,False,0.0,False,12,none
8261,False,medium,False,False,0.043478260869565216,False,15,low
8262,False,long,False,False,0.0379746835443038,False,19,low
8263,False,short,False,False,0.05263157894736842,False,9,low
8264,False,short,False,False,0.14285714285714285,False,9,high
8265,False,long,False,False,0.05063291139240506,False,19,low
8266,False,long,False,False,0.19101123595505617,False,19,high
8267,False,short,False,False,0.034482758620689655,False,12,low
8268,False,medium,False,False,0.14285714285714285,False,13,high
8269,False,medium,False,False,0.13559322033898305,False,13,high
8270,False,long,False,False,0.10144927536231885,False,19,high
8271,False,medium,False,False,0.07526881720430108,False,16,low
8272,False,short,False,False,0.03125,False,9,low
8273,False,short,False,False,0.36923076923076925,False,7,high
8274,False,long,False,False,0.1,False,19,low
8275,False,long,False,False,0.0851063829787234,False,21,low
8276,False,short,False,False,0.03773584905660377,False,9,low
8277,True,medium,False,False,0.15151515151515152,True,18,high
8278,False,short,False,False,0.16883116883116883,False,8,high
8279,True,long,True,True,0.05,False,25,low
8280,False,short,False,True,0.14634146341463414,False,9,high
8281,False,medium,False,False,0.125,False,18,high
8282,False,short,False,False,0.07692307692307693,False,10,low
8283,False,long,False,False,0.05263157894736842,False,19,low
8284,False,short,False,False,0.11864406779661017,False,11,high
8285,False,short,False,False,0.08333333333333333,False,11,low
8286,False,medium,False,True,0.07692307692307693,False,16,low
8287,False,long,False,False,0.036585365853658534,False,19,low
8288,False,medium,False,False,0.04878048780487805,False,18,low
8289,False,short,False,False,0.2571428571428571,False,6,high
8290,False,medium,False,False,0.13953488372093023,False,13,high
8291,False,short,False,False,0.02702702702702703,False,6,low
8292,False,long,False,False,0.12871287128712872,False,19,high
8293,False,medium,False,False,0.09836065573770492,False,14,low
8294,False,medium,False,True,0.09615384615384616,False,14,low
8295,False,long,False,False,0.16326530612244897,False,22,high
8296,True,long,False,False,0.01,False,23,low
8297,False,short,False,False,0.03333333333333333,False,10,low
8298,False,medium,False,False,0.056338028169014086,False,16,low
8299,False,long,False,False,0.10377358490566038,False,19,high
8300,False,short,False,False,0.13793103448275862,False,8,high
8301,False,short,False,False,0.05084745762711865,False,11,low
8302,False,short,False,False,0.041666666666666664,False,4,low
8303,False,medium,False,False,0.06521739130434782,False,17,low
8304,False,short,False,False,0.06521739130434782,False,10,low
8305,False,medium,False,True,0.028169014084507043,False,18,low
8306,False,long,False,False,0.010638297872340425,False,21,low
8307,False,long,False,False,0.13829787234042554,False,20,high
8308,False,long,False,True,0.022988505747126436,False,21,low
8309,False,medium,False,False,0.056179775280898875,False,14,low
8310,True,medium,False,False,0.0625,False,14,low
8311,False,long,False,False,0.011494252873563218,False,19,low
8312,False,medium,False,False,0.012987012987012988,False,15,low
8313,False,medium,True,False,0.046153846153846156,False,13,low
8314,False,medium,False,False,0.09836065573770492,False,13,low
8315,False,long,False,False,0.009259259259259259,False,19,low
8316,False,long,False,False,0.09183673469387756,False,21,low
8317,False,medium,False,True,0.011111111111111112,False,17,low
8318,True,short,False,False,0.038461538461538464,False,12,low
8319,False,long,False,True,0.08333333333333333,False,27,low
8320,False,short,False,False,0.08,False,10,low
8321,False,short,False,True,0.10666666666666667,False,11,high
8322,False,long,True,True,0.03125,False,20,low
8323,False,medium,False,False,0.2153846153846154,False,16,high
8324,False,medium,False,False,0.14864864864864866,False,16,high
8325,True,medium,False,False,0.07317073170731707,False,16,low
8326,False,short,False,False,0.1694915254237288,False,11,high
8327,False,short,False,False,0.0,False,5,none
8328,False,long,False,False,0.01818181818181818,False,21,low
8329,False,short,False,False,0.3382352941176471,False,11,high
8330,False,medium,False,False,0.08333333333333333,False,15,low
8331,False,long,False,False,0.035398230088495575,False,23,low
8332,False,short,False,False,0.175,False,10,high
8333,False,short,False,False,0.11688311688311688,False,11,high
8334,False,short,False,False,0.0,False,6,none
8335,False,medium,False,False,0.18478260869565216,False,15,high
8336,False,medium,False,False,0.11494252873563218,False,13,high
8337,False,medium,False,False,0.011904761904761904,False,16,low
8338,False,short,False,False,0.0,False,8,none
8339,False,short,False,False,0.0851063829787234,False,12,low
8340,False,short,False,False,0.02,False,12,low
8341,False,medium,False,True,0.029850746268656716,False,16,low
8342,False,medium,False,False,0.2153846153846154,False,17,high
8343,False,short,False,True,0.015151515151515152,False,12,low
8344,False,medium,False,False,0.05714285714285714,False,13,low
8345,False,short,False,False,0.12,False,7,high
8346,False,short,False,False,0.11428571428571428,False,12,high
8347,False,short,False,False,0.045454545454545456,False,10,low
8348,False,medium,False,False,0.06896551724137931,False,17,low
8349,False,long,False,True,0.026785714285714284,False,23,low
8350,False,long,False,False,0.019801980198019802,False,21,low
8351,False,long,False,False,0.02040816326530612,False,19,low
8352,False,long,False,False,0.04672897196261682,False,23,low
8353,False,long,False,True,0.02727272727272727,False,23,low
8354,True,short,False,False,0.1875,False,3,high
8355,True,short,False,False,0.6296296296296297,False,12,high
8356,False,long,False,False,0.2823529411764706,False,21,high
8357,False,medium,False,False,0.14492753623188406,False,13,high
8358,False,medium,False,False,0.08641975308641975,False,14,low
8359,False,long,True,True,0.05128205128205128,False,19,low
8360,False,medium,False,False,0.17777777777777778,False,14,high
8361,False,short,False,False,0.01694915254237288,False,10,low
8362,False,short,False,True,0.07692307692307693,False,10,low
8363,False,short,False,False,0.3137254901960784,False,5,high
8364,False,short,False,True,0.07407407407407407,False,12,low
8365,False,short,False,False,0.25,False,5,high
8366,False,medium,False,False,0.08108108108108109,False,15,low
8367,False,short,False,True,0.05172413793103448,False,12,low
8368,False,medium,False,True,0.07352941176470588,False,16,low
8369,False,medium,False,False,0.1095890410958904,False,16,high
8370,False,short,False,False,0.1,False,7,low
8371,False,medium,False,False,0.10752688172043011,False,17,high
8372,False,short,False,False,0.0,False,8,none
8373,False,medium,False,False,0.15463917525773196,False,17,high
8374,False,short,False,True,0.23636363636363636,False,12,high
8375,False,long,False,False,0.03488372093023256,False,21,low
8376,False,short,False,False,0.0625,False,9,low
8377,False,short,False,True,0.0392156862745098,False,12,low
8378,False,medium,False,False,0.08536585365853659,False,18,low
8379,False,medium,False,False,0.15463917525773196,False,13,high
8380,False,short,False,False,0.18181818181818182,False,9,high
8381,False,long,False,False,0.13592233009708737,False,20,high
8382,False,short,False,False,0.6031746031746031,False,12,high
8383,False,long,False,True,0.024691358024691357,False,19,low
8384,False,short,False,False,0.5,False,8,high
8385,False,short,False,False,0.08695652173913043,False,12,low
8386,False,long,False,False,0.11827956989247312,False,22,high
8387,False,short,False,False,0.17142857142857143,False,6,high
8388,False,medium,True,False,0.0547945205479452,False,15,low
8389,False,long,False,False,0.10843373493975904,False,22,high
8390,False,medium,False,False,0.11904761904761904,False,16,high
8391,False,long,False,False,0.018691588785046728,False,23,low
8392,False,long,False,False,0.22988505747126436,False,19,high
8393,False,long,False,True,0.12612612612612611,False,21,high
8394,False,short,False,False,0.0945945945945946,False,9,low
8395,False,long,False,False,0.07446808510638298,False,25,low
8396,False,short,False,False,0.43333333333333335,False,5,high
8397,False,short,False,False,0.06557377049180328,False,11,low
8398,False,long,False,False,0.06481481481481481,False,23,low
8399,False,short,False,True,0.12121212121212122,False,12,high
8400,False,short,False,False,0.0,False,9,none
8401,False,long,False,False,0.06578947368421052,False,19,low
8402,False,long,False,False,0.07692307692307693,False,19,low
8403,False,medium,False,False,0.04838709677419355,False,13,low
8404,False,long,False,False,0.1,False,20,low
8405,False,medium,False,False,0.13095238095238096,False,16,high
8406,False,short,False,False,0.05128205128205128,False,12,low
8407,False,medium,False,False,0.09836065573770492,False,13,low
8408,False,medium,False,False,0.02702702702702703,False,14,low
8409,False,medium,False,False,0.1935483870967742,False,14,high
8410,False,short,False,False,0.08888888888888889,False,8,low
8411,False,medium,False,False,0.13846153846153847,False,14,high
8412,True,short,False,False,0.10256410256410256,False,9,high
8413,False,long,False,False,0.021505376344086023,False,21,low
8414,False,long,False,False,0.07291666666666667,False,23,low
8415,False,short,False,False,0.03571428571428571,False,9,low
8416,True,medium,False,False,0.0,False,18,none
8417,False,short,False,False,0.13513513513513514,False,7,high
8418,False,long,False,False,0.052083333333333336,False,19,low
8419,False,long,True,False,0.033707865168539325,False,23,low
8420,False,short,False,False,0.34,False,9,high
8421,False,medium,False,False,0.05154639175257732,False,17,low
8422,False,medium,False,False,0.14666666666666667,False,17,high
8423,False,medium,False,False,0.05263157894736842,True,17,low
8424,False,medium,False,False,0.26153846153846155,False,14,high
8425,False,short,False,False,0.18055555555555555,False,12,high
8426,False,short,False,False,0.08196721311475409,False,9,low
8427,False,short,True,False,0.0851063829787234,False,10,low
8428,False,medium,False,False,0.13978494623655913,False,15,high
8429,False,short,False,True,0.1111111111111111,False,10,high
8430,False,short,False,False,0.1,False,8,low
8431,False,medium,False,False,0.13186813186813187,False,15,high
8432,False,medium,False,False,0.09523809523809523,False,14,low
8433,False,short,False,True,0.14814814814814814,False,8,high
8434,False,short,False,False,0.05714285714285714,False,10,low
8435,False,short,False,False,0.15384615384615385,False,10,high
8436,False,short,False,False,0.25,False,9,high
8437,False,long,False,False,0.013157894736842105,False,21,low
8438,False,medium,False,False,0.05,False,17,low
8439,False,short,False,False,0.05555555555555555,False,8,low
8440,False,short,False,False,0.09090909090909091,False,7,low
8441,False,medium,False,False,0.037037037037037035,False,13,low
8442,False,short,False,False,0.15,False,11,high
8443,False,short,False,False,0.0,False,6,none
8444,False,long,False,True,0.05102040816326531,False,23,low
8445,False,medium,False,True,0.0,False,16,none
8446,False,medium,False,True,0.036585365853658534,False,17,low
8447,False,long,False,False,0.03260869565217391,False,20,low
8448,False,medium,False,False,0.11594202898550725,False,15,high
8449,False,medium,False,True,0.07368421052631578,False,18,low
8450,False,long,False,True,0.05263157894736842,False,26,low
8451,False,short,False,False,0.058823529411764705,False,11,low
8452,False,long,False,True,0.0410958904109589,False,19,low
8453,False,long,False,False,0.028985507246376812,False,21,low
8454,False,long,False,False,0.047058823529411764,False,21,low
8455,False,medium,False,False,0.025,False,17,low
8456,False,short,False,False,0.04477611940298507,False,12,low
8457,False,short,True,True,0.05555555555555555,False,5,low
8458,False,medium,False,False,0.12903225806451613,False,18,high
8459,False,medium,False,False,0.07692307692307693,False,17,low
8460,False,medium,True,False,0.013888888888888888,False,14,low
8461,False,short,False,False,0.05263157894736842,False,10,low
8462,False,medium,False,False,0.2459016393442623,False,14,high
8463,False,short,False,False,0.1875,False,11,high
8464,False,long,False,False,0.0,False,19,none
8465,False,long,False,False,0.16037735849056603,False,19,high
8466,False,short,False,False,0.0975609756097561,False,12,low
8467,False,long,False,False,0.021505376344086023,False,23,low
8468,False,short,False,False,0.18604651162790697,False,8,high
8469,False,long,False,True,0.07692307692307693,False,23,low
8470,False,medium,False,False,0.07246376811594203,False,15,low
8471,False,medium,False,False,0.04054054054054054,False,13,low
8472,False,medium,False,False,0.0759493670886076,False,18,low
8473,False,long,False,False,0.15555555555555556,False,20,high
8474,False,long,False,False,0.037037037037037035,False,19,low
8475,False,short,False,False,0.13636363636363635,False,9,high
8476,False,short,False,False,0.058823529411764705,False,8,low
8477,False,short,False,False,0.17857142857142858,False,9,high
8478,False,long,False,False,0.049019607843137254,False,21,low
8479,False,short,False,False,0.21621621621621623,False,4,high
8480,False,long,False,True,0.031578947368421054,False,21,low
8481,False,short,False,False,0.14864864864864866,False,12,high
8482,False,short,False,False,0.10526315789473684,False,10,high
8483,False,medium,False,False,0.05747126436781609,False,18,low
8484,True,short,False,False,0.09090909090909091,False,10,low
8485,False,short,False,False,0.06666666666666667,False,11,low
8486,True,medium,False,False,0.034482758620689655,False,14,low
8487,False,short,False,True,0.13725490196078433,False,11,high
8488,False,short,False,False,0.125,False,9,high
8489,False,long,False,False,0.008849557522123894,False,23,low
8490,False,long,False,False,0.11494252873563218,False,22,high
8491,False,medium,False,False,0.022988505747126436,False,14,low
8492,False,medium,False,True,0.021052631578947368,False,17,low
8493,False,short,False,False,0.15384615384615385,False,6,high
8494,True,short,False,False,0.1111111111111111,False,6,high
8495,False,long,False,False,0.052083333333333336,False,22,low
8496,False,medium,False,False,0.04054054054054054,False,14,low
8497,False,medium,False,False,0.0,False,13,none
8498,False,medium,False,False,0.06976744186046512,False,14,low
8499,False,long,False,False,0.037037037037037035,False,22,low
8500,False,medium,False,False,0.6428571428571429,False,13,high
8501,False,long,False,False,0.04672897196261682,False,25,low
8502,False,short,False,False,0.1111111111111111,False,10,high
8503,False,medium,False,True,0.09090909090909091,False,18,low
8504,False,medium,False,False,0.045454545454545456,False,13,low
8505,False,long,False,False,0.020833333333333332,False,26,low
8506,False,medium,False,False,0.0375,False,18,low
8507,False,long,False,True,0.19444444444444445,False,27,high
8508,False,long,False,False,0.017857142857142856,False,26,low
8509,False,medium,False,False,0.2702702702702703,False,17,high
8510,False,medium,False,False,0.056179775280898875,False,17,low
8511,False,medium,False,False,0.0989010989010989,False,14,low
8512,False,medium,False,False,0.11764705882352941,False,16,high
8513,False,short,False,False,0.06818181818181818,False,9,low
8514,False,long,False,False,0.041237113402061855,False,20,low
8515,False,medium,False,False,0.0975609756097561,False,13,low
8516,False,short,False,False,0.08771929824561403,False,9,low
8517,False,medium,False,False,0.047619047619047616,False,17,low
8518,False,medium,False,False,0.2647058823529412,False,13,high
8519,False,medium,False,True,0.15384615384615385,False,16,high
8520,False,short,False,False,0.14035087719298245,False,8,high
8521,False,medium,False,False,0.05263157894736842,False,15,low
8522,False,long,False,True,0.02912621359223301,False,20,low
8523,False,short,False,True,0.05714285714285714,False,11,low
8524,False,short,False,True,0.12121212121212122,False,6,high
8525,False,medium,False,True,0.11538461538461539,False,16,high
8526,True,short,False,False,0.897196261682243,False,4,high
8527,False,short,False,False,0.1724137931034483,False,12,high
8528,False,medium,False,False,0.1780821917808219,False,16,high
8529,False,long,False,True,0.05263157894736842,False,19,low
8530,False,medium,False,False,0.265625,False,13,high
8531,False,short,False,False,0.044444444444444446,False,8,low
8532,False,long,False,False,0.0,False,22,none
8533,False,medium,False,False,0.0,False,13,none
8534,False,medium,False,True,0.04054054054054054,False,13,low
8535,True,short,True,False,0.05263157894736842,False,5,low
8536,False,long,False,False,0.008928571428571428,False,28,low
8537,False,medium,True,False,0.08974358974358974,False,13,low
8538,False,short,False,False,0.1702127659574468,False,9,high
8539,False,long,False,True,0.01020408163265306,False,20,low
8540,False,long,False,True,0.07291666666666667,False,23,low
8541,True,medium,False,False,0.025974025974025976,False,14,low
8542,False,long,False,True,0.11627906976744186,False,20,high
8543,False,long,False,False,0.031914893617021274,False,21,low
8544,False,short,False,False,0.058823529411764705,False,8,low
8545,True,short,False,False,0.018867924528301886,False,10,low
8546,False,medium,False,False,0.056338028169014086,False,14,low
8547,False,medium,False,True,0.12962962962962962,False,14,high
8548,False,long,False,False,0.06976744186046512,False,20,low
8549,False,medium,False,False,0.023529411764705882,False,16,low
8550,False,long,False,False,0.05952380952380952,False,22,low
8551,False,medium,False,False,0.1553398058252427,False,17,high
8552,False,medium,False,True,0.036585365853658534,False,15,low
8553,False,short,False,True,0.058823529411764705,False,4,low
8554,False,long,False,True,0.06796116504854369,False,22,low
8555,False,medium,False,False,0.08235294117647059,False,16,low
8556,True,medium,False,False,0.057971014492753624,False,15,low
8557,False,short,False,False,0.0,False,5,none
8558,True,short,False,False,0.17142857142857143,False,12,high
8559,False,long,False,False,0.08695652173913043,False,21,low
8560,False,medium,True,False,0.09574468085106383,False,14,low
8561,False,medium,False,False,0.0851063829787234,False,13,low
8562,False,long,False,False,0.0891089108910891,False,22,low
8563,False,short,False,True,0.018518518518518517,False,11,low
8564,False,short,False,False,0.15584415584415584,False,9,high
8565,False,long,False,False,0.10666666666666667,False,19,high
8566,False,long,False,False,0.008695652173913044,False,20,low
8567,False,short,False,False,0.05405405405405406,False,6,low
8568,False,long,False,False,0.03125,False,20,low
8569,False,medium,False,True,0.075,False,18,low
8570,False,short,False,False,0.12,False,10,high
8571,False,short,False,False,0.23529411764705882,False,4,high
8572,True,medium,False,False,0.02197802197802198,False,18,low
8573,False,short,False,False,0.2553191489361702,False,12,high
8574,False,long,False,False,0.011627906976744186,False,21,low
8575,False,medium,False,False,0.10256410256410256,False,18,high
8576,False,medium,False,False,0.06172839506172839,False,17,low
8577,False,short,False,False,0.18518518518518517,False,8,high
8578,False,short,False,False,0.13513513513513514,False,11,high
8579,False,short,False,False,0.0,False,8,none
8580,False,long,False,False,0.023255813953488372,False,21,low
8581,False,medium,False,False,0.08641975308641975,False,18,low
8582,False,medium,False,False,0.12962962962962962,False,15,high
8583,False,short,False,False,0.0641025641025641,False,12,low
8584,False,short,False,False,0.11428571428571428,False,7,high
8585,False,medium,False,False,0.031914893617021274,False,15,low
8586,False,medium,True,True,0.125,False,15,high
8587,False,short,False,False,0.1111111111111111,False,9,high
8588,False,medium,False,False,0.04,False,14,low
8589,False,medium,False,False,0.0136986301369863,False,16,low
8590,False,medium,False,False,0.05128205128205128,False,14,low
8591,False,medium,False,False,0.05319148936170213,False,18,low
8592,False,short,False,True,0.021739130434782608,False,11,low
8593,False,long,False,True,0.04040404040404041,False,22,low
8594,False,medium,False,False,0.24193548387096775,False,15,high
8595,False,short,False,False,0.08333333333333333,False,2,low
8596,False,short,False,False,0.08888888888888889,False,10,low
8597,False,long,True,True,0.021052631578947368,False,26,low
8598,True,short,False,False,0.11538461538461539,False,7,high
8599,False,short,False,False,0.25806451612903225,False,8,high
8600,False,medium,False,False,0.13414634146341464,False,13,high
8601,False,short,False,False,0.15517241379310345,False,10,high
8602,False,short,False,False,0.125,False,12,high
8603,False,short,False,False,0.09090909090909091,False,11,low
8604,False,medium,False,False,0.14285714285714285,True,16,high
8605,False,long,False,False,0.08490566037735849,False,22,low
8606,False,short,False,False,0.45161290322580644,False,6,high
8607,False,long,False,False,0.23880597014925373,False,19,high
8608,False,medium,True,False,0.0684931506849315,False,17,low
8609,False,medium,False,False,0.05813953488372093,False,17,low
8610,False,medium,True,True,0.0375,False,17,low
8611,True,short,False,False,0.125,False,7,high
8612,False,short,False,False,0.043478260869565216,False,10,low
8613,False,short,False,True,0.10810810810810811,False,7,high
8614,False,medium,False,False,0.043478260869565216,False,17,low
8615,False,medium,True,False,0.0,False,15,none
8616,False,medium,False,False,0.04395604395604396,False,18,low
8617,False,medium,False,False,0.04854368932038835,False,16,low
8618,False,short,False,False,0.13725490196078433,False,7,high
8619,False,medium,False,True,0.07692307692307693,False,17,low
8620,False,long,False,False,0.0625,False,20,low
8621,False,long,False,False,0.08256880733944955,False,25,low
8622,False,medium,False,False,0.06451612903225806,False,15,low
8623,False,medium,True,False,0.0759493670886076,False,14,low
8624,False,medium,False,False,0.1951219512195122,False,13,high
8625,False,medium,False,False,0.10227272727272728,False,18,high
8626,False,short,False,False,0.12698412698412698,False,10,high
8627,False,long,False,False,0.13131313131313133,False,23,high
8628,False,short,False,False,0.07142857142857142,False,12,low
8629,False,short,False,False,0.08333333333333333,False,10,low
8630,False,medium,False,False,0.03614457831325301,False,17,low
8631,False,long,False,True,0.012658227848101266,False,19,low
8632,False,short,False,False,0.20754716981132076,False,11,high
8633,False,long,False,True,0.011627906976744186,True,22,low
8634,False,short,False,False,0.19148936170212766,False,9,high
8635,False,medium,False,False,0.03076923076923077,True,15,low
8636,False,long,False,False,0.009615384615384616,False,23,low
8637,False,short,False,False,0.11904761904761904,False,6,high
8638,False,short,False,False,0.08196721311475409,False,12,low
8639,False,short,False,False,0.1095890410958904,False,12,high
8640,False,long,False,False,0.020202020202020204,False,21,low
8641,False,short,False,False,0.0967741935483871,False,5,low
8642,False,medium,False,False,0.1728395061728395,False,14,high
8643,False,medium,False,False,0.140625,False,17,high
8644,False,long,False,True,0.009900990099009901,False,27,low
8645,False,medium,False,False,0.11940298507462686,False,15,high
8646,True,long,False,False,0.07,False,24,low
8647,False,short,False,False,0.15,False,3,high
8648,False,medium,False,False,0.02564102564102564,False,13,low
8649,False,long,False,True,0.07216494845360824,False,25,low
8650,False,long,False,False,0.06329113924050633,False,19,low
8651,False,short,False,False,0.1875,False,9,high
8652,False,short,False,True,0.2631578947368421,False,5,high
8653,False,long,True,True,0.1111111111111111,False,23,high
8654,False,short,False,False,0.14893617021276595,False,7,high
8655,False,long,False,True,0.09090909090909091,False,23,low
8656,False,short,False,False,0.14102564102564102,False,12,high
8657,False,short,False,False,0.044444444444444446,False,12,low
8658,False,long,False,False,0.011235955056179775,False,20,low
8659,False,long,True,False,0.0,False,24,none
8660,False,short,False,False,0.10416666666666667,False,9,high
8661,False,short,False,False,0.11764705882352941,False,11,high
8662,False,medium,False,False,0.0625,False,16,low
8663,False,long,False,False,0.020833333333333332,False,19,low
8664,False,short,False,False,0.041666666666666664,False,11,low
8665,False,long,False,True,0.07142857142857142,False,22,low
8666,False,long,False,False,0.09433962264150944,False,20,low
8667,False,long,True,True,0.06315789473684211,False,19,low
8668,False,short,False,False,0.1724137931034483,False,7,high
8669,False,long,True,False,0.017699115044247787,False,23,low
8670,False,medium,False,False,0.10843373493975904,False,16,high
8671,False,medium,False,True,0.047058823529411764,False,17,low
8672,False,medium,False,False,0.08181818181818182,False,15,low
8673,False,short,False,False,0.28888888888888886,False,10,high
8674,False,long,False,False,0.11,False,23,high
8675,False,long,False,False,0.06862745098039216,False,23,low
8676,True,medium,False,True,0.0625,False,18,low
8677,False,medium,False,False,0.24561403508771928,False,14,high
8678,False,medium,False,False,0.38181818181818183,False,14,high
8679,False,medium,False,False,0.10204081632653061,False,17,high
8680,False,long,False,False,0.009523809523809525,False,23,low
8681,False,medium,False,False,0.024691358024691357,False,17,low
8682,False,medium,False,False,0.07608695652173914,False,15,low
8683,False,medium,False,False,0.16666666666666666,False,15,high
8684,False,medium,True,False,0.08163265306122448,False,17,low
8685,False,long,False,False,0.019801980198019802,False,20,low
8686,False,long,False,True,0.03409090909090909,False,20,low
8687,False,long,False,False,0.16666666666666666,False,23,high
8688,False,long,False,False,0.043010752688172046,False,22,low
8689,False,short,False,False,0.0,False,11,none
8690,False,long,False,False,0.0,False,19,none
8691,False,medium,False,False,0.012658227848101266,False,14,low
8692,False,long,False,False,0.06976744186046512,False,20,low
8693,False,short,False,False,0.13636363636363635,False,10,high
8694,False,long,False,True,0.03571428571428571,False,20,low
8695,False,short,False,False,0.20512820512820512,False,11,high
8696,False,short,False,False,0.07352941176470588,False,11,low
8697,False,medium,False,False,0.1875,False,18,high
8698,False,medium,False,False,0.17647058823529413,False,13,high
8699,False,short,False,False,0.07407407407407407,False,8,low
8700,False,short,False,False,0.0,False,6,none
8701,True,medium,True,True,0.05263157894736842,False,13,low
8702,False,long,False,False,0.020618556701030927,False,23,low
8703,False,medium,False,False,0.03225806451612903,False,18,low
8704,False,long,False,True,0.09259259259259259,False,22,low
8705,False,long,False,False,0.0851063829787234,False,19,low
8706,False,long,False,False,0.1111111111111111,False,28,high
8707,False,long,False,False,0.05102040816326531,False,21,low
8708,False,long,False,False,0.36082474226804123,False,23,high
8709,False,long,False,True,0.2463768115942029,False,20,high
8710,False,short,False,False,0.18181818181818182,False,9,high
8711,False,medium,False,False,0.06172839506172839,False,14,low
8712,False,long,False,False,0.09615384615384616,False,22,low
8713,False,medium,False,False,0.06521739130434782,False,15,low
8714,False,medium,False,False,0.056179775280898875,False,14,low
8715,False,short,False,False,0.0,False,12,none
8716,False,short,False,True,0.0425531914893617,False,11,low
8717,False,short,False,False,0.08620689655172414,False,12,low
8718,False,short,False,False,0.16363636363636364,False,10,high
8719,False,long,False,False,0.18181818181818182,False,19,high
8720,False,medium,False,False,0.05263157894736842,False,17,low
8721,False,medium,True,False,0.0,False,13,none
8722,False,long,False,True,0.0898876404494382,False,19,low
8723,False,medium,False,False,0.18181818181818182,False,16,high
8724,False,medium,False,False,0.0625,False,15,low
8725,False,medium,False,False,0.014084507042253521,False,15,low
8726,False,long,False,False,0.9636363636363636,False,22,high
8727,True,short,False,False,0.1388888888888889,False,8,high
8728,False,medium,False,False,0.07291666666666667,False,16,low
8729,False,medium,False,True,0.0,False,17,none
8730,False,short,False,False,0.10256410256410256,False,12,high
8731,False,short,True,False,0.0,False,11,none
8732,False,medium,False,False,0.045454545454545456,False,14,low
8733,False,short,False,False,0.03571428571428571,False,4,low
8734,False,short,False,False,0.11538461538461539,False,2,high
8735,False,short,False,False,0.16666666666666666,False,6,high
8736,False,short,False,False,0.10526315789473684,False,9,high
8737,False,long,False,False,0.052083333333333336,False,21,low
8738,False,long,False,False,0.05555555555555555,False,22,low
8739,False,short,False,False,0.11320754716981132,False,11,high
8740,False,medium,False,False,0.05128205128205128,False,13,low
8741,False,long,False,False,0.033707865168539325,False,20,low
8742,False,medium,False,False,0.011494252873563218,False,18,low
8743,False,short,False,False,0.041666666666666664,False,9,low
8744,False,long,False,False,0.011363636363636364,False,21,low
8745,False,medium,False,True,0.04201680672268908,False,15,low
8746,False,short,False,False,0.25,False,2,high
8747,True,medium,False,False,0.32967032967032966,False,15,high
8748,False,long,False,False,0.04081632653061224,False,19,low
8749,False,long,False,False,0.017094017094017096,False,22,low
8750,False,medium,False,False,0.03225806451612903,False,15,low
8751,False,long,False,True,0.039603960396039604,False,30,low
8752,False,short,False,False,0.07042253521126761,False,11,low
8753,False,medium,False,False,0.20212765957446807,False,18,high
8754,False,medium,False,False,0.021505376344086023,False,17,low
8755,False,medium,False,False,0.20689655172413793,False,13,high
8756,False,long,False,False,0.03571428571428571,False,22,low
8757,False,medium,False,False,0.057692307692307696,False,14,low
8758,False,long,False,False,0.05,False,26,low
8759,False,long,False,True,0.045454545454545456,False,20,low
8760,False,long,False,False,0.022222222222222223,False,22,low
8761,False,medium,False,False,0.0,False,13,none
8762,False,long,False,False,0.06593406593406594,False,21,low
8763,False,long,True,False,0.018518518518518517,False,26,low
8764,False,medium,False,False,0.05555555555555555,False,18,low
8765,False,medium,False,False,0.2872340425531915,False,15,high
8766,False,short,False,False,0.07317073170731707,False,10,low
8767,False,short,False,False,0.016666666666666666,False,11,low
8768,False,medium,False,False,0.043478260869565216,False,13,low
8769,False,short,False,False,0.06,False,9,low
8770,False,short,False,False,0.07407407407407407,False,10,low
8771,False,medium,False,True,0.08602150537634409,False,18,low
8772,False,short,False,False,0.16417910447761194,False,11,high
8773,False,medium,False,True,0.0851063829787234,False,13,low
8774,False,long,False,False,0.0,False,28,none
8775,False,long,False,False,0.010101010101010102,False,22,low
8776,False,short,False,False,0.20454545454545456,False,12,high
8777,False,medium,False,False,0.08955223880597014,False,13,low
8778,False,long,False,False,0.04950495049504951,False,22,low
8779,False,medium,False,False,0.0641025641025641,False,16,low
8780,False,short,False,False,0.041666666666666664,False,8,low
8781,False,long,False,False,0.041666666666666664,False,20,low
8782,False,medium,False,False,0.08433734939759036,False,17,low
8783,False,short,False,False,0.037037037037037035,False,9,low
8784,False,long,False,False,0.14814814814814814,False,24,high
8785,False,short,False,False,0.12903225806451613,False,5,high
8786,False,long,False,False,0.011904761904761904,False,20,low
8787,False,long,False,True,0.021739130434782608,False,26,low
8788,False,long,False,False,0.11458333333333333,False,20,high
8789,False,short,False,False,0.16981132075471697,False,12,high
8790,False,medium,False,False,0.060240963855421686,False,16,low
8791,False,medium,False,False,0.013157894736842105,False,16,low
8792,False,short,False,False,0.13043478260869565,False,4,high
8793,False,medium,False,False,0.18333333333333332,False,15,high
8794,False,short,True,True,0.2830188679245283,False,12,high
8795,False,short,False,False,0.03571428571428571,False,5,low
8796,False,medium,False,False,0.16666666666666666,False,15,high
8797,False,long,False,False,0.038834951456310676,False,20,low
8798,False,short,False,False,0.015873015873015872,False,12,low
8799,False,medium,False,True,0.017241379310344827,False,16,low
8800,False,short,False,False,0.07894736842105263,False,10,low
8801,True,medium,False,False,0.13559322033898305,False,13,high
8802,False,short,False,False,0.09523809523809523,False,8,low
8803,False,long,False,False,0.0,False,25,none
8804,False,short,False,False,0.0847457627118644,False,10,low
8805,False,medium,False,False,0.04,False,16,low
8806,False,short,False,False,0.08108108108108109,False,7,low
8807,False,medium,False,False,0.07865168539325842,False,15,low
8808,False,short,False,False,0.10526315789473684,False,6,high
8809,False,short,False,False,0.047619047619047616,False,11,low
8810,False,medium,False,False,0.13253012048192772,False,18,high
8811,False,medium,False,False,0.0125,False,17,low
8812,False,long,False,False,0.08888888888888889,False,21,low
8813,False,long,False,True,0.07692307692307693,False,23,low
8814,False,long,False,True,0.043010752688172046,False,24,low
8815,False,long,False,False,0.03773584905660377,False,27,low
8816,False,medium,False,False,0.08333333333333333,False,17,low
8817,False,medium,False,False,0.013333333333333334,False,14,low
8818,False,medium,False,False,0.1485148514851485,False,13,high
8819,False,long,False,False,0.030303030303030304,False,23,low
8820,False,short,False,True,0.05357142857142857,False,10,low
8821,False,long,False,True,0.07,False,21,low
8822,True,long,False,False,0.012345679012345678,False,21,low
8823,False,short,False,False,0.13793103448275862,False,5,high
8824,False,medium,False,False,0.034482758620689655,False,16,low
8825,False,short,False,False,0.08888888888888889,False,12,low
8826,False,long,False,False,0.04878048780487805,False,20,low
8827,False,short,False,False,0.14285714285714285,False,9,high
8828,True,short,False,False,0.4025974025974026,False,9,high
8829,False,long,True,False,0.009345794392523364,False,20,low
8830,False,medium,False,False,0.11688311688311688,False,15,high
8831,False,long,False,True,0.06521739130434782,False,20,low
8832,False,short,False,False,0.36,True,8,high
8833,False,short,False,False,0.058823529411764705,False,12,low
8834,False,medium,False,True,0.011363636363636364,False,18,low
8835,False,long,False,False,0.027777777777777776,False,25,low
8836,False,short,False,False,0.058823529411764705,False,8,low
8837,False,long,False,False,0.04938271604938271,False,19,low
8838,False,short,False,False,0.05263157894736842,False,7,low
8839,False,long,False,True,0.022988505747126436,False,21,low
8840,False,medium,False,True,0.2653061224489796,False,16,high
8841,False,medium,False,True,0.010869565217391304,False,18,low
8842,False,medium,False,False,0.0851063829787234,False,13,low
8843,False,medium,False,True,0.0196078431372549,False,13,low
8844,False,medium,False,False,0.7717391304347826,False,16,high
8845,False,short,False,False,0.02702702702702703,False,8,low
8846,False,medium,False,False,0.0,False,18,none
8847,False,long,False,False,0.08653846153846154,False,23,low
8848,False,short,False,False,0.12903225806451613,False,5,high
8849,True,medium,False,False,0.05357142857142857,False,16,low
8850,False,short,False,False,0.18518518518518517,False,7,high
8851,False,short,False,False,0.0,False,3,none
8852,False,long,False,False,0.027522935779816515,False,21,low
8853,False,long,False,True,0.03669724770642202,False,26,low
8854,False,medium,False,False,0.03488372093023256,False,17,low
8855,False,short,False,False,0.08333333333333333,False,10,low
8856,False,long,False,False,0.043478260869565216,False,21,low
8857,False,long,True,False,0.09259259259259259,False,22,low
8858,False,medium,False,False,0.04,False,15,low
8859,False,medium,False,False,0.05970149253731343,False,16,low
8860,True,short,False,False,0.08333333333333333,False,7,low
8861,False,medium,False,False,0.2,False,17,high
8862,False,short,False,False,0.047619047619047616,False,11,low
8863,False,long,False,True,0.0425531914893617,False,19,low
8864,False,short,False,False,0.12962962962962962,False,9,high
8865,False,medium,False,False,0.02666666666666667,False,15,low
8866,False,long,False,False,0.05263157894736842,False,20,low
8867,False,medium,False,False,0.05,False,15,low
8868,False,short,False,False,0.05555555555555555,False,9,low
8869,False,long,False,False,0.09278350515463918,False,22,low
8870,False,medium,False,True,0.02564102564102564,False,17,low
8871,False,short,False,False,0.16666666666666666,False,5,high
8872,False,medium,False,False,0.03636363636363636,False,13,low
8873,False,short,False,False,0.20588235294117646,False,7,high
8874,False,medium,False,False,0.04054054054054054,False,13,low
8875,False,medium,False,False,0.02564102564102564,False,13,low
8876,False,long,False,False,0.046511627906976744,False,25,low
8877,False,short,False,False,0.15384615384615385,False,6,high
8878,False,short,False,False,0.05128205128205128,False,7,low
8879,False,long,False,False,0.046511627906976744,False,21,low
8880,False,medium,False,False,0.025974025974025976,False,18,low
8881,False,short,False,False,0.3,False,5,high
8882,True,long,False,False,0.8504672897196262,False,21,high
8883,False,long,False,False,0.02631578947368421,False,21,low
8884,False,medium,False,False,0.23863636363636365,False,16,high
8885,True,medium,False,False,0.08641975308641975,False,14,low
8886,False,long,False,False,0.03125,False,24,low
8887,False,short,False,False,0.18,False,8,high
8888,False,long,True,False,1.0,False,24,high
8889,False,long,False,False,0.13186813186813187,False,19,high
8890,False,long,True,False,0.04878048780487805,False,22,low
8891,False,long,False,False,0.35714285714285715,False,20,high
8892,False,medium,False,True,0.05333333333333334,False,14,low
8893,False,short,False,False,0.13793103448275862,False,5,high
8894,False,short,False,False,0.022222222222222223,False,9,low
8895,False,long,False,True,0.05555555555555555,False,21,low
8896,False,long,False,False,0.2826086956521739,False,22,high
8897,False,medium,False,False,0.044444444444444446,False,14,low
8898,False,long,False,False,0.027777777777777776,False,22,low
8899,False,long,False,True,0.02857142857142857,False,21,low
8900,False,medium,False,False,0.02631578947368421,False,15,low
8901,False,short,False,False,0.05555555555555555,False,11,low
8902,False,short,False,False,0.17142857142857143,False,12,high
8903,False,short,False,False,0.0958904109589041,False,12,low
8904,False,long,False,False,0.18681318681318682,False,21,high
8905,False,medium,False,True,0.014285714285714285,False,15,low
8906,False,short,False,False,0.17307692307692307,False,9,high
8907,False,short,False,False,0.09090909090909091,False,8,low
8908,False,short,False,False,0.07017543859649122,False,12,low
8909,False,medium,False,False,0.15873015873015872,False,15,high
8910,False,medium,False,False,0.1791044776119403,False,18,high
8911,True,short,False,False,0.0,False,6,none
8912,False,long,False,False,0.11363636363636363,False,22,high
8913,False,medium,False,False,0.08641975308641975,False,16,low
8914,False,medium,False,True,0.03571428571428571,False,14,low
8915,False,long,False,True,0.13131313131313133,False,23,high
8916,False,short,False,False,0.0,False,8,none
8917,False,short,False,True,0.1282051282051282,False,9,high
8918,False,long,False,False,0.061224489795918366,False,21,low
8919,False,medium,False,False,0.15873015873015872,False,18,high
8920,False,medium,False,False,0.03508771929824561,False,13,low
8921,False,short,False,False,0.11666666666666667,False,10,high
8922,False,short,False,False,0.10416666666666667,False,9,high
8923,False,short,True,False,0.0,False,9,none
8924,False,short,False,False,0.0,False,7,none
8925,False,short,False,False,0.16666666666666666,False,10,high
8926,False,medium,False,True,0.010416666666666666,False,18,low
8927,False,medium,False,False,0.08641975308641975,False,18,low
8928,False,short,False,False,0.16,False,12,high
8929,False,short,False,False,0.19047619047619047,False,11,high
8930,False,short,False,False,0.02666666666666667,False,12,low
8931,False,long,False,False,0.11224489795918367,False,22,high
8932,False,medium,False,False,0.12698412698412698,False,13,high
8933,False,medium,False,True,0.0,False,16,none
8934,False,short,False,False,0.09090909090909091,False,9,low
8935,False,long,False,True,0.01818181818181818,False,20,low
8936,False,long,False,True,0.06593406593406594,False,20,low
8937,False,short,False,False,0.0,False,5,none
8938,False,short,False,False,0.05555555555555555,False,10,low
8939,False,long,False,False,0.03636363636363636,False,26,low
8940,False,short,False,False,0.07142857142857142,False,6,low
8941,False,short,False,False,0.08333333333333333,False,7,low
8942,False,short,False,True,0.19696969696969696,False,11,high
8943,False,long,False,False,0.11504424778761062,False,21,high
8944,False,short,False,False,0.014084507042253521,False,11,low
8945,False,long,False,False,0.060240963855421686,False,20,low
8946,False,medium,False,False,0.13580246913580246,False,15,high
8947,False,long,False,True,0.030612244897959183,False,23,low
8948,False,short,False,False,0.11,False,11,high
8949,False,long,False,False,0.038461538461538464,False,27,low
8950,False,short,False,False,0.043478260869565216,False,5,low
8951,False,medium,False,False,0.16666666666666666,False,14,high
8952,True,short,True,False,0.0967741935483871,False,7,low
8953,False,long,False,False,0.09090909090909091,False,20,low
8954,False,medium,False,True,0.03125,False,17,low
8955,False,medium,False,True,0.09259259259259259,False,14,low
8956,False,short,False,False,0.058823529411764705,False,8,low
8957,False,short,False,False,0.025,False,8,low
8958,False,medium,False,False,0.171875,False,13,high
8959,False,long,False,False,0.08235294117647059,False,22,low
8960,True,short,False,False,0.1044776119402985,False,11,high
8961,False,short,False,True,0.01694915254237288,False,9,low
8962,False,long,False,False,0.028846153846153848,False,20,low
8963,False,short,False,False,0.14285714285714285,False,6,high
8964,False,short,False,False,0.29545454545454547,False,11,high
8965,False,short,False,False,0.08333333333333333,False,3,low
8966,False,medium,False,False,0.16901408450704225,False,16,high
8967,True,medium,False,True,0.3125,False,15,high
8968,False,long,False,False,0.12222222222222222,False,21,high
8969,False,medium,False,False,0.09803921568627451,False,14,low
8970,False,short,False,False,0.2857142857142857,False,7,high
8971,False,short,False,False,0.2,False,11,high
8972,False,medium,False,False,0.07865168539325842,False,17,low
8973,False,long,False,False,0.0660377358490566,False,20,low
8974,False,short,False,False,0.02127659574468085,False,7,low
8975,False,medium,False,False,0.06097560975609756,False,14,low
8976,True,long,False,False,0.10666666666666667,False,21,high
8977,False,medium,False,False,0.578125,False,13,high
8978,False,medium,False,False,0.26865671641791045,False,16,high
8979,False,medium,False,False,0.04225352112676056,False,13,low
8980,False,short,False,False,0.15,False,10,high
8981,False,long,False,False,0.06930693069306931,False,19,low
8982,False,long,False,False,0.9130434782608695,False,23,high
8983,False,long,False,False,0.20224719101123595,False,21,high
8984,False,medium,False,False,0.024096385542168676,False,17,low
8985,False,medium,False,False,0.045454545454545456,False,14,low
8986,False,long,False,True,0.10294117647058823,False,19,high
8987,False,short,False,True,0.06666666666666667,False,11,low
8988,False,long,False,False,0.02127659574468085,False,20,low
8989,False,short,False,False,0.13636363636363635,False,6,high
8990,False,short,False,False,0.10714285714285714,False,8,high
8991,False,short,False,False,0.1,False,9,low
8992,False,medium,False,False,0.17647058823529413,False,14,high
8993,False,long,False,True,0.05555555555555555,False,23,low
8994,False,long,False,True,0.0625,False,22,low
8995,False,long,False,False,0.018867924528301886,False,22,low
8996,False,long,False,False,0.030927835051546393,False,19,low
8997,False,short,False,False,0.0967741935483871,False,9,low
8998,False,short,False,False,0.0759493670886076,False,12,low
8999,False,short,True,False,0.041666666666666664,False,11,low
9000,False,medium,False,False,0.046153846153846156,False,14,low
9001,False,short,False,False,0.15,False,8,high
9002,False,short,False,False,0.08620689655172414,True,10,low
9003,False,medium,False,False,0.05319148936170213,False,16,low
9004,False,long,False,True,0.04040404040404041,False,25,low
9005,False,medium,False,False,0.08928571428571429,False,18,low
9006,False,short,False,False,0.029411764705882353,False,8,low
9007,False,medium,False,False,0.7464788732394366,False,18,high
9008,False,medium,False,False,0.16129032258064516,False,13,high
9009,False,medium,False,False,0.2222222222222222,False,14,high
9010,False,medium,False,False,0.08620689655172414,False,15,low
9011,False,long,False,False,0.017857142857142856,False,24,low
9012,False,long,False,False,0.09803921568627451,False,21,low
9013,True,medium,False,False,0.030303030303030304,False,13,low
9014,False,medium,False,False,0.0547945205479452,True,15,low
9015,False,medium,False,False,0.05154639175257732,False,17,low
9016,False,long,False,False,0.0990990990990991,False,24,low
9017,False,short,False,True,0.13636363636363635,False,7,high
9018,False,medium,False,False,0.057971014492753624,False,17,low
9019,False,medium,False,False,0.25806451612903225,False,14,high
9020,False,short,False,False,0.20481927710843373,False,8,high
9021,False,medium,False,False,0.043010752688172046,False,18,low
9022,False,short,False,False,0.02040816326530612,False,9,low
9023,False,long,True,False,0.00980392156862745,False,25,low
9024,False,long,False,False,0.13978494623655913,False,19,high
9025,False,medium,False,False,0.07462686567164178,False,18,low
9026,False,long,False,False,0.010752688172043012,False,19,low
9027,False,long,True,True,0.07446808510638298,True,24,low
9028,False,short,False,False,0.09523809523809523,False,7,low
9029,False,medium,False,False,0.26373626373626374,False,13,high
9030,False,long,False,False,0.0,False,22,none
9031,False,medium,False,False,0.1125,False,15,high
9032,False,short,False,True,0.09090909090909091,False,10,low
9033,False,medium,False,False,0.013333333333333334,False,15,low
9034,False,long,False,True,0.11428571428571428,False,24,high
9035,False,short,False,True,0.1,False,7,low
9036,False,medium,False,False,0.14492753623188406,False,16,high
9037,False,medium,False,True,0.0,False,16,none
9038,False,long,False,False,1.0,False,20,high
9039,False,short,False,False,0.037037037037037035,False,12,low
9040,False,medium,False,True,0.2033898305084746,False,14,high
9041,False,long,True,False,0.07865168539325842,False,19,low
9042,False,short,False,False,0.04477611940298507,False,12,low
9043,False,short,False,False,0.017241379310344827,False,9,low
9044,False,short,False,False,0.28205128205128205,False,7,high
9045,False,medium,False,False,0.03260869565217391,False,17,low
9046,False,long,False,False,0.0297029702970297,False,22,low
9047,False,medium,False,False,0.017543859649122806,True,16,low
9048,False,short,False,False,0.14545454545454545,False,9,high
9049,False,short,False,False,0.15625,False,12,high
9050,False,short,False,False,0.2,False,12,high
9051,False,medium,False,False,0.2,False,16,high
9052,True,medium,False,True,0.08571428571428572,False,15,low
9053,False,short,True,False,0.0625,False,8,low
9054,False,medium,False,True,0.038461538461538464,False,16,low
9055,False,long,False,False,0.10227272727272728,False,19,high
9056,True,short,False,False,0.05263157894736842,False,10,low
9057,False,medium,True,True,0.043478260869565216,False,18,low
9058,False,medium,False,False,0.36231884057971014,False,14,high
9059,False,long,False,False,0.030303030303030304,False,21,low
9060,False,medium,False,True,0.056179775280898875,False,18,low
9061,False,long,False,True,0.023529411764705882,False,19,low
9062,False,short,False,False,0.0967741935483871,False,6,low
9063,False,medium,False,False,0.0625,False,18,low
9064,False,short,False,True,0.09803921568627451,False,8,low
9065,False,short,False,False,0.075,False,7,low
9066,False,medium,False,False,0.05555555555555555,False,18,low
9067,False,medium,False,False,0.03076923076923077,False,15,low
9068,False,short,False,False,0.20833333333333334,False,11,high
9069,False,medium,False,False,0.1111111111111111,False,16,high
9070,False,medium,False,True,0.0547945205479452,False,14,low
9071,False,short,False,False,0.02564102564102564,False,9,low
9072,False,short,False,False,0.05,False,9,low
9073,False,medium,False,False,0.03614457831325301,False,16,low
9074,False,long,False,False,0.06741573033707865,False,22,low
9075,False,short,False,False,0.06896551724137931,False,8,low
9076,False,medium,False,False,0.08421052631578947,False,13,low
9077,False,short,False,False,0.4444444444444444,False,3,high
9078,False,medium,False,False,0.05,False,14,low
9079,False,medium,False,False,0.03225806451612903,False,17,low
9080,False,medium,False,False,0.05063291139240506,False,18,low
9081,False,medium,False,True,0.08045977011494253,False,17,low
9082,False,short,False,False,0.023255813953488372,False,9,low
9083,False,short,False,False,0.07272727272727272,False,8,low
9084,False,medium,False,False,0.0641025641025641,False,18,low
9085,True,medium,False,False,0.03389830508474576,False,14,low
9086,False,short,False,False,0.0625,False,11,low
9087,False,short,False,False,0.1111111111111111,False,11,high
9088,False,medium,True,False,0.047619047619047616,False,16,low
9089,False,medium,False,False,0.14285714285714285,False,16,high
9090,False,short,False,True,0.08333333333333333,False,12,low
9091,False,medium,False,False,0.03571428571428571,False,17,low
9092,False,long,False,False,0.07608695652173914,False,20,low
9093,False,long,True,False,0.047058823529411764,False,22,low
9094,False,short,False,True,0.0,False,5,none
9095,False,short,False,False,0.0,True,1,none
9096,True,short,False,False,0.12857142857142856,False,12,high
9097,False,long,False,True,0.1346153846153846,False,21,high
9098,False,short,False,False,0.08,False,7,low
9099,False,long,False,False,0.07142857142857142,False,22,low
9100,False,short,False,False,0.18421052631578946,False,10,high
9101,False,medium,False,False,0.0625,False,13,low
9102,False,medium,False,False,0.041666666666666664,False,16,low
9103,False,short,False,False,0.08823529411764706,False,5,low
9104,False,long,False,False,0.038461538461538464,False,24,low
9105,False,medium,False,False,0.05555555555555555,False,16,low
9106,True,medium,False,True,0.03278688524590164,False,18,low
9107,False,medium,False,False,0.8493150684931506,False,17,high
9108,False,long,False,False,0.09210526315789473,False,21,low
9109,False,long,False,False,0.05504587155963303,False,24,low
9110,False,long,False,False,0.021505376344086023,False,20,low
9111,False,long,False,True,0.045454545454545456,False,20,low
9112,True,short,False,False,0.15789473684210525,False,9,high
9113,False,medium,False,False,0.0684931506849315,False,14,low
9114,False,medium,False,False,0.15053763440860216,False,16,high
9115,False,long,False,False,0.009259259259259259,False,22,low
9116,False,short,False,False,0.09090909090909091,False,5,low
9117,False,medium,False,False,0.05263157894736842,False,14,low
9118,False,medium,False,False,0.02531645569620253,False,14,low
9119,False,long,True,True,0.07920792079207921,False,22,low
9120,False,long,False,False,0.06451612903225806,False,21,low
9121,False,short,False,False,0.125,False,12,high
9122,False,medium,False,False,0.15384615384615385,False,14,high
9123,False,short,False,False,0.05263157894736842,False,8,low
9124,False,short,False,False,0.20833333333333334,False,12,high
9125,False,medium,False,False,0.21739130434782608,False,15,high
9126,False,short,False,False,0.14814814814814814,False,9,high
9127,False,long,False,False,0.0,False,27,none
9128,False,medium,False,False,0.36,False,13,high
9129,False,medium,False,True,0.06542056074766354,False,18,low
9130,False,medium,False,True,0.7222222222222222,False,16,high
9131,False,short,False,False,0.40384615384615385,False,10,high
9132,False,short,False,False,0.12698412698412698,False,12,high
9133,False,short,False,False,0.13636363636363635,False,6,high
9134,False,short,False,False,0.06818181818181818,False,9,low
9135,True,short,False,False,0.20833333333333334,False,3,high
9136,False,short,False,False,0.0,False,9,none
9137,False,long,False,False,0.041666666666666664,False,20,low
9138,False,short,False,False,0.0,False,12,none
9139,False,long,False,True,0.041237113402061855,False,21,low
9140,False,short,False,True,0.07042253521126761,False,11,low
9141,False,short,False,False,0.07894736842105263,False,9,low
9142,False,medium,False,True,0.03333333333333333,False,16,low
9143,False,medium,False,False,0.047058823529411764,False,14,low
9144,False,medium,False,False,0.02197802197802198,False,18,low
9145,False,medium,False,False,0.13114754098360656,False,13,high
9146,False,short,False,False,0.19672131147540983,False,12,high
9147,False,long,False,True,0.028037383177570093,False,26,low
9148,False,long,False,False,0.07368421052631578,False,20,low
9149,False,long,False,False,0.03333333333333333,False,22,low
9150,False,long,False,False,0.0,False,20,none
9151,False,short,False,False,0.1095890410958904,False,11,high
9152,False,medium,False,False,0.04225352112676056,False,17,low
9153,True,short,False,False,0.1875,False,3,high
9154,False,short,False,False,0.0,False,3,none
9155,False,short,False,False,0.2,False,8,high
9156,False,medium,False,False,0.06944444444444445,False,14,low
9157,False,medium,False,False,0.13924050632911392,False,15,high
9158,False,long,False,False,0.03571428571428571,False,21,low
9159,False,long,False,False,0.09782608695652174,False,19,low
9160,False,short,False,False,0.12162162162162163,False,12,high
9161,False,medium,False,False,0.08433734939759036,False,18,low
9162,False,short,False,False,0.06382978723404255,True,11,low
9163,False,medium,False,False,0.06741573033707865,False,15,low
9164,False,medium,False,True,0.11538461538461539,False,18,high
9165,False,medium,False,False,0.0,False,13,none
9166,False,long,False,True,0.06306306306306306,False,25,low
9167,False,medium,False,True,0.024390243902439025,False,18,low
9168,False,long,False,False,0.0392156862745098,False,20,low
9169,False,long,False,False,0.07142857142857142,False,23,low
9170,False,medium,False,True,0.05063291139240506,False,17,low
9171,False,long,False,False,0.07920792079207921,False,20,low
9172,False,short,False,False,0.0851063829787234,False,8,low
9173,False,long,False,False,0.13043478260869565,False,22,high
9174,False,long,False,False,0.25263157894736843,False,23,high
9175,False,short,False,False,0.20833333333333334,False,5,high
9176,False,medium,False,False,0.04477611940298507,False,14,low
9177,False,long,False,False,0.03225806451612903,False,21,low
9178,True,short,False,False,0.045454545454545456,False,9,low
9179,False,long,False,False,0.20987654320987653,False,20,high
9180,False,short,False,False,0.0,False,3,none
9181,False,medium,False,False,0.2403846153846154,False,17,high
9182,False,short,False,False,0.12903225806451613,False,8,high
9183,False,short,False,False,0.02127659574468085,False,7,low
9184,False,medium,False,False,0.15384615384615385,False,18,high
9185,False,short,False,False,0.022727272727272728,False,10,low
9186,False,long,True,False,0.08139534883720931,False,22,low
9187,False,long,False,False,0.06796116504854369,False,20,low
9188,True,short,False,False,0.0,False,9,none
9189,False,medium,False,False,0.05555555555555555,False,18,low
9190,False,short,False,False,0.1111111111111111,False,9,high
9191,False,medium,False,False,0.0625,False,13,low
9192,False,long,False,False,0.043478260869565216,False,22,low
9193,False,short,False,False,0.0625,False,9,low
9194,False,long,False,True,0.04854368932038835,False,24,low
9195,False,long,False,True,0.022727272727272728,False,19,low
9196,True,long,False,False,0.02,False,24,low
9197,True,short,False,False,0.05,False,9,low
9198,False,short,False,False,0.18604651162790697,False,11,high
9199,False,short,False,False,0.28205128205128205,False,3,high
9200,False,medium,False,False,0.057971014492753624,False,15,low
9201,False,short,False,False,1.0,False,7,high
9202,True,short,False,False,0.22857142857142856,False,10,high
9203,False,medium,False,False,0.03488372093023256,False,16,low
9204,False,long,True,True,0.03,False,23,low
9205,False,medium,False,False,0.09836065573770492,False,13,low
9206,False,long,False,True,0.019417475728155338,False,27,low
9207,False,short,False,False,0.09302325581395349,False,9,low
9208,False,long,False,False,0.11494252873563218,False,19,high
9209,False,short,False,False,0.043478260869565216,False,6,low
9210,False,short,False,False,0.1568627450980392,False,9,high
9211,False,medium,False,False,0.2777777777777778,False,13,high
9212,False,medium,False,False,0.12280701754385964,False,16,high
9213,True,long,False,False,0.060240963855421686,False,19,low
9214,False,medium,False,False,0.0410958904109589,False,13,low
9215,False,short,False,False,0.046511627906976744,False,9,low
9216,False,long,False,True,0.045871559633027525,False,27,low
9217,False,short,False,False,0.1111111111111111,False,12,high
9218,False,medium,False,False,0.13114754098360656,False,13,high
9219,False,medium,False,False,0.11594202898550725,False,16,high
9220,False,long,False,False,0.0425531914893617,False,22,low
9221,False,long,True,False,0.02857142857142857,False,21,low
9222,False,long,False,False,0.08695652173913043,False,23,low
9223,False,long,False,False,0.9603960396039604,False,20,high
9224,False,medium,False,False,0.2,False,14,high
9225,True,short,False,False,0.11940298507462686,False,12,high
9226,False,short,False,False,0.16,False,12,high
9227,False,short,False,False,0.0,False,11,none
9228,False,short,False,False,0.140625,False,10,high
9229,False,short,False,False,0.21428571428571427,False,11,high
9230,False,long,False,False,0.01904761904761905,False,20,low
9231,False,long,False,False,0.06329113924050633,False,19,low
9232,False,medium,False,False,0.0945945945945946,False,16,low
9233,False,short,False,True,0.0,False,7,none
9234,False,short,False,True,0.18421052631578946,False,11,high
9235,False,short,False,False,0.21839080459770116,False,10,high
9236,False,long,False,True,0.023809523809523808,False,21,low
9237,True,medium,False,False,0.02,False,15,low
9238,False,short,False,False,0.0,False,10,none
9239,False,medium,False,False,0.09302325581395349,False,15,low
9240,False,long,False,False,0.5102040816326531,False,24,high
9241,False,medium,False,False,0.046153846153846156,False,16,low
9242,False,short,False,False,0.1794871794871795,False,9,high
9243,False,short,False,False,0.06060606060606061,False,6,low
9244,False,short,False,False,0.09302325581395349,False,6,low
9245,False,long,False,False,0.2127659574468085,False,21,high
9246,False,short,False,False,0.0847457627118644,False,10,low
9247,False,medium,False,False,0.0,False,18,none
9248,False,medium,False,False,0.1044776119402985,True,15,high
9249,False,short,False,True,0.18867924528301888,False,10,high
9250,False,medium,False,False,0.17567567567567569,False,15,high
9251,False,short,False,False,0.05555555555555555,False,9,low
9252,False,medium,False,True,0.1232876712328767,False,13,high
9253,False,long,False,False,0.021052631578947368,False,19,low
9254,False,medium,False,False,0.11940298507462686,False,13,high
9255,False,short,False,False,0.017241379310344827,False,12,low
9256,False,short,False,False,0.16666666666666666,False,9,high
9257,False,short,False,False,0.024390243902439025,False,9,low
9258,True,short,False,False,0.02631578947368421,False,7,low
9259,False,medium,False,True,0.11764705882352941,False,16,high
9260,True,short,False,False,0.1,False,9,low
9261,False,long,True,True,0.01020408163265306,False,23,low
9262,False,medium,False,False,0.07291666666666667,False,16,low
9263,False,medium,False,False,0.09803921568627451,False,18,low
9264,False,medium,False,False,0.03125,False,17,low
9265,False,short,False,False,0.10416666666666667,False,9,high
9266,False,medium,False,False,0.0,False,16,none
9267,False,medium,False,False,0.078125,False,13,low
9268,False,long,False,False,0.049019607843137254,False,24,low
9269,False,long,False,False,0.07954545454545454,False,23,low
9270,False,long,False,True,0.018867924528301886,False,23,low
9271,False,short,False,False,0.06451612903225806,False,9,low
9272,False,long,False,False,0.037037037037037035,False,24,low
9273,False,long,False,False,0.03488372093023256,False,19,low
9274,False,medium,False,False,0.024691358024691357,False,17,low
9275,False,long,True,True,0.0945945945945946,False,21,low
9276,False,medium,False,False,0.0625,False,18,low
9277,True,long,False,False,0.08333333333333333,False,24,low
9278,False,long,False,True,0.0136986301369863,False,19,low
9279,False,medium,False,False,0.025974025974025976,False,15,low
9280,False,short,False,False,0.1891891891891892,False,5,high
9281,False,medium,False,False,0.056338028169014086,False,14,low
9282,False,long,False,False,0.09859154929577464,False,20,low
9283,False,short,False,False,0.0,False,10,none
9284,False,medium,False,False,0.125,False,16,high
9285,False,medium,False,True,0.06666666666666667,False,15,low
9286,False,medium,False,False,0.20987654320987653,False,16,high
9287,False,short,False,False,0.0392156862745098,False,12,low
9288,False,short,False,False,0.2619047619047619,False,10,high
9289,False,medium,False,False,0.20652173913043478,False,16,high
9290,False,long,False,False,0.047619047619047616,False,21,low
9291,False,short,False,False,0.10526315789473684,False,9,high
9292,False,long,False,False,0.019417475728155338,False,23,low
9293,False,medium,False,False,0.05660377358490566,False,18,low
9294,False,medium,False,True,0.136986301369863,False,15,high
9295,False,medium,False,True,0.10975609756097561,False,18,high
9296,False,medium,False,False,0.09803921568627451,False,13,low
9297,False,medium,False,False,0.06,False,14,low
9298,True,short,False,False,0.1,False,11,low
9299,False,medium,True,False,0.028037383177570093,False,14,low
9300,False,short,False,False,0.03571428571428571,False,12,low
9301,False,short,False,False,0.4375,False,11,high
9302,False,medium,False,False,0.3194444444444444,False,15,high
9303,False,medium,False,False,0.022988505747126436,False,18,low
9304,False,medium,False,False,0.07575757575757576,False,13,low
9305,False,long,False,False,0.18478260869565216,False,20,high
9306,False,long,False,False,0.08433734939759036,False,19,low
9307,False,short,False,True,0.0,False,9,none
9308,False,long,False,False,0.038461538461538464,False,22,low
9309,False,medium,False,False,0.05128205128205128,False,18,low
9310,False,long,False,False,0.07547169811320754,False,23,low
9311,False,medium,False,False,0.19607843137254902,False,15,high
9312,False,medium,False,False,0.024691358024691357,False,16,low
9313,False,medium,False,False,0.8653846153846154,False,13,high
9314,False,medium,False,False,0.21839080459770116,False,14,high
9315,False,medium,False,False,0.03389830508474576,False,17,low
9316,True,medium,False,True,0.04054054054054054,False,17,low
9317,False,short,False,True,0.08571428571428572,False,8,low
9318,True,medium,False,False,0.11494252873563218,False,14,high
9319,False,medium,False,False,0.07894736842105263,False,15,low
9320,False,medium,False,False,0.13043478260869565,False,15,high
9321,False,medium,False,False,0.047619047619047616,False,18,low
9322,False,short,False,False,0.04,False,12,low
9323,False,short,False,False,0.07246376811594203,False,12,low
9324,False,long,False,False,0.1,False,20,low
9325,False,long,False,True,0.07692307692307693,False,22,low
9326,False,medium,False,False,0.14925373134328357,True,17,high
9327,False,short,False,False,0.16071428571428573,False,9,high
9328,True,medium,False,False,0.028985507246376812,False,17,low
9329,False,short,False,False,0.06976744186046512,False,9,low
9330,False,short,False,True,0.1111111111111111,False,6,high
9331,False,medium,False,False,0.056338028169014086,False,15,low
9332,False,long,False,True,0.0898876404494382,False,21,low
9333,False,short,False,False,0.30303030303030304,False,6,high
9334,False,short,False,False,0.3548387096774194,False,11,high
9335,False,short,False,True,0.08333333333333333,False,8,low
9336,False,short,False,False,0.06666666666666667,False,12,low
9337,False,short,False,False,1.0,False,10,high
9338,False,short,False,False,0.04,False,7,low
9339,False,medium,False,False,0.0625,False,17,low
9340,False,medium,False,False,0.6363636363636364,False,15,high
9341,False,short,False,False,0.07272727272727272,False,10,low
9342,False,long,False,False,0.06818181818181818,False,21,low
9343,False,short,False,False,0.020833333333333332,False,8,low
9344,False,short,False,False,0.06593406593406594,False,11,low
9345,False,short,False,False,0.16901408450704225,False,11,high
9346,False,short,False,False,0.04477611940298507,False,11,low
9347,False,long,False,False,0.1,False,19,low
9348,False,medium,False,False,0.16923076923076924,False,14,high
9349,False,short,False,False,0.07272727272727272,False,9,low
9350,False,long,False,True,0.011494252873563218,False,20,low
9351,False,short,False,False,0.06382978723404255,False,11,low
9352,False,short,False,False,0.06944444444444445,False,12,low
9353,False,medium,False,False,0.22857142857142856,False,13,high
9354,False,medium,False,False,0.07228915662650602,False,13,low
9355,True,short,False,False,0.04838709677419355,False,9,low
9356,False,long,True,True,0.024096385542168676,False,23,low
9357,False,short,False,False,0.8243243243243243,False,9,high
9358,False,long,False,False,0.03225806451612903,False,20,low
9359,False,short,False,False,0.045454545454545456,False,11,low
9360,False,medium,False,False,0.3614457831325301,True,15,high
9361,False,short,False,False,0.20588235294117646,False,12,high
9362,False,short,False,False,0.09375,False,5,low
9363,False,short,False,False,0.028169014084507043,False,11,low
9364,False,short,False,False,0.08928571428571429,False,12,low
9365,False,short,False,False,0.0,False,12,none
9366,False,medium,False,True,0.08139534883720931,False,18,low
9367,False,medium,False,False,0.06818181818181818,False,16,low
9368,False,medium,False,True,0.01282051282051282,False,16,low
9369,False,short,False,False,0.05263157894736842,False,10,low
9370,False,short,False,False,0.12903225806451613,False,4,high
9371,False,short,False,False,0.041666666666666664,False,11,low
9372,False,medium,False,False,0.056074766355140186,False,18,low
9373,False,long,False,True,0.04040404040404041,False,23,low
9374,False,long,False,True,0.05825242718446602,False,20,low
9375,False,long,True,True,0.08433734939759036,False,20,low
9376,False,long,True,True,0.017857142857142856,False,26,low
9377,False,long,False,True,0.125,False,21,high
9378,True,short,False,False,0.125,False,5,high
9379,True,long,False,False,0.03260869565217391,False,22,low
9380,False,long,False,False,0.04854368932038835,False,22,low
9381,False,medium,False,False,0.043010752688172046,False,17,low
9382,False,medium,False,False,0.07446808510638298,False,16,low
9383,False,medium,False,False,0.125,False,13,high
9384,False,short,False,False,0.20238095238095238,False,12,high
9385,False,medium,False,True,0.02247191011235955,False,18,low
9386,True,long,True,False,0.07246376811594203,False,22,low
9387,False,medium,False,False,0.14285714285714285,False,13,high
9388,False,long,False,False,0.1414141414141414,False,22,high
9389,False,short,False,False,0.1643835616438356,False,11,high
9390,False,long,False,False,0.031914893617021274,False,21,low
9391,False,short,False,False,0.05128205128205128,False,10,low
9392,False,medium,False,True,0.14545454545454545,False,16,high
9393,True,short,False,False,0.09090909090909091,False,11,low
9394,False,short,False,False,0.017543859649122806,False,11,low
9395,False,long,False,False,0.009433962264150943,False,20,low
9396,False,short,False,False,0.125,False,11,high
9397,False,short,False,False,0.208955223880597,False,11,high
9398,True,medium,False,False,0.029850746268656716,False,16,low
9399,False,long,False,False,0.04,False,22,low
9400,False,short,False,False,0.125,False,5,high
9401,False,short,False,False,0.10810810810810811,False,12,high
9402,False,short,False,False,0.06382978723404255,False,8,low
9403,False,long,False,False,0.12987012987012986,False,21,high
9404,False,medium,False,False,0.21875,False,13,high
9405,False,short,False,False,0.12903225806451613,False,12,high
9406,False,medium,False,False,0.04838709677419355,False,15,low
9407,False,long,False,True,0.09302325581395349,False,23,low
9408,False,short,False,False,0.23636363636363636,False,9,high
9409,False,short,False,False,0.08,False,10,low
9410,False,long,False,True,0.23076923076923078,False,19,high
9411,False,long,False,False,0.17105263157894737,False,19,high
9412,True,short,False,False,0.07692307692307693,False,4,low
9413,False,medium,False,False,0.04477611940298507,False,18,low
9414,False,short,False,False,0.2631578947368421,False,10,high
9415,False,short,False,False,0.0625,False,8,low
9416,False,short,False,False,0.21621621621621623,False,12,high
9417,False,medium,True,False,0.12,False,15,high
9418,False,short,False,False,0.0625,False,7,low
9419,False,long,False,False,0.054945054945054944,False,21,low
9420,False,short,False,False,0.05,False,11,low
9421,False,short,False,False,0.09523809523809523,False,4,low
9422,False,medium,False,False,0.05747126436781609,False,18,low
9423,False,medium,False,False,0.23529411764705882,False,13,high
9424,False,short,False,False,0.06666666666666667,False,12,low
9425,False,short,False,False,0.08823529411764706,False,9,low
9426,False,long,False,False,0.0,False,22,none
9427,False,medium,False,False,0.07476635514018691,False,18,low
9428,False,medium,False,False,0.07575757575757576,False,17,low
9429,False,long,False,False,0.039473684210526314,False,19,low
9430,False,medium,False,False,0.043010752688172046,False,14,low
9431,False,medium,False,True,0.9622641509433962,False,17,high
9432,False,long,True,False,0.0,False,24,none
9433,False,medium,False,False,0.09302325581395349,False,17,low
9434,False,long,False,True,0.01904761904761905,False,24,low
9435,True,short,False,False,0.11627906976744186,False,7,high
9436,True,short,False,False,0.017241379310344827,False,12,low
9437,False,medium,True,False,0.10606060606060606,False,13,high
9438,False,short,False,False,0.09836065573770492,False,9,low
9439,False,long,False,False,0.022727272727272728,False,23,low
9440,False,medium,False,False,0.05660377358490566,False,13,low
9441,False,medium,False,False,0.08695652173913043,False,16,low
9442,False,long,False,False,0.04395604395604396,False,19,low
9443,False,long,False,False,0.1111111111111111,False,25,high
9444,True,short,False,False,0.041666666666666664,False,10,low
9445,False,medium,False,False,0.045454545454545456,False,18,low
9446,False,medium,False,False,0.10256410256410256,False,15,high
9447,False,long,False,False,0.022988505747126436,False,26,low
9448,False,short,False,False,0.13043478260869565,False,7,high
9449,False,long,True,False,0.13043478260869565,False,19,high
9450,False,medium,False,False,0.08108108108108109,False,17,low
9451,False,medium,False,False,0.9493670886075949,False,18,high
9452,True,short,False,False,0.0196078431372549,False,9,low
9453,False,short,False,False,0.0625,False,5,low
9454,False,short,False,False,0.1875,False,11,high
9455,False,short,False,False,0.10526315789473684,False,6,high
9456,False,long,False,True,0.061855670103092786,False,23,low
9457,False,medium,False,False,0.04225352112676056,False,14,low
9458,False,medium,False,False,0.028169014084507043,False,17,low
9459,False,long,False,False,0.03571428571428571,False,20,low
9460,False,short,False,False,0.10714285714285714,False,12,high
9461,False,long,False,True,0.07766990291262135,False,24,low
9462,False,long,False,False,0.08653846153846154,False,23,low
9463,False,medium,False,False,0.15942028985507245,False,18,high
9464,False,long,False,False,0.07317073170731707,False,20,low
9465,False,long,False,False,0.08421052631578947,False,24,low
9466,False,medium,False,False,0.2087912087912088,False,16,high
9467,False,long,True,False,0.04807692307692308,False,19,low
9468,True,short,False,False,0.11363636363636363,False,8,high
9469,False,short,False,False,0.4810126582278481,False,12,high
9470,False,long,False,False,0.027777777777777776,False,20,low
9471,False,short,False,False,0.043478260869565216,False,5,low
9472,False,medium,False,False,0.19444444444444445,False,15,high
9473,False,long,False,True,0.047619047619047616,False,27,low
9474,False,medium,True,True,0.05405405405405406,False,17,low
9475,False,short,False,False,0.20930232558139536,False,11,high
9476,False,medium,False,False,0.03614457831325301,False,18,low
9477,False,medium,False,False,0.05555555555555555,False,13,low
9478,False,short,False,False,0.1348314606741573,False,9,high
9479,False,medium,False,False,0.046875,False,14,low
9480,False,short,False,False,0.20588235294117646,False,10,high
9481,False,medium,False,True,0.125,False,13,high
9482,False,long,False,False,0.12345679012345678,False,22,high
9483,False,long,False,False,0.035398230088495575,False,20,low
9484,False,short,False,False,0.5217391304347826,False,7,high
9485,False,short,True,True,0.027777777777777776,False,11,low
9486,False,long,False,False,0.023809523809523808,False,23,low
9487,True,short,False,False,0.024691358024691357,False,11,low
9488,False,short,False,False,0.09859154929577464,False,12,low
9489,False,long,False,False,0.10204081632653061,False,19,high
9490,False,long,False,False,0.03773584905660377,False,21,low
9491,False,long,False,True,0.05504587155963303,False,20,low
9492,False,short,False,False,0.06,False,7,low
9493,False,long,True,False,0.053763440860215055,False,21,low
9494,False,long,False,True,0.03333333333333333,False,20,low
9495,False,medium,False,False,0.046875,False,15,low
9496,False,medium,False,False,0.5135135135135135,False,14,high
9497,False,medium,False,False,0.11392405063291139,False,14,high
9498,False,long,False,False,0.04395604395604396,False,20,low
9499,False,medium,False,True,0.010309278350515464,False,16,low
9500,False,medium,False,False,0.01818181818181818,False,14,low
9501,False,medium,False,False,0.06741573033707865,False,17,low
9502,False,short,False,False,0.22033898305084745,False,11,high
9503,False,long,False,False,0.10465116279069768,False,20,high
9504,False,long,True,True,0.05555555555555555,False,19,low
9505,False,long,False,True,0.045871559633027525,False,23,low
9506,False,long,True,True,0.06756756756756757,False,20,low
9507,False,long,False,False,0.13414634146341464,False,20,high
9508,False,medium,False,False,0.11702127659574468,False,18,high
9509,False,medium,False,False,0.0392156862745098,False,18,low
9510,False,medium,False,False,0.08823529411764706,False,14,low
9511,False,short,False,False,0.1276595744680851,False,7,high
9512,False,medium,False,False,0.04597701149425287,False,13,low
9513,False,short,False,False,0.10526315789473684,False,10,high
9514,False,long,False,False,0.06976744186046512,False,23,low
9515,False,medium,False,False,0.013513513513513514,False,17,low
9516,False,long,False,False,0.14606741573033707,False,21,high
9517,False,medium,False,False,0.1864406779661017,False,13,high
9518,False,medium,False,False,0.11214953271028037,False,14,high
9519,False,short,False,False,0.10869565217391304,False,9,high
9520,False,medium,False,False,0.0125,False,15,low
9521,True,medium,False,False,0.2235294117647059,False,14,high
9522,False,long,False,False,0.10309278350515463,False,25,high
9523,False,long,False,False,0.04878048780487805,False,19,low
9524,False,short,False,False,0.11764705882352941,False,4,high
9525,False,medium,False,True,0.0,False,18,none
9526,False,short,False,False,0.21739130434782608,False,12,high
9527,False,short,False,False,0.09,False,11,low
9528,False,long,False,False,0.15151515151515152,False,24,high
9529,False,medium,False,False,0.047058823529411764,False,15,low
9530,False,medium,False,False,0.09259259259259259,False,16,low
9531,False,medium,False,False,0.0,False,13,none
9532,False,long,False,False,0.017391304347826087,False,22,low
9533,False,medium,True,False,0.017857142857142856,False,18,low
9534,False,short,False,False,0.3103448275862069,False,6,high
9535,False,long,False,False,0.03571428571428571,False,20,low
9536,True,short,False,False,0.10526315789473684,False,9,high
9537,False,short,False,False,0.13333333333333333,False,12,high
9538,True,short,False,False,0.04054054054054054,False,8,low
9539,False,medium,False,False,0.05,False,16,low
9540,False,medium,False,True,0.046153846153846156,False,16,low
9541,False,medium,False,False,0.09523809523809523,False,17,low
9542,False,short,False,False,0.15789473684210525,False,12,high
9543,False,medium,False,False,0.05263157894736842,False,18,low
9544,False,long,False,False,0.041237113402061855,False,27,low
9545,False,short,False,False,0.1506849315068493,False,6,high
9546,True,long,False,False,0.17346938775510204,False,21,high
9547,False,long,False,True,0.08080808080808081,False,22,low
9548,False,medium,False,False,0.04819277108433735,False,17,low
9549,False,short,False,False,0.05,False,11,low
9550,False,long,False,False,0.0759493670886076,False,21,low
9551,False,short,False,False,0.10256410256410256,False,5,high
9552,False,short,False,False,0.1875,False,8,high
9553,False,long,False,False,0.009900990099009901,False,23,low
9554,True,medium,False,False,0.2619047619047619,False,16,high
9555,False,medium,False,False,0.06896551724137931,False,15,low
9556,False,medium,False,True,0.014925373134328358,False,17,low
9557,True,short,False,True,0.05714285714285714,False,10,low
9558,True,medium,False,True,0.15384615384615385,False,13,high
9559,False,short,False,False,0.14285714285714285,False,10,high
9560,False,long,False,False,0.11,False,23,high
9561,False,short,False,False,0.06451612903225806,False,9,low
9562,False,long,False,False,0.16326530612244897,False,23,high
9563,False,medium,False,False,0.08139534883720931,False,14,low
9564,False,short,False,False,0.05,False,11,low
9565,False,long,False,True,0.030927835051546393,False,27,low
9566,False,short,False,False,0.05,False,6,low
9567,False,long,False,True,0.05660377358490566,False,22,low
9568,False,medium,False,False,0.1,False,13,low
9569,False,medium,True,False,0.08571428571428572,False,13,low
9570,False,medium,True,False,0.014705882352941176,False,15,low
9571,False,short,False,False,0.3333333333333333,False,5,high
9572,False,medium,False,False,0.05084745762711865,False,15,low
9573,False,medium,False,False,0.011494252873563218,False,17,low
9574,False,short,False,False,0.027777777777777776,False,12,low
9575,False,medium,False,False,0.08139534883720931,False,16,low
9576,False,long,False,False,0.053763440860215055,False,19,low
9577,True,short,False,False,0.07317073170731707,False,7,low
9578,False,short,False,False,0.028985507246376812,False,7,low
9579,False,medium,False,True,0.018867924528301886,False,16,low
9580,False,long,False,True,0.041666666666666664,False,23,low
9581,False,long,False,False,0.01,False,24,low
9582,False,short,False,False,0.22388059701492538,False,8,high
9583,False,medium,False,False,0.2753623188405797,False,16,high
9584,False,short,False,False,0.13636363636363635,False,9,high
9585,False,long,True,False,0.014705882352941176,False,22,low
9586,False,long,False,True,0.05333333333333334,False,20,low
9587,False,long,True,False,0.024691358024691357,False,19,low
9588,False,short,False,False,0.13043478260869565,False,10,high
9589,False,long,True,False,0.0707070707070707,False,24,low
9590,False,short,False,False,0.0,False,7,none
9591,True,medium,False,True,0.034482758620689655,False,15,low
9592,False,long,False,False,0.06593406593406594,False,19,low
9593,False,long,False,True,0.09259259259259259,False,20,low
9594,False,medium,False,False,0.05357142857142857,False,14,low
9595,False,short,False,False,0.1,False,12,low
9596,False,medium,False,False,0.15853658536585366,False,16,high
9597,False,medium,False,False,0.04395604395604396,False,18,low
9598,False,short,False,False,0.35135135135135137,False,4,high
9599,False,medium,False,False,0.1111111111111111,False,13,high
9600,False,medium,True,False,0.03389830508474576,False,18,low
9601,False,short,False,False,0.0,False,8,none
9602,False,short,False,False,0.18032786885245902,False,10,high
9603,False,short,False,False,0.2,False,9,high
9604,False,short,False,False,0.5294117647058824,False,4,high
9605,False,long,False,False,0.008928571428571428,False,22,low
9606,False,medium,False,False,0.015151515151515152,False,15,low
9607,False,medium,False,False,0.1,False,17,low
9608,False,long,False,False,0.053763440860215055,False,24,low
9609,False,long,False,False,0.05263157894736842,False,19,low
9610,False,short,False,False,0.17391304347826086,False,7,high
9611,False,short,False,False,0.07692307692307693,False,9,low
9612,False,short,False,False,0.0975609756097561,False,8,low
9613,False,short,False,False,0.7647058823529411,False,9,high
9614,False,medium,False,False,0.0547945205479452,False,13,low
9615,False,short,False,False,0.13953488372093023,False,10,high
9616,False,long,False,False,0.06315789473684211,False,19,low
9617,False,short,False,False,0.05,False,11,low
9618,False,long,False,True,0.010309278350515464,False,22,low
9619,False,medium,False,False,0.08771929824561403,False,14,low
9620,False,short,False,False,0.625,False,9,high
9621,False,short,False,False,0.14705882352941177,False,8,high
9622,False,long,False,False,0.03488372093023256,False,19,low
9623,False,medium,False,False,0.05555555555555555,False,18,low
9624,False,long,False,False,0.043478260869565216,False,21,low
9625,False,long,False,False,0.0891089108910891,False,21,low
9626,False,medium,False,False,0.041237113402061855,False,16,low
9627,False,medium,False,False,0.2159090909090909,False,17,high
9628,False,long,False,False,0.06097560975609756,False,20,low
9629,False,short,False,False,0.171875,False,12,high
9630,False,short,False,False,0.21428571428571427,False,5,high
9631,False,medium,False,True,0.12698412698412698,False,13,high
9632,False,short,False,False,0.06,False,7,low
9633,False,short,False,False,0.05555555555555555,False,4,low
9634,False,short,False,False,0.1506849315068493,False,11,high
9635,False,medium,False,False,0.21839080459770116,False,18,high
9636,False,long,True,False,0.08247422680412371,False,21,low
9637,False,long,False,True,0.06976744186046512,False,23,low
9638,False,medium,False,False,0.03636363636363636,False,13,low
9639,False,short,False,False,0.08620689655172414,False,11,low
9640,False,medium,False,False,0.08536585365853659,False,15,low
9641,False,short,False,False,0.07142857142857142,False,7,low
9642,True,medium,False,False,0.09090909090909091,False,18,low
9643,False,medium,True,False,0.08974358974358974,False,18,low
9644,False,medium,False,False,0.015873015873015872,False,13,low
9645,False,short,False,False,0.05,False,9,low
9646,False,long,False,False,0.06,False,26,low
9647,False,short,True,False,0.0,False,10,none
9648,False,long,False,False,0.020833333333333332,False,24,low
9649,False,long,False,True,0.0380952380952381,False,22,low
9650,False,short,False,False,0.04411764705882353,False,10,low
9651,False,long,False,True,0.06521739130434782,False,20,low
9652,False,medium,False,False,0.0136986301369863,False,14,low
9653,False,medium,False,False,0.0449438202247191,False,14,low
9654,False,long,False,False,0.02586206896551724,False,22,low
9655,False,medium,False,False,0.04054054054054054,False,18,low
9656,False,long,False,True,0.02912621359223301,False,23,low
9657,False,short,False,False,0.1774193548387097,False,12,high
9658,False,short,False,False,0.1509433962264151,False,10,high
9659,False,medium,False,False,0.07228915662650602,False,13,low
9660,False,medium,False,False,0.10869565217391304,False,18,high
9661,False,medium,False,False,0.14942528735632185,False,16,high
9662,False,short,False,False,0.08333333333333333,False,5,low
9663,False,short,False,False,0.16666666666666666,False,3,high
9664,False,short,False,False,0.07142857142857142,False,9,low
9665,False,medium,False,False,0.10638297872340426,False,14,high
9666,False,long,False,False,0.018018018018018018,False,21,low
9667,False,medium,False,True,0.06741573033707865,False,17,low
9668,False,medium,False,False,0.0945945945945946,False,16,low
9669,False,long,False,False,0.05813953488372093,False,20,low
9670,False,medium,False,False,0.1346153846153846,False,13,high
9671,False,medium,False,True,0.08064516129032258,False,14,low
9672,False,long,True,False,0.04716981132075472,False,24,low
9673,False,short,False,False,0.16071428571428573,False,11,high
9674,False,medium,False,False,0.0989010989010989,False,18,low
9675,False,short,False,False,0.09523809523809523,False,10,low
9676,False,medium,False,True,0.08045977011494253,False,18,low
9677,False,medium,False,False,0.16049382716049382,False,15,high
9678,False,long,False,True,0.056074766355140186,False,23,low
9679,False,long,False,False,0.01834862385321101,False,22,low
9680,True,short,True,True,0.038461538461538464,False,7,low
9681,False,long,False,False,0.07692307692307693,False,19,low
9682,False,medium,False,False,0.12903225806451613,False,13,high
9683,False,long,False,False,0.010526315789473684,False,24,low
9684,False,medium,False,True,0.034482758620689655,False,15,low
9685,False,short,False,False,0.32653061224489793,False,11,high
9686,False,short,False,False,0.0975609756097561,False,9,low
9687,True,short,False,False,0.037037037037037035,False,5,low
9688,False,long,False,False,0.021505376344086023,False,20,low
9689,False,long,False,False,0.05194805194805195,False,21,low
9690,False,long,False,True,0.05825242718446602,False,24,low
9691,False,long,False,False,0.07476635514018691,False,23,low
9692,False,short,False,False,0.10714285714285714,False,6,high
9693,False,medium,False,False,0.16981132075471697,False,16,high
9694,False,short,False,False,0.07142857142857142,False,6,low
9695,True,short,False,False,0.02666666666666667,False,11,low
9696,False,long,False,False,0.010101010101010102,False,25,low
9697,False,short,False,False,0.06818181818181818,False,12,low
9698,True,long,False,False,0.13043478260869565,False,22,high
9699,False,long,True,True,0.07339449541284404,False,26,low
9700,False,medium,True,False,0.07526881720430108,False,17,low
9701,False,long,False,False,0.11650485436893204,False,21,high
9702,False,long,False,False,0.044444444444444446,False,23,low
9703,False,short,False,True,0.11627906976744186,False,7,high
9704,False,medium,False,False,0.2711864406779661,False,14,high
9705,False,short,False,False,0.17647058823529413,False,3,high
9706,False,medium,False,True,0.011494252873563218,False,14,low
9707,False,long,True,True,0.06060606060606061,False,24,low
9708,False,short,False,False,0.12903225806451613,False,7,high
9709,False,short,False,False,0.07476635514018691,False,11,low
9710,False,long,False,True,0.05813953488372093,False,20,low
9711,False,medium,False,True,0.07142857142857142,False,18,low
9712,False,long,False,False,0.033707865168539325,False,19,low
9713,False,short,False,False,0.05405405405405406,False,8,low
9714,True,medium,False,False,0.1267605633802817,False,17,high
9715,False,short,False,False,0.19047619047619047,False,3,high
9716,False,medium,False,False,0.11904761904761904,False,15,high
9717,True,long,True,False,0.06,False,28,low
9718,False,long,True,True,0.0851063829787234,False,23,low
9719,True,short,False,False,0.26666666666666666,False,8,high
9720,False,medium,False,False,0.07407407407407407,False,18,low
9721,False,short,False,False,0.037037037037037035,False,6,low
9722,False,long,False,True,0.10869565217391304,False,20,high
9723,False,short,False,False,0.043478260869565216,False,10,low
9724,False,long,False,False,0.03296703296703297,False,19,low
9725,False,short,False,False,0.15,False,6,high
9726,False,medium,False,False,0.04938271604938271,False,17,low
9727,False,long,False,False,0.10843373493975904,False,21,high
9728,False,medium,False,True,0.39080459770114945,False,17,high
9729,False,medium,False,False,0.07058823529411765,False,16,low
9730,False,short,False,False,0.12903225806451613,False,8,high
9731,False,long,False,False,0.0,False,27,none
9732,False,medium,False,False,0.0,False,13,none
9733,False,long,False,False,0.021052631578947368,False,19,low
9734,False,long,False,False,0.043859649122807015,False,22,low
9735,False,long,False,False,0.07608695652173914,False,21,low
9736,False,long,False,False,0.22826086956521738,False,20,high
9737,False,long,False,False,0.06666666666666667,False,22,low
9738,False,long,False,False,0.10576923076923077,False,24,high
9739,False,medium,False,True,0.0,False,17,none
9740,False,medium,False,True,0.09090909090909091,False,17,low
9741,False,medium,False,False,0.2647058823529412,False,15,high
9742,False,long,False,False,0.0970873786407767,False,21,low
9743,False,short,False,False,0.02702702702702703,False,7,low
9744,False,short,False,False,0.12,False,11,high
9745,False,short,False,True,0.02857142857142857,False,6,low
9746,False,medium,False,False,0.08860759493670886,False,14,low
9747,False,medium,False,True,0.2786885245901639,False,17,high
9748,False,long,False,False,0.168141592920354,False,24,high
9749,False,medium,False,False,0.056818181818181816,False,14,low
9750,False,medium,False,False,0.5084745762711864,False,13,high
9751,False,long,False,True,0.06481481481481481,False,21,low
9752,False,long,False,False,0.06363636363636363,False,19,low
9753,True,long,False,False,0.021505376344086023,False,20,low
9754,False,medium,False,False,0.10909090909090909,False,15,high
9755,False,short,False,False,0.1282051282051282,False,8,high
9756,False,medium,False,False,0.02531645569620253,False,17,low
9757,False,short,False,False,0.0379746835443038,False,12,low
9758,False,short,False,False,0.0967741935483871,False,11,low
9759,False,medium,False,False,0.2236842105263158,False,15,high
9760,False,short,False,False,0.20754716981132076,False,11,high
9761,False,short,False,False,0.05714285714285714,False,7,low
9762,False,medium,False,False,0.26666666666666666,False,16,high
9763,False,short,False,True,0.015625,False,12,low
9764,False,long,True,True,0.03773584905660377,False,26,low
9765,False,short,False,False,0.4105263157894737,False,11,high
9766,False,long,False,True,0.09210526315789473,False,21,low
9767,False,short,False,False,0.13513513513513514,False,8,high
9768,False,medium,False,False,0.046875,False,16,low
9769,False,long,False,False,0.08653846153846154,False,25,low
9770,False,long,False,True,0.03488372093023256,False,21,low
9771,False,medium,False,False,0.10975609756097561,False,13,high
9772,False,long,False,False,0.0,False,19,none
9773,False,short,False,False,0.13043478260869565,False,7,high
9774,False,medium,False,False,0.0547945205479452,False,13,low
9775,False,short,False,False,0.025,False,8,low
9776,False,medium,False,False,0.2804878048780488,False,16,high
9777,False,medium,True,True,0.2054794520547945,False,16,high
9778,False,short,False,False,0.17647058823529413,False,8,high
9779,False,medium,False,False,0.021505376344086023,False,16,low
9780,False,short,False,False,0.08955223880597014,True,12,low
9781,False,medium,False,False,0.05063291139240506,False,18,low
9782,False,short,False,False,0.11290322580645161,False,11,high
9783,False,long,False,False,0.05263157894736842,False,19,low
9784,False,short,False,False,0.02631578947368421,False,7,low
9785,False,long,False,False,0.7215189873417721,False,22,high
9786,True,short,False,True,0.05172413793103448,False,12,low
9787,False,long,False,True,0.15476190476190477,False,21,high
9788,False,medium,False,False,0.13043478260869565,False,16,high
9789,False,medium,False,True,0.03125,False,15,low
9790,False,short,False,False,0.23076923076923078,False,12,high
9791,False,short,False,False,0.5909090909090909,False,7,high
9792,False,short,False,False,0.08333333333333333,False,11,low
9793,False,short,False,False,0.1,False,8,low
9794,False,short,False,True,0.0,False,12,none
9795,False,short,False,False,0.07017543859649122,False,8,low
9796,False,long,False,False,0.05405405405405406,False,27,low
9797,False,short,False,False,0.11666666666666667,False,11,high
9798,True,medium,False,True,0.028169014084507043,False,13,low
9799,False,short,False,False,0.12727272727272726,False,11,high
9800,False,medium,False,False,0.1038961038961039,False,13,high
9801,False,long,False,True,0.019417475728155338,False,24,low
9802,False,medium,False,False,0.12087912087912088,False,17,high
9803,False,medium,True,True,0.14736842105263157,False,13,high
9804,False,short,False,False,0.06,False,10,low
9805,False,short,False,False,0.057692307692307696,False,10,low
9806,False,long,False,True,0.029411764705882353,False,19,low
9807,False,medium,False,False,0.04838709677419355,False,15,low
9808,False,medium,False,True,0.06451612903225806,False,16,low
9809,False,short,False,False,0.029850746268656716,False,11,low
9810,False,long,True,False,0.05319148936170213,False,19,low
9811,False,short,False,False,0.16923076923076924,False,11,high
9812,False,medium,False,True,0.0,False,16,none
9813,False,medium,False,False,0.18085106382978725,False,13,high
9814,False,medium,False,True,0.15,False,17,high
9815,False,short,False,False,0.2653061224489796,False,10,high
9816,False,medium,False,False,0.04477611940298507,False,14,low
9817,False,medium,False,True,0.0,False,18,none
9818,False,medium,False,False,0.08536585365853659,False,14,low
9819,False,short,False,False,0.10638297872340426,False,6,high
9820,False,short,False,True,0.16,False,5,high
9821,False,short,False,False,0.08108108108108109,False,8,low
9822,False,medium,False,False,0.07017543859649122,False,14,low
9823,False,medium,False,False,0.011627906976744186,False,18,low
9824,False,medium,False,False,0.14925373134328357,False,13,high
9825,False,medium,False,False,0.11627906976744186,False,13,high
9826,False,medium,False,False,0.07692307692307693,False,17,low
9827,False,medium,False,False,0.10810810810810811,False,18,high
9828,False,medium,False,False,0.0898876404494382,False,17,low
9829,False,medium,False,False,0.027777777777777776,False,18,low
9830,False,long,False,False,0.1320754716981132,False,22,high
9831,False,short,False,False,0.12244897959183673,False,12,high
9832,False,short,False,False,0.0625,False,8,low
9833,False,short,False,False,0.03278688524590164,False,12,low
9834,False,long,False,True,0.0967741935483871,False,21,low
9835,True,long,True,True,0.010416666666666666,False,24,low
9836,False,short,False,False,0.2909090909090909,False,11,high
9837,False,short,False,False,0.11290322580645161,False,11,high
9838,False,long,False,False,0.06896551724137931,False,19,low
9839,False,short,False,False,0.0379746835443038,False,10,low
9840,False,short,False,True,0.0,False,7,none
9841,False,medium,False,True,0.061855670103092786,False,15,low
9842,False,long,False,False,0.03571428571428571,False,19,low
9843,False,long,False,True,0.029411764705882353,False,19,low
9844,False,short,False,False,0.03636363636363636,False,11,low
9845,False,medium,False,False,0.06976744186046512,False,16,low
9846,True,medium,False,False,0.015151515151515152,False,13,low
9847,False,medium,False,False,0.09782608695652174,False,18,low
9848,False,long,False,False,0.16666666666666666,False,19,high
9849,False,medium,False,False,0.2702702702702703,False,14,high
9850,False,medium,False,False,0.010309278350515464,False,17,low
9851,False,long,False,False,0.043478260869565216,False,20,low
9852,False,medium,False,False,0.06818181818181818,False,15,low
9853,False,long,True,True,0.11,False,22,high
9854,False,medium,False,False,0.047619047619047616,False,13,low
9855,False,long,False,False,0.09375,False,22,low
9856,False,long,False,False,0.038834951456310676,False,21,low
9857,False,medium,False,False,0.075,False,18,low
9858,False,long,False,True,0.10526315789473684,False,19,high
9859,False,short,False,False,0.0,False,9,none
9860,False,long,False,False,0.07207207207207207,False,24,low
9861,False,medium,False,False,0.10869565217391304,False,14,high
9862,False,short,False,False,0.11428571428571428,False,8,high
9863,False,short,False,False,0.3287671232876712,False,11,high
9864,False,medium,False,True,0.0425531914893617,False,18,low
9865,False,medium,False,False,0.024390243902439025,False,18,low
9866,False,long,False,False,0.03409090909090909,False,22,low
9867,False,long,False,False,0.057692307692307696,False,22,low
9868,False,short,False,False,0.10526315789473684,False,6,high
9869,True,medium,False,False,0.10638297872340426,False,14,high
9870,False,long,False,False,0.40789473684210525,False,19,high
9871,False,long,False,False,0.058823529411764705,False,21,low
9872,False,long,False,False,0.0392156862745098,False,24,low
9873,False,medium,False,False,0.2682926829268293,False,18,high
9874,False,short,False,False,0.10810810810810811,False,8,high
9875,False,long,False,False,0.058823529411764705,False,20,low
9876,False,long,False,True,0.0898876404494382,False,19,low
9877,False,medium,False,False,0.04854368932038835,False,17,low
9878,False,long,True,False,0.0196078431372549,False,23,low
9879,False,short,False,False,0.21428571428571427,False,4,high
9880,False,medium,False,False,0.14473684210526316,False,18,high
9881,False,short,False,False,0.14285714285714285,False,12,high
9882,False,medium,False,False,0.16923076923076924,False,13,high
9883,False,medium,False,False,0.14563106796116504,False,13,high
9884,False,long,False,False,0.027777777777777776,False,29,low
9885,False,long,False,True,0.050505050505050504,False,25,low
9886,False,short,False,True,0.0,False,7,none
9887,False,medium,False,False,0.045454545454545456,True,13,low
9888,False,long,False,False,0.04395604395604396,False,23,low
9889,False,long,True,False,0.043478260869565216,False,21,low
9890,False,medium,False,False,0.03773584905660377,False,13,low
9891,True,long,True,False,0.07,False,29,low
9892,False,short,False,False,0.2,False,12,high
9893,False,medium,False,False,0.05555555555555555,False,18,low
9894,False,long,False,False,0.009009009009009009,False,23,low
9895,False,medium,False,False,0.11764705882352941,False,16,high
9896,False,short,False,False,0.07017543859649122,False,12,low
9897,False,short,False,False,0.0,False,12,none
9898,False,medium,False,False,0.043478260869565216,False,13,low
9899,False,long,False,False,0.17117117117117117,False,21,high
9900,False,long,True,False,0.03296703296703297,False,20,low
9901,False,short,False,False,0.11538461538461539,False,7,high
9902,False,long,False,False,0.09615384615384616,False,24,low
9903,False,long,True,False,0.03529411764705882,False,22,low
9904,False,medium,False,False,0.15254237288135594,False,14,high
9905,False,short,False,False,0.1,False,8,low
9906,False,medium,False,True,0.07017543859649122,False,13,low
9907,False,medium,False,False,0.07017543859649122,False,14,low
9908,False,short,False,False,0.4891304347826087,False,12,high
9909,False,medium,False,False,0.24509803921568626,False,15,high
9910,False,short,False,False,0.0,False,9,none
9911,False,medium,False,False,0.04597701149425287,False,18,low
9912,False,long,False,False,0.16326530612244897,True,25,high
9913,False,short,False,False,0.046875,False,12,low
9914,False,long,False,False,0.025974025974025976,False,21,low
9915,False,long,True,True,0.05319148936170213,False,20,low
9916,False,medium,False,True,0.058823529411764705,False,14,low
9917,True,medium,False,False,0.14285714285714285,False,13,high
9918,False,short,False,False,0.22857142857142856,False,10,high
9919,False,medium,False,False,0.13402061855670103,False,16,high
9920,False,short,False,False,0.047619047619047616,False,12,low
9921,False,medium,False,True,0.022988505747126436,False,15,low
9922,False,medium,False,False,0.1791044776119403,False,17,high
9923,False,short,False,False,0.24050632911392406,False,11,high
9924,False,short,False,True,0.06060606060606061,False,8,low
9925,True,short,False,False,0.0,False,4,none
9926,False,medium,False,False,0.08771929824561403,False,15,low
9927,False,long,False,False,0.05,False,21,low
9928,False,long,False,False,0.02127659574468085,False,20,low
9929,False,short,False,False,0.125,False,8,high
9930,False,short,False,False,0.11764705882352941,False,5,high
9931,False,long,False,False,0.018691588785046728,False,25,low
9932,False,short,False,False,0.04,False,6,low
9933,False,short,False,False,0.09523809523809523,False,3,low
9934,False,long,False,True,0.03333333333333333,False,21,low
9935,False,medium,False,False,0.1511627906976744,False,15,high
9936,False,long,True,False,0.02608695652173913,False,23,low
9937,True,short,False,False,0.05263157894736842,False,9,low
9938,False,medium,False,True,0.05263157894736842,False,14,low
9939,False,medium,False,False,0.06666666666666667,False,17,low
9940,False,medium,False,False,0.02040816326530612,False,17,low
9941,False,medium,False,False,0.1320754716981132,False,15,high
9942,False,short,False,False,0.16666666666666666,False,5,high
9943,False,long,False,False,0.0761904761904762,False,19,low
9944,True,short,False,False,0.13725490196078433,False,10,high
9945,False,medium,False,False,0.0,False,15,none
9946,False,long,False,False,0.01904761904761905,False,21,low
9947,False,short,False,False,0.0,False,7,none
9948,False,medium,False,False,0.21518987341772153,False,13,high
9949,True,short,False,False,0.1323529411764706,False,11,high
9950,False,long,False,True,0.0625,False,23,low
9951,False,medium,False,False,0.0,False,17,none
9952,False,short,False,False,0.046153846153846156,False,12,low
9953,False,medium,False,True,0.0,False,16,none
9954,False,short,False,True,0.057692307692307696,False,11,low
9955,False,short,False,False,0.05084745762711865,False,12,low
9956,False,long,False,True,0.00909090909090909,False,21,low
9957,True,long,False,False,0.031578947368421054,False,28,low
9958,False,short,False,False,0.13333333333333333,False,6,high
9959,False,medium,True,False,0.030303030303030304,False,13,low
9960,False,short,False,False,0.2,False,12,high
9961,False,long,False,True,0.03614457831325301,False,19,low
9962,False,long,False,True,0.010416666666666666,False,25,low
9963,False,short,False,False,0.0,False,12,none
9964,True,short,False,False,0.1746031746031746,False,10,high
9965,False,short,False,False,0.037037037037037035,False,9,low
9966,False,medium,False,False,0.06741573033707865,False,13,low
9967,False,long,False,False,0.09722222222222222,False,21,low
9968,False,medium,False,False,0.078125,False,15,low
9969,False,short,False,False,0.12121212121212122,False,7,high
9970,False,long,False,False,0.049019607843137254,False,23,low
9971,False,medium,False,False,0.16304347826086957,False,14,high
9972,False,long,False,False,0.043859649122807015,False,20,low
9973,False,long,False,False,0.031578947368421054,False,20,low
9974,False,short,False,False,0.36507936507936506,False,7,high
9975,False,long,False,True,0.045454545454545456,False,23,low
9976,False,short,False,False,0.07317073170731707,False,8,low
9977,False,medium,False,True,0.07608695652173914,False,17,low
9978,False,medium,False,False,0.056818181818181816,False,16,low
9979,False,long,False,False,0.04950495049504951,False,19,low
9980,False,medium,False,False,0.20833333333333334,False,13,high
9981,False,short,False,False,0.039473684210526314,False,12,low
9982,False,short,False,False,0.14893617021276595,False,9,high
9983,False,short,False,False,0.14285714285714285,False,8,high
9984,False,short,False,False,0.0,False,4,none
9985,False,medium,False,False,0.02564102564102564,False,17,low
9986,False,long,False,False,0.11,False,25,high
9987,False,medium,False,True,0.08928571428571429,False,16,low
9988,False,long,False,False,0.125,False,24,high
9989,False,short,False,False,0.05263157894736842,False,10,low
9990,True,short,False,False,0.05405405405405406,False,7,low
9991,False,medium,False,False,0.011235955056179775,False,15,low
9992,False,short,False,False,0.19696969696969696,False,12,high
9993,True,short,False,False,0.07894736842105263,False,12,low
9994,False,short,False,False,1.0,False,4,high
9995,False,short,False,False,0.07407407407407407,False,12,low
9996,False,medium,False,False,0.12307692307692308,False,15,high
9997,False,long,False,False,0.07865168539325842,False,21,low
9998,False,medium,False,False,0.05714285714285714,False,17,low
9999,True,short,False,False,0.0851063829787234,False,12,low
10000,False,short,False,True,0.07042253521126761,False,12,low
10001,False,short,False,False,0.022222222222222223,False,9,low
10002,False,short,False,False,0.03076923076923077,False,12,low
10003,False,medium,False,False,0.0625,False,13,low
10004,False,short,False,False,0.075,False,9,low
10005,False,long,True,True,0.017094017094017096,False,20,low
10006,False,long,False,False,0.08,False,23,low
10007,False,long,False,False,0.053763440860215055,False,22,low
10008,False,long,False,False,0.06818181818181818,True,19,low
10009,False,medium,False,False,0.057971014492753624,False,14,low
10010,False,short,False,False,0.1702127659574468,False,7,high
10011,False,short,False,False,0.14814814814814814,False,5,high
10012,False,short,False,False,0.15789473684210525,False,12,high
10013,False,short,True,False,0.024390243902439025,False,11,low
10014,False,medium,False,True,0.058823529411764705,False,18,low
10015,False,short,False,False,0.0,False,9,none
10016,False,long,False,False,0.08333333333333333,False,22,low
10017,False,long,False,True,0.08695652173913043,False,21,low
10018,False,short,False,False,0.04081632653061224,False,7,low
10019,False,medium,False,False,0.21428571428571427,False,18,high
10020,False,medium,False,False,0.03529411764705882,False,14,low
10021,False,long,True,False,0.08108108108108109,False,27,low
10022,False,short,False,False,0.17333333333333334,False,10,high
10023,False,medium,False,False,0.0,False,17,none
10024,False,medium,False,False,0.125,False,15,high
10025,False,medium,True,False,0.05813953488372093,False,16,low
10026,False,short,False,False,0.1702127659574468,False,7,high
10027,False,short,False,False,0.13333333333333333,False,12,high
10028,False,medium,False,False,0.023809523809523808,False,14,low
10029,False,long,False,False,0.0707070707070707,False,19,low
10030,False,short,False,False,0.0,False,4,none
10031,False,short,False,False,0.125,True,8,high
10032,False,short,False,False,0.36619718309859156,False,12,high
10033,False,long,False,True,0.009259259259259259,False,23,low
10034,False,medium,False,True,0.06382978723404255,False,15,low
10035,True,short,False,False,0.0,False,8,none
10036,False,medium,False,True,0.07042253521126761,False,16,low
10037,False,medium,True,False,0.09615384615384616,False,17,low
10038,False,short,False,False,0.13559322033898305,False,12,high
10039,False,short,False,False,0.01818181818181818,False,9,low
10040,False,medium,False,False,0.13829787234042554,False,17,high
10041,False,medium,False,False,0.07792207792207792,False,16,low
10042,False,short,False,False,0.03389830508474576,False,12,low
10043,False,long,False,False,0.07142857142857142,False,21,low
10044,False,medium,False,False,0.0,False,16,none
10045,False,long,False,False,0.021739130434782608,False,21,low
10046,False,short,False,False,0.17777777777777778,False,9,high
10047,False,medium,False,False,0.07692307692307693,False,16,low
10048,False,short,False,False,0.08695652173913043,False,6,low
10049,False,long,False,True,0.05952380952380952,False,23,low
10050,False,medium,False,True,0.06578947368421052,False,17,low
10051,False,medium,False,False,0.6883116883116883,False,18,high
10052,True,short,False,False,0.2037037037037037,False,11,high
10053,False,medium,False,False,0.0782608695652174,False,13,low
10054,False,short,False,False,0.1875,False,11,high
10055,False,medium,False,False,0.16901408450704225,False,14,high
10056,False,medium,False,False,0.1875,False,16,high
10057,True,short,False,False,0.0,False,9,none
10058,True,medium,False,True,0.05660377358490566,False,14,low
10059,False,long,False,False,0.11538461538461539,False,19,high
10060,False,long,False,False,0.04395604395604396,False,19,low
10061,False,medium,False,False,0.0449438202247191,False,16,low
10062,False,long,True,False,0.02247191011235955,False,24,low
10063,False,medium,False,False,0.1320754716981132,False,15,high
10064,False,long,False,False,0.043478260869565216,False,20,low
10065,False,short,False,False,0.14893617021276595,False,12,high
10066,False,long,False,False,0.0,False,20,none
10067,False,long,False,True,0.04285714285714286,False,19,low
10068,False,short,False,False,0.08163265306122448,False,7,low
10069,False,short,False,False,0.08333333333333333,False,3,low
10070,False,medium,False,False,0.8571428571428571,False,13,high
10071,False,long,True,False,0.08045977011494253,False,23,low
10072,False,long,True,False,0.06666666666666667,False,22,low
10073,False,medium,False,False,0.10112359550561797,False,18,high
10074,False,long,False,True,0.06666666666666667,False,22,low
10075,False,short,False,False,0.2,False,5,high
10076,False,medium,False,True,0.07407407407407407,False,18,low
10077,False,short,False,False,0.0,False,10,none
10078,False,medium,False,False,0.17647058823529413,False,13,high
10079,False,long,False,False,0.08888888888888889,False,20,low
10080,False,short,False,False,0.05660377358490566,True,10,low
10081,False,medium,False,False,0.06349206349206349,False,17,low
10082,False,medium,False,True,0.010752688172043012,False,18,low
10083,False,long,False,False,0.11,False,20,high
10084,False,short,False,False,0.07692307692307693,False,9,low
10085,False,short,False,False,0.05555555555555555,True,11,low
10086,False,long,True,True,0.06481481481481481,False,23,low
10087,False,short,False,False,0.044444444444444446,False,7,low
10088,False,medium,False,True,0.046153846153846156,False,13,low
10089,False,long,False,True,0.049019607843137254,False,22,low
10090,False,medium,False,False,0.06451612903225806,False,13,low
10091,True,short,False,False,0.11578947368421053,False,8,high
10092,False,short,False,False,0.046511627906976744,False,10,low
10093,False,long,True,False,0.08641975308641975,False,24,low
10094,False,short,False,False,0.10909090909090909,False,12,high
10095,False,medium,False,False,0.0851063829787234,False,13,low
10096,False,short,False,False,0.03636363636363636,False,11,low
10097,False,medium,False,False,0.024096385542168676,False,17,low
10098,False,long,False,False,0.008771929824561403,False,22,low
10099,False,medium,False,False,0.07692307692307693,False,17,low
10100,False,medium,False,False,0.06521739130434782,False,16,low
10101,False,short,False,False,0.02127659574468085,False,11,low
10102,False,medium,False,False,0.058823529411764705,False,14,low
10103,False,medium,False,True,0.07792207792207792,False,17,low
10104,False,long,False,False,0.0297029702970297,False,22,low
10105,False,long,False,True,0.06315789473684211,False,19,low
10106,False,short,False,False,0.14583333333333334,False,10,high
10107,False,long,False,True,0.04,False,27,low
10108,False,medium,False,False,0.047619047619047616,False,13,low
10109,True,short,False,False,0.041666666666666664,False,11,low
10110,False,medium,False,False,0.4264705882352941,False,16,high
10111,False,short,False,True,0.0196078431372549,False,12,low
10112,False,medium,False,False,0.02247191011235955,False,18,low
10113,False,medium,False,False,0.3125,False,15,high
10114,False,long,False,False,0.07608695652173914,False,19,low
10115,False,short,False,False,0.07547169811320754,False,11,low
10116,False,long,False,False,0.03614457831325301,False,19,low
10117,False,short,False,False,0.08163265306122448,False,11,low
10118,False,medium,False,False,0.07142857142857142,False,13,low
10119,False,long,False,False,0.010638297872340425,False,20,low
10120,False,medium,True,True,0.015625,False,13,low
10121,False,medium,False,False,0.09876543209876543,False,18,low
10122,False,short,False,False,0.2682926829268293,False,10,high
10123,False,medium,False,False,0.07894736842105263,False,18,low
10124,False,medium,False,True,0.02666666666666667,False,13,low
10125,False,long,False,False,0.08235294117647059,False,22,low
10126,False,medium,True,False,0.012048192771084338,False,17,low
10127,False,medium,False,False,0.014492753623188406,False,17,low
10128,True,short,False,False,0.047619047619047616,True,5,low
10129,False,short,False,False,0.16666666666666666,False,5,high
10130,False,medium,False,False,0.14772727272727273,False,16,high
10131,False,medium,False,False,0.06666666666666667,False,13,low
10132,False,long,False,True,0.058823529411764705,False,20,low
10133,False,medium,False,False,0.03333333333333333,False,15,low
10134,False,long,False,False,0.09482758620689655,False,19,low
10135,False,short,False,False,0.07692307692307693,False,7,low
10136,True,short,False,False,0.20253164556962025,False,12,high
10137,False,long,False,False,0.06741573033707865,False,19,low
10138,False,short,False,False,0.037037037037037035,False,6,low
10139,False,medium,False,False,0.07142857142857142,False,14,low
10140,False,long,True,False,0.02912621359223301,False,27,low
10141,False,short,False,False,0.39,False,12,high
10142,False,short,False,False,0.125,False,12,high
10143,False,short,False,False,0.14705882352941177,False,11,high
10144,False,short,False,True,0.2,False,12,high
10145,False,short,False,False,0.5,False,10,high
10146,False,short,False,False,0.041666666666666664,False,9,low
10147,False,medium,False,False,0.22033898305084745,False,13,high
10148,False,medium,False,False,0.05813953488372093,False,16,low
10149,False,short,False,False,0.18571428571428572,False,12,high
10150,False,medium,False,False,0.7789473684210526,False,17,high
10151,False,short,False,False,0.03225806451612903,True,12,low
10152,False,medium,False,True,0.10344827586206896,False,13,high
10153,False,long,False,True,0.2962962962962963,False,21,high
10154,False,medium,False,True,0.11494252873563218,False,18,high
10155,False,medium,False,False,0.07368421052631578,False,17,low
10156,False,short,False,False,0.0,False,7,none
10157,False,long,False,False,0.10752688172043011,False,20,high
10158,False,short,False,True,0.0,False,9,none
10159,False,medium,False,False,0.1,False,14,low
10160,False,medium,False,False,0.015151515151515152,False,13,low
10161,False,medium,False,False,0.08333333333333333,False,14,low
10162,False,short,False,False,0.12903225806451613,False,8,high
10163,False,long,False,False,0.08247422680412371,False,23,low
10164,False,short,False,False,0.11842105263157894,False,12,high
10165,False,short,False,False,0.2545454545454545,False,9,high
10166,False,medium,False,False,0.038461538461538464,False,16,low
10167,False,short,False,False,0.18604651162790697,False,10,high
10168,False,short,False,False,0.13043478260869565,False,10,high
10169,False,medium,False,False,0.13131313131313133,False,18,high
10170,False,long,False,True,0.054945054945054944,False,20,low
10171,False,medium,False,False,0.09523809523809523,False,18,low
10172,False,long,False,False,0.10465116279069768,False,21,high
10173,False,medium,False,False,0.0,False,13,none
10174,False,short,False,False,0.2714285714285714,False,11,high
10175,False,long,True,False,0.09722222222222222,False,20,low
10176,False,long,False,False,0.04716981132075472,False,19,low
10177,False,medium,False,False,0.0449438202247191,False,15,low
10178,False,medium,False,True,0.044444444444444446,False,18,low
10179,False,long,False,False,0.056338028169014086,False,19,low
10180,False,medium,False,False,0.0641025641025641,False,16,low
10181,False,long,True,False,0.06666666666666667,False,22,low
10182,False,short,False,False,0.06976744186046512,False,12,low
10183,False,short,False,False,0.08771929824561403,False,12,low
10184,False,long,False,True,0.0,False,19,none
10185,False,medium,True,False,0.05714285714285714,False,15,low
10186,False,medium,False,False,0.0,False,13,none
10187,False,long,False,False,0.08641975308641975,False,19,low
10188,False,long,False,True,0.050505050505050504,False,24,low
10189,False,short,False,False,0.1111111111111111,False,11,high
10190,False,short,False,False,0.2087912087912088,False,8,high
10191,False,short,False,False,0.034482758620689655,False,5,low
10192,False,short,False,False,0.06976744186046512,False,7,low
10193,False,medium,False,False,0.06756756756756757,False,17,low
10194,False,short,False,False,0.06779661016949153,False,7,low
10195,False,medium,False,False,0.08641975308641975,False,17,low
10196,False,long,False,False,0.0,False,26,none
10197,False,long,False,False,0.0945945945945946,False,19,low
10198,False,long,False,True,0.0,False,20,none
10199,False,long,False,False,0.12244897959183673,False,20,high
10200,False,short,False,False,0.0,False,8,none
10201,False,long,False,False,0.034782608695652174,False,24,low
10202,False,medium,False,True,0.06944444444444445,False,13,low
10203,False,medium,False,True,1.0,False,18,high
10204,False,medium,False,False,0.08163265306122448,False,13,low
10205,False,medium,False,False,0.12371134020618557,False,13,high
10206,False,short,False,False,0.11764705882352941,False,11,high
10207,False,medium,False,False,0.06896551724137931,False,18,low
10208,True,medium,False,False,0.20238095238095238,False,13,high
10209,False,medium,False,False,0.32954545454545453,False,15,high
10210,False,short,False,False,0.07017543859649122,False,7,low
10211,False,medium,False,False,0.045454545454545456,False,13,low
10212,False,short,False,False,0.2222222222222222,False,2,high
10213,False,medium,False,False,0.03896103896103896,False,14,low
10214,False,medium,False,False,0.2054794520547945,False,16,high
10215,False,long,False,False,0.030303030303030304,False,24,low
10216,False,long,False,False,0.0,False,21,none
10217,False,short,False,False,0.09803921568627451,False,10,low
10218,False,short,False,False,0.07692307692307693,False,8,low
10219,False,medium,False,False,0.011904761904761904,False,16,low
10220,False,long,False,False,0.10227272727272728,False,19,high
10221,False,long,True,True,0.0,False,26,none
10222,False,medium,False,False,0.19753086419753085,False,15,high
10223,False,medium,False,False,0.25,False,13,high
10224,False,long,False,False,0.02564102564102564,False,19,low
10225,False,medium,False,False,0.04819277108433735,False,18,low
10226,False,long,False,True,0.34146341463414637,False,19,high
10227,False,short,False,False,0.36585365853658536,False,9,high
10228,False,medium,False,False,0.10204081632653061,False,14,high
10229,False,medium,False,False,0.08196721311475409,False,16,low
10230,False,medium,False,False,0.08196721311475409,False,14,low
10231,False,long,False,False,1.0,False,24,high
10232,False,long,True,True,0.12048192771084337,True,22,high
10233,False,long,True,False,0.03125,False,25,low
10234,False,short,False,False,0.07017543859649122,False,10,low
10235,False,medium,False,False,0.16417910447761194,False,15,high
10236,False,medium,False,False,0.06944444444444445,False,15,low
10237,False,medium,False,False,0.04,False,14,low
10238,False,medium,False,False,0.013157894736842105,False,13,low
10239,False,medium,True,False,0.03225806451612903,False,16,low
10240,False,short,False,False,0.1276595744680851,False,11,high
10241,False,long,False,False,0.020202020202020204,False,24,low
10242,False,medium,False,False,0.0967741935483871,False,16,low
10243,False,medium,False,False,0.06593406593406594,False,17,low
10244,False,long,False,False,0.19540229885057472,False,20,high
10245,False,short,False,False,0.0,False,12,none
10246,False,short,True,False,0.030303030303030304,False,9,low
10247,False,long,True,False,0.04081632653061224,False,23,low
10248,False,long,False,True,0.0898876404494382,False,20,low
10249,True,short,False,False,0.045454545454545456,False,3,low
10250,False,short,False,False,0.10714285714285714,False,9,high
10251,False,long,False,True,0.061224489795918366,False,20,low
10252,False,short,False,False,0.21052631578947367,False,9,high
10253,False,long,False,False,0.058823529411764705,False,19,low
10254,True,long,False,False,0.06382978723404255,False,19,low
10255,False,medium,False,False,0.06896551724137931,False,14,low
10256,False,medium,False,False,0.024691358024691357,False,18,low
10257,True,long,False,False,0.5047619047619047,False,29,high
10258,False,long,False,False,0.03508771929824561,False,21,low
10259,False,short,False,False,0.02,False,10,low
10260,False,long,True,False,0.06930693069306931,False,23,low
10261,False,medium,False,False,0.2872340425531915,False,16,high
10262,False,short,False,False,0.09375,False,6,low
10263,False,medium,False,False,0.13157894736842105,False,17,high
10264,False,medium,False,False,0.11214953271028037,False,18,high
10265,False,short,False,False,0.0,False,11,none
10266,False,medium,False,False,0.11475409836065574,False,13,high
10267,False,short,False,False,0.0,False,4,none
10268,False,medium,False,False,0.2696629213483146,False,14,high
10269,False,short,False,False,0.2,False,12,high
10270,False,medium,False,False,0.10714285714285714,False,16,high
10271,False,long,False,True,0.03296703296703297,False,21,low
10272,False,short,False,False,0.11363636363636363,False,9,high
10273,False,medium,False,False,0.09803921568627451,False,16,low
10274,False,medium,False,False,0.17582417582417584,False,16,high
10275,False,short,False,False,0.03773584905660377,False,9,low
10276,False,short,False,False,0.2647058823529412,False,9,high
10277,False,medium,False,False,0.061224489795918366,False,13,low
10278,False,medium,False,True,0.011764705882352941,False,18,low
10279,False,medium,False,False,0.1,False,18,low
10280,False,long,False,False,0.14772727272727273,False,19,high
10281,False,short,False,False,0.045454545454545456,False,8,low
10282,False,short,False,False,0.25,False,8,high
10283,False,medium,False,True,0.028169014084507043,False,15,low
10284,False,short,False,True,0.027777777777777776,False,9,low
10285,False,medium,False,False,0.08571428571428572,False,16,low
10286,True,medium,False,False,0.1111111111111111,True,14,high
10287,False,medium,False,True,0.06382978723404255,False,18,low
10288,False,short,False,False,0.05,False,4,low
10289,False,long,False,False,0.20833333333333334,False,20,high
10290,True,short,False,True,0.11764705882352941,False,7,high
10291,False,short,False,False,0.022988505747126436,False,12,low
10292,False,long,False,True,0.13402061855670103,False,23,high
10293,False,short,False,False,0.19607843137254902,False,11,high
10294,False,medium,False,True,0.09090909090909091,False,14,low
10295,False,medium,False,False,0.0958904109589041,False,18,low
10296,False,short,False,False,0.08333333333333333,False,7,low
10297,False,medium,False,True,0.041666666666666664,False,15,low
10298,False,long,True,False,0.05825242718446602,False,22,low
10299,False,medium,False,False,0.07777777777777778,False,15,low
10300,True,long,False,False,0.08823529411764706,False,26,low
10301,False,medium,False,False,0.04411764705882353,False,14,low
10302,False,short,False,False,0.15789473684210525,False,5,high
10303,False,medium,True,False,0.013888888888888888,False,18,low
10304,False,short,False,False,0.16666666666666666,False,9,high
10305,True,medium,False,True,0.03125,False,14,low
10306,False,medium,False,False,0.05434782608695652,False,17,low
10307,False,medium,False,False,0.0273972602739726,False,16,low
10308,False,short,False,True,0.058823529411764705,False,10,low
10309,False,long,False,False,0.04938271604938271,False,19,low
10310,True,short,False,False,0.2608695652173913,True,2,high
10311,False,medium,False,True,0.11594202898550725,False,15,high
10312,False,medium,False,False,0.025974025974025976,False,15,low
10313,True,short,False,False,0.16216216216216217,False,10,high
10314,False,short,False,False,0.16666666666666666,False,7,high
10315,False,medium,False,False,0.0945945945945946,False,14,low
10316,False,short,False,False,0.6111111111111112,False,10,high
10317,True,medium,False,False,0.029411764705882353,False,18,low
10318,False,long,False,False,0.03571428571428571,False,20,low
10319,False,medium,False,False,0.078125,False,13,low
10320,False,long,False,False,0.05434782608695652,False,19,low
10321,False,medium,False,False,0.021739130434782608,False,13,low
10322,False,medium,False,False,0.054945054945054944,False,18,low
10323,False,short,False,False,0.08,False,10,low
10324,False,medium,False,True,0.022727272727272728,False,16,low
10325,False,medium,False,False,0.09782608695652174,False,16,low
10326,False,medium,False,False,0.07407407407407407,False,17,low
10327,False,medium,False,True,0.21621621621621623,False,13,high
10328,False,medium,False,False,0.031578947368421054,False,16,low
10329,False,short,False,False,0.14285714285714285,False,4,high
10330,False,short,False,False,0.2916666666666667,False,7,high
10331,False,short,False,False,0.2222222222222222,False,8,high
10332,True,medium,False,False,0.0547945205479452,False,17,low
10333,False,medium,False,False,0.0,False,16,none
10334,False,medium,False,False,0.07407407407407407,False,17,low
10335,False,short,False,False,0.0821917808219178,False,12,low
10336,False,medium,False,False,0.27631578947368424,False,17,high
10337,False,medium,False,False,0.0,False,14,none
10338,True,short,False,False,0.12121212121212122,False,9,high
10339,False,short,False,False,0.0196078431372549,False,12,low
10340,False,medium,False,False,0.04,False,15,low
10341,False,medium,False,False,0.08823529411764706,False,13,low
10342,False,medium,False,False,0.2,False,14,high
10343,False,long,False,True,0.02830188679245283,False,23,low
10344,False,medium,False,False,0.044444444444444446,False,13,low
10345,False,short,False,False,0.27419354838709675,False,5,high
10346,False,long,False,False,0.037383177570093455,False,26,low
10347,False,medium,False,False,0.08823529411764706,False,13,low
10348,False,short,False,False,0.015151515151515152,False,11,low
10349,False,long,False,False,0.9611650485436893,False,20,high
10350,False,medium,False,False,0.225,False,17,high
10351,False,short,False,False,1.0,False,5,high
10352,False,short,False,False,0.10256410256410256,False,7,high
10353,False,medium,False,False,0.17857142857142858,False,17,high
10354,False,short,False,False,0.125,False,5,high
10355,False,medium,True,True,0.016666666666666666,False,15,low
10356,False,short,False,False,0.05555555555555555,False,8,low
10357,False,medium,False,False,0.109375,False,13,high
10358,False,medium,False,False,0.0625,False,17,low
10359,False,short,False,False,0.30434782608695654,False,10,high
10360,False,medium,True,True,0.047619047619047616,False,15,low
10361,False,short,False,False,0.11428571428571428,False,10,high
10362,False,medium,False,True,0.029411764705882353,False,14,low
10363,False,short,False,False,0.07142857142857142,False,11,low
10364,False,long,True,True,0.04395604395604396,False,21,low
10365,False,short,False,False,0.0,False,12,none
10366,False,medium,False,False,0.17525773195876287,False,17,high
10367,False,long,False,True,0.06930693069306931,False,27,low
10368,False,short,False,False,0.2222222222222222,False,3,high
10369,False,long,False,False,0.05454545454545454,False,21,low
10370,False,short,False,False,0.06666666666666667,False,8,low
10371,False,long,False,False,0.038461538461538464,False,19,low
10372,False,long,False,True,0.11627906976744186,False,20,high
10373,False,short,False,False,0.1,False,9,low
10374,False,long,False,False,0.03,False,23,low
10375,False,medium,False,False,0.13432835820895522,False,17,high
10376,False,short,False,True,0.03636363636363636,False,10,low
10377,False,short,False,False,0.030303030303030304,False,8,low
10378,False,long,False,False,0.0,False,25,none
10379,False,long,False,False,0.043478260869565216,False,20,low
10380,False,medium,False,False,0.05555555555555555,False,18,low
10381,False,long,True,False,0.0784313725490196,False,26,low
10382,False,medium,False,False,0.1111111111111111,False,17,high
10383,False,medium,False,False,0.08955223880597014,False,13,low
10384,True,medium,True,True,0.08571428571428572,False,16,low
10385,False,long,False,False,0.10112359550561797,False,22,high
10386,False,short,False,False,0.15517241379310345,False,12,high
10387,False,medium,False,False,0.024096385542168676,False,17,low
10388,False,long,False,True,0.05504587155963303,False,26,low
10389,False,short,False,False,0.9285714285714286,False,12,high
10390,False,long,False,False,0.0684931506849315,False,20,low
10391,False,short,False,False,0.04,False,9,low
10392,False,medium,False,False,0.08045977011494253,False,14,low
10393,False,long,True,True,0.025,False,19,low
10394,False,medium,False,False,0.04938271604938271,False,16,low
10395,False,long,False,True,0.05263157894736842,False,25,low
10396,False,medium,False,True,0.17142857142857143,False,13,high
10397,False,long,True,False,0.01818181818181818,False,28,low
10398,False,medium,False,False,0.06578947368421052,False,13,low
10399,False,short,False,False,0.16,False,5,high
10400,False,medium,False,False,0.2641509433962264,False,13,high
10401,True,long,False,True,0.03,False,21,low
10402,False,medium,False,False,0.12987012987012986,False,13,high
10403,False,short,False,False,0.05405405405405406,False,11,low
10404,False,medium,False,False,0.021739130434782608,False,13,low
10405,False,short,False,False,0.15517241379310345,False,11,high
10406,False,long,False,True,0.02,False,24,low
10407,True,long,False,True,0.9636363636363636,False,24,high
10408,False,short,False,False,0.06976744186046512,False,7,low
10409,False,medium,False,False,0.2,True,16,high
10410,False,long,False,False,0.05,False,20,low
10411,False,short,False,False,0.1111111111111111,False,7,high
10412,False,short,False,False,0.12698412698412698,False,8,high
10413,False,medium,False,True,0.13114754098360656,False,13,high
10414,False,short,False,False,0.12244897959183673,False,8,high
10415,False,long,False,False,0.0975609756097561,False,20,low
10416,False,medium,False,False,0.09876543209876543,False,17,low
10417,False,medium,True,False,0.053763440860215055,False,18,low
10418,False,medium,False,False,0.07462686567164178,False,15,low
10419,False,short,False,False,0.43103448275862066,False,11,high
10420,False,medium,False,False,0.13333333333333333,False,17,high
10421,False,long,False,False,0.037383177570093455,False,27,low
10422,False,short,False,False,0.12121212121212122,False,7,high
10423,False,short,False,False,0.19444444444444445,False,6,high
10424,False,short,False,False,0.04918032786885246,False,10,low
10425,False,medium,False,True,0.057971014492753624,False,18,low
10426,False,long,False,False,0.06140350877192982,False,21,low
10427,False,long,False,True,0.052083333333333336,False,24,low
10428,False,short,False,False,0.8108108108108109,False,8,high
10429,False,long,False,False,0.08163265306122448,False,21,low
10430,False,medium,False,True,0.05970149253731343,True,17,low
10431,False,medium,False,False,0.11267605633802817,False,13,high
10432,False,short,False,False,0.18181818181818182,False,7,high
10433,False,short,False,False,0.07317073170731707,False,7,low
10434,False,medium,False,False,0.015151515151515152,True,15,low
10435,False,long,False,False,0.010416666666666666,False,19,low
10436,False,long,False,False,0.023809523809523808,False,19,low
10437,False,medium,False,True,0.2545454545454545,False,15,high
10438,False,short,False,False,0.1206896551724138,False,10,high
10439,False,medium,False,True,0.033707865168539325,False,18,low
10440,False,medium,False,False,0.13157894736842105,False,16,high
10441,False,long,False,True,0.08333333333333333,False,25,low
10442,False,short,False,False,0.0,False,8,none
10443,False,medium,False,False,0.08433734939759036,False,17,low
10444,False,long,False,False,0.07692307692307693,False,20,low
10445,False,medium,False,False,0.06818181818181818,False,18,low
10446,False,short,False,False,0.0,False,3,none
10447,False,medium,False,False,0.057692307692307696,False,13,low
10448,False,medium,False,True,0.7205882352941176,False,16,high
10449,False,short,False,False,0.35714285714285715,False,11,high
10450,False,short,False,False,0.078125,False,12,low
10451,False,medium,False,True,0.48484848484848486,False,15,high
10452,True,medium,False,True,0.03333333333333333,False,15,low
10453,False,short,False,False,0.17647058823529413,False,9,high
10454,False,long,False,True,0.011235955056179775,False,22,low
10455,False,short,False,True,0.046511627906976744,False,8,low
10456,False,medium,False,False,0.14772727272727273,False,13,high
10457,False,short,False,False,0.05660377358490566,False,9,low
10458,False,long,False,True,0.03333333333333333,False,22,low
10459,False,medium,False,False,0.046153846153846156,False,13,low
10460,False,medium,True,False,0.0,False,14,none
10461,False,short,False,False,0.10638297872340426,False,10,high
10462,False,medium,False,False,0.75,False,16,high
10463,False,long,False,True,0.021052631578947368,False,20,low
10464,False,short,False,True,0.11764705882352941,False,10,high
10465,False,short,False,False,0.7777777777777778,False,8,high
10466,False,short,False,False,0.0425531914893617,False,11,low
10467,False,medium,False,False,0.15151515151515152,False,14,high
10468,False,long,False,True,0.02830188679245283,False,23,low
10469,False,long,False,True,0.028846153846153848,False,23,low
10470,False,short,False,False,0.03076923076923077,False,12,low
10471,False,long,False,False,0.12962962962962962,False,22,high
10472,False,medium,False,False,0.06756756756756757,False,14,low
10473,False,medium,False,False,0.043478260869565216,False,18,low
10474,False,short,False,True,0.08771929824561403,False,10,low
10475,True,long,False,False,0.07692307692307693,False,20,low
10476,False,medium,False,False,0.0,False,14,none
10477,False,medium,True,True,0.013888888888888888,False,16,low
10478,False,short,False,False,0.14285714285714285,False,6,high
10479,False,long,False,False,0.06593406593406594,False,22,low
10480,False,long,False,False,0.03571428571428571,False,22,low
10481,False,long,False,False,0.03,False,22,low
10482,False,medium,False,False,0.1694915254237288,False,13,high
10483,False,medium,True,False,0.020833333333333332,False,13,low
10484,True,medium,False,True,0.013513513513513514,False,16,low
10485,False,long,False,True,0.13953488372093023,False,21,high
10486,False,medium,False,False,0.03773584905660377,False,13,low
10487,False,medium,False,False,0.08823529411764706,False,13,low
10488,False,long,False,False,0.020202020202020204,False,24,low
10489,False,short,False,False,0.08823529411764706,False,12,low
10490,False,short,False,True,0.16666666666666666,False,10,high
10491,False,long,False,False,0.3673469387755102,False,30,high
10492,False,medium,False,False,0.1485148514851485,False,16,high
10493,False,medium,False,False,0.02702702702702703,False,13,low
10494,False,short,False,False,0.078125,False,12,low
10495,False,long,False,True,0.0125,False,23,low
10496,False,short,False,False,0.05128205128205128,False,9,low
10497,False,long,False,False,0.019801980198019802,False,20,low
10498,False,medium,False,True,0.023255813953488372,False,16,low
10499,False,medium,False,False,0.12,False,16,high
10500,False,short,False,False,0.08860759493670886,False,11,low
10501,False,long,False,False,0.02127659574468085,False,24,low
10502,False,medium,False,False,0.014285714285714285,False,15,low
10503,False,medium,False,True,0.0379746835443038,False,15,low
10504,False,short,False,False,0.02531645569620253,False,12,low
10505,True,medium,False,True,0.03636363636363636,False,14,low
10506,False,short,False,False,0.05660377358490566,False,10,low
10507,False,medium,False,False,0.08860759493670886,False,15,low
10508,False,short,False,False,0.0,False,11,none
10509,False,medium,False,False,0.15873015873015872,False,14,high
10510,False,short,False,False,0.09375,False,9,low
10511,False,short,False,False,0.05,False,9,low
10512,False,short,False,False,0.05555555555555555,False,9,low
10513,False,medium,False,True,0.06,False,13,low
10514,False,short,False,False,0.06779661016949153,False,10,low
10515,False,medium,False,False,0.030612244897959183,False,18,low
10516,False,short,False,False,1.0,False,7,high
10517,False,medium,False,True,0.11904761904761904,False,18,high
10518,False,medium,False,False,0.04819277108433735,False,17,low
10519,False,medium,False,False,0.2647058823529412,False,15,high
10520,False,medium,False,False,0.07792207792207792,False,15,low
10521,False,medium,False,False,0.075,False,18,low
10522,False,short,False,False,0.0,False,7,none
10523,False,medium,False,False,0.08620689655172414,False,15,low
10524,False,long,False,False,0.029411764705882353,False,21,low
10525,False,medium,False,False,0.047619047619047616,False,16,low
10526,False,short,False,False,0.20967741935483872,False,9,high
10527,False,short,False,False,0.06451612903225806,False,6,low
10528,False,medium,False,False,0.2711864406779661,False,14,high
10529,False,medium,False,False,0.0379746835443038,False,18,low
10530,False,medium,False,False,0.0,False,16,none
10531,False,short,False,False,0.08163265306122448,False,11,low
10532,False,short,False,False,0.0,False,11,none
10533,False,medium,False,False,0.02702702702702703,False,15,low
10534,True,short,False,False,0.15625,False,7,high
10535,False,short,False,False,0.16666666666666666,False,6,high
10536,False,medium,False,False,0.09411764705882353,False,14,low
10537,False,medium,False,True,0.024096385542168676,False,17,low
10538,False,short,False,False,0.10416666666666667,False,11,high
10539,False,long,False,False,0.054945054945054944,False,20,low
10540,False,short,False,False,0.3026315789473684,False,9,high
10541,False,short,False,False,0.14084507042253522,False,11,high
10542,False,medium,False,False,0.6438356164383562,False,16,high
10543,False,short,False,False,0.12857142857142856,False,12,high
10544,False,medium,False,False,0.03529411764705882,False,15,low
10545,False,long,False,False,0.0,False,22,none
10546,False,short,False,False,0.06818181818181818,False,6,low
10547,False,long,False,True,0.023529411764705882,False,19,low
10548,False,short,False,True,0.16,False,10,high
10549,False,long,True,False,0.018867924528301886,False,24,low
10550,True,short,False,False,0.0,False,12,none
10551,False,medium,False,False,0.0,False,14,none
10552,False,long,False,False,0.08695652173913043,False,20,low
10553,False,short,False,False,0.42028985507246375,False,12,high
10554,True,short,False,False,0.08333333333333333,False,11,low
10555,False,long,False,False,0.1111111111111111,False,21,high
10556,False,long,False,False,0.042735042735042736,False,19,low
10557,False,short,False,False,0.06896551724137931,False,7,low
10558,False,short,False,True,0.13333333333333333,False,8,high
10559,False,medium,False,False,0.2465753424657534,False,15,high
10560,False,medium,False,False,0.14736842105263157,False,16,high
10561,False,short,False,False,0.17647058823529413,False,8,high
10562,False,long,True,True,0.056179775280898875,False,23,low
10563,False,short,False,False,0.109375,False,12,high
10564,False,short,False,False,0.05714285714285714,False,8,low
10565,False,medium,False,False,0.08823529411764706,False,13,low
10566,False,short,False,True,0.0,False,12,none
10567,False,short,False,False,0.10909090909090909,False,12,high
10568,False,medium,False,False,0.047058823529411764,False,16,low
10569,False,short,False,False,0.06666666666666667,False,7,low
10570,False,short,False,False,0.14814814814814814,False,6,high
10571,False,long,False,True,0.1926605504587156,False,25,high
10572,False,medium,False,False,0.0425531914893617,False,15,low
10573,False,medium,False,False,0.02564102564102564,False,15,low
10574,False,long,False,False,0.12359550561797752,False,22,high
10575,False,short,False,False,0.21052631578947367,False,6,high
10576,False,long,False,True,0.07692307692307693,False,22,low
10577,False,short,False,False,0.16279069767441862,False,10,high
10578,False,long,False,False,0.043478260869565216,False,23,low
10579,False,short,False,False,0.02564102564102564,False,9,low
10580,False,short,False,False,0.02040816326530612,False,11,low
10581,False,long,False,True,0.030303030303030304,False,24,low
10582,False,long,False,False,0.049019607843137254,False,20,low
10583,False,short,True,False,0.06779661016949153,False,11,low
10584,False,long,False,False,0.05,False,22,low
10585,False,long,False,False,0.02247191011235955,False,20,low
10586,False,medium,False,False,0.06315789473684211,False,16,low
10587,False,short,False,False,0.078125,False,11,low
10588,False,short,False,False,0.03773584905660377,False,8,low
10589,False,long,False,False,0.08888888888888889,False,19,low
10590,False,medium,False,False,0.06666666666666667,False,16,low
10591,False,short,False,False,0.0,False,5,none
10592,False,short,False,False,0.15384615384615385,False,10,high
10593,False,long,False,False,0.030927835051546393,False,19,low
10594,False,short,False,False,0.10204081632653061,False,11,high
10595,False,medium,False,False,0.10752688172043011,False,18,high
10596,False,long,False,False,0.125,False,19,high
10597,False,medium,True,False,0.12307692307692308,False,14,high
10598,False,medium,False,False,0.07407407407407407,False,13,low
10599,False,short,False,False,0.2692307692307692,False,9,high
10600,False,short,False,False,0.10810810810810811,False,12,high
10601,False,long,False,True,0.028169014084507043,False,19,low
10602,False,long,False,False,0.05319148936170213,False,22,low
10603,False,long,False,False,0.08823529411764706,False,20,low
10604,False,short,False,False,0.03636363636363636,False,8,low
10605,False,medium,False,False,0.09210526315789473,False,13,low
10606,False,medium,False,False,0.030927835051546393,False,15,low
10607,False,short,True,False,0.0,False,8,none
10608,False,medium,False,False,0.05454545454545454,False,14,low
10609,False,long,False,False,0.021505376344086023,False,23,low
10610,False,short,False,False,0.16176470588235295,False,11,high
10611,False,short,False,False,0.18181818181818182,False,8,high
10612,False,long,False,False,0.109375,False,20,high
10613,False,short,False,False,0.020833333333333332,False,8,low
10614,False,long,False,False,0.02197802197802198,False,20,low
10615,False,short,False,False,0.15555555555555556,False,9,high
10616,False,long,True,True,0.03669724770642202,False,23,low
10617,False,short,False,False,0.1276595744680851,False,6,high
10618,False,short,False,False,0.24528301886792453,False,9,high
10619,False,long,False,False,0.05194805194805195,False,19,low
10620,False,long,False,False,0.011494252873563218,False,27,low
10621,False,short,False,False,0.0625,False,11,low
10622,False,long,False,False,0.03,False,20,low
10623,False,medium,False,False,0.2236842105263158,False,15,high
10624,False,long,False,False,0.027522935779816515,False,28,low
10625,False,medium,False,False,0.07692307692307693,False,18,low
10626,False,medium,False,False,0.024096385542168676,False,15,low
10627,False,medium,False,False,0.22340425531914893,False,17,high
10628,False,short,False,False,0.1875,False,10,high
10629,True,short,False,False,0.6666666666666666,False,5,high
10630,False,long,False,False,0.07777777777777778,False,20,low
10631,False,long,False,False,0.018518518518518517,False,20,low
10632,False,short,False,False,0.16923076923076924,False,10,high
10633,False,short,False,False,0.14285714285714285,False,11,high
10634,False,medium,False,False,0.10256410256410256,False,18,high
10635,False,short,False,False,0.13333333333333333,False,11,high
10636,False,medium,False,True,0.02564102564102564,False,18,low
10637,False,short,False,False,0.06481481481481481,False,12,low
10638,False,medium,False,False,0.05333333333333334,False,16,low
10639,False,medium,False,False,0.04411764705882353,False,13,low
10640,False,medium,False,False,0.26582278481012656,False,14,high
10641,False,short,False,True,0.09523809523809523,False,10,low
10642,False,short,False,False,0.04878048780487805,False,11,low
10643,False,medium,False,False,0.028985507246376812,False,17,low
10644,False,long,False,True,0.04819277108433735,False,21,low
10645,False,long,False,False,0.056179775280898875,False,20,low
10646,True,long,True,False,0.07368421052631578,False,20,low
10647,False,short,False,False,0.018518518518518517,False,9,low
10648,False,medium,False,False,0.2336448598130841,False,13,high
10649,False,long,False,False,0.06796116504854369,False,21,low
10650,False,long,False,True,0.0449438202247191,False,21,low
10651,False,medium,False,True,0.11320754716981132,False,14,high
10652,False,long,False,False,0.08433734939759036,False,20,low
10653,False,short,False,False,0.0851063829787234,False,11,low
10654,False,short,False,False,0.15625,False,7,high
10655,True,short,False,False,0.22857142857142856,False,7,high
10656,False,short,False,False,0.12,False,10,high
10657,False,medium,False,False,0.19047619047619047,False,13,high
10658,False,short,False,True,0.13793103448275862,False,12,high
10659,False,short,False,False,0.16129032258064516,False,7,high
10660,False,short,False,False,0.11320754716981132,False,11,high
10661,False,medium,False,False,0.06578947368421052,False,14,low
10662,False,medium,False,False,0.014925373134328358,False,18,low
10663,False,long,False,False,0.07216494845360824,False,23,low
10664,False,long,True,False,0.022222222222222223,False,21,low
10665,False,medium,False,False,0.043478260869565216,False,17,low
10666,False,medium,False,False,0.02040816326530612,False,15,low
10667,False,long,False,False,0.25,False,20,high
10668,False,short,False,False,0.11627906976744186,False,8,high
10669,False,short,False,False,0.14705882352941177,False,11,high
10670,False,medium,False,False,0.0625,False,17,low
10671,False,medium,False,False,0.0,False,16,none
10672,False,medium,False,False,0.045454545454545456,False,16,low
10673,True,short,False,False,0.015151515151515152,False,11,low
10674,False,short,False,False,0.0967741935483871,False,12,low
10675,True,short,False,True,0.13043478260869565,False,12,high
10676,False,long,False,False,0.18823529411764706,False,23,high
10677,False,long,False,False,0.047619047619047616,False,22,low
10678,False,long,False,False,0.05813953488372093,False,21,low
10679,False,long,False,False,0.043010752688172046,False,21,low
10680,False,long,True,True,0.041237113402061855,False,23,low
10681,False,medium,False,False,0.010309278350515464,False,15,low
10682,False,medium,False,False,0.061224489795918366,False,14,low
10683,True,short,False,False,0.16049382716049382,False,8,high
10684,False,medium,False,False,0.05,False,13,low
10685,False,medium,False,False,0.01639344262295082,False,16,low
10686,False,medium,False,False,0.10752688172043011,False,18,high
10687,False,medium,False,False,0.056818181818181816,False,17,low
10688,False,short,False,False,0.08955223880597014,False,12,low
10689,False,medium,False,False,0.04054054054054054,False,18,low
10690,False,long,False,False,0.0673076923076923,False,21,low
10691,False,medium,False,False,0.07352941176470588,False,18,low
10692,False,medium,False,False,0.09836065573770492,False,15,low
10693,False,medium,False,False,0.0379746835443038,False,18,low
10694,False,medium,False,False,0.05952380952380952,False,13,low
10695,False,short,False,False,0.08450704225352113,False,12,low
10696,False,medium,False,False,0.3026315789473684,False,15,high
10697,False,long,False,True,0.020202020202020204,False,21,low
10698,False,short,False,False,0.09523809523809523,False,11,low
10699,False,long,False,True,0.0,False,20,none
10700,False,medium,False,False,0.034482758620689655,False,18,low
10701,False,short,False,False,0.09375,False,5,low
10702,False,medium,False,False,0.037037037037037035,False,18,low
10703,False,medium,False,False,0.1111111111111111,False,15,high
10704,False,short,False,False,0.0958904109589041,False,11,low
10705,False,long,False,False,0.020618556701030927,False,23,low
10706,False,short,False,False,0.07692307692307693,False,10,low
10707,False,short,False,False,0.02702702702702703,False,7,low
10708,False,medium,False,True,0.02631578947368421,False,13,low
10709,False,long,False,False,0.0821917808219178,False,21,low
10710,False,medium,False,True,0.012048192771084338,False,18,low
10711,False,medium,False,False,0.061224489795918366,False,13,low
10712,False,short,False,False,0.11666666666666667,False,10,high
10713,False,medium,False,False,0.07142857142857142,False,18,low
10714,False,long,False,True,0.09302325581395349,False,19,low
10715,False,medium,False,False,0.04054054054054054,False,14,low
10716,False,long,False,False,0.022222222222222223,False,21,low
10717,False,medium,False,False,0.06521739130434782,False,15,low
10718,False,short,False,False,0.08695652173913043,False,8,low
10719,False,medium,False,False,0.45588235294117646,False,13,high
10720,True,short,False,False,0.027777777777777776,False,8,low
10721,False,long,False,True,0.04395604395604396,False,19,low
10722,False,long,False,False,0.08888888888888889,False,21,low
10723,False,medium,False,False,0.13761467889908258,False,18,high
10724,False,medium,False,False,0.1875,False,15,high
10725,False,long,False,False,0.0,False,25,none
10726,False,long,False,False,0.05825242718446602,False,22,low
10727,False,short,False,False,0.0,False,7,none
10728,False,long,False,False,0.039473684210526314,False,21,low
10729,False,medium,False,False,0.19230769230769232,False,15,high
10730,True,short,False,False,0.20833333333333334,False,10,high
10731,False,medium,False,False,0.03076923076923077,False,15,low
10732,False,long,False,True,0.03,False,24,low
10733,False,short,False,False,0.19402985074626866,False,11,high
10734,False,medium,False,False,0.09473684210526316,False,16,low
10735,False,medium,False,False,0.0,False,14,none
10736,False,short,False,False,0.16666666666666666,False,9,high
10737,False,medium,False,False,0.029411764705882353,False,14,low
10738,False,short,False,False,0.03571428571428571,False,4,low
10739,True,short,False,False,0.0625,False,10,low
10740,False,medium,False,False,0.19718309859154928,False,15,high
10741,False,long,False,False,0.010526315789473684,False,24,low
10742,False,medium,False,True,0.029411764705882353,False,15,low
10743,False,short,False,False,0.15625,False,7,high
10744,False,medium,False,False,0.0625,False,18,low
10745,False,short,False,False,0.07272727272727272,False,12,low
10746,False,long,False,False,0.013888888888888888,False,21,low
10747,False,long,False,False,0.041237113402061855,False,25,low
10748,False,short,False,False,0.18867924528301888,False,8,high
10749,False,short,False,False,0.03125,False,9,low
10750,False,medium,False,False,0.16853932584269662,False,17,high
10751,False,medium,False,False,0.14864864864864866,False,17,high
10752,False,medium,False,False,0.16279069767441862,False,16,high
10753,False,long,False,False,0.04597701149425287,False,20,low
10754,False,short,False,False,0.28,False,4,high
10755,False,short,False,True,0.11904761904761904,False,11,high
10756,False,short,False,False,0.08108108108108109,False,9,low
10757,False,short,False,False,0.06818181818181818,False,10,low
10758,False,long,False,True,0.08571428571428572,False,19,low
10759,False,long,False,False,0.05263157894736842,False,19,low
10760,False,short,False,False,0.17073170731707318,False,10,high
10761,False,short,False,False,0.044444444444444446,False,10,low
10762,False,short,False,False,0.12162162162162163,False,10,high
10763,False,medium,False,True,0.010869565217391304,False,18,low
10764,False,long,False,True,0.03225806451612903,False,23,low
10765,False,long,False,False,0.0594059405940594,False,24,low
10766,False,medium,False,False,0.25274725274725274,False,17,high
10767,False,medium,False,False,0.042105263157894736,False,14,low
10768,False,medium,False,True,0.013333333333333334,False,16,low
10769,False,medium,False,False,0.46511627906976744,False,15,high
10770,False,long,False,False,0.06756756756756757,False,21,low
10771,False,short,False,False,0.0847457627118644,False,11,low
10772,False,long,True,False,0.0,False,23,none
10773,False,short,False,False,0.0,False,10,none
10774,True,short,True,False,0.05357142857142857,False,10,low
10775,False,long,False,True,0.021052631578947368,False,19,low
10776,False,short,False,False,0.03333333333333333,False,6,low
10777,False,medium,False,True,0.00980392156862745,False,17,low
10778,False,medium,False,False,0.03614457831325301,False,17,low
10779,False,medium,False,False,0.16216216216216217,False,18,high
10780,False,short,False,False,0.0,False,12,none
10781,False,medium,False,False,0.08433734939759036,False,18,low
10782,False,short,False,False,0.019230769230769232,False,8,low
10783,False,short,False,False,0.14583333333333334,False,11,high
10784,False,medium,False,False,0.014285714285714285,False,17,low
10785,False,medium,True,False,0.03488372093023256,False,16,low
10786,False,short,False,False,0.08571428571428572,False,12,low
10787,False,short,False,False,0.024390243902439025,False,10,low
10788,False,short,False,False,0.025,False,11,low
10789,False,short,False,False,0.14583333333333334,False,8,high
10790,False,short,False,False,0.038461538461538464,False,4,low
10791,False,medium,False,False,0.14492753623188406,False,17,high
10792,False,long,False,False,0.030612244897959183,False,21,low
10793,False,medium,False,True,0.1875,False,18,high
10794,False,medium,False,False,0.15789473684210525,False,17,high
10795,False,medium,True,False,0.028169014084507043,False,15,low
10796,False,short,False,False,0.16666666666666666,False,4,high
10797,False,medium,False,False,0.06578947368421052,False,14,low
10798,False,medium,False,False,0.06521739130434782,False,16,low
10799,False,medium,False,False,0.023529411764705882,False,16,low
10800,False,short,False,False,0.0,False,6,none
10801,False,short,False,False,0.20833333333333334,False,12,high
10802,False,medium,False,False,0.1388888888888889,False,15,high
10803,False,short,False,False,0.0,False,10,none
10804,False,short,False,False,0.84,False,9,high
10805,False,medium,False,False,0.02,False,13,low
10806,False,short,False,False,0.1,False,2,low
10807,False,short,False,False,0.18181818181818182,False,2,high
10808,False,short,False,False,0.07692307692307693,False,11,low
10809,False,medium,False,False,0.16666666666666666,False,13,high
10810,False,short,False,False,0.037037037037037035,False,5,low
10811,True,short,False,True,0.6216216216216216,False,8,high
10812,False,short,False,False,0.08823529411764706,False,12,low
10813,False,short,False,False,0.26666666666666666,False,7,high
10814,False,medium,False,False,0.5,False,16,high
10815,False,short,False,False,0.17647058823529413,False,11,high
10816,False,medium,False,False,0.14285714285714285,False,15,high
10817,False,medium,False,True,0.08823529411764706,False,17,low
10818,True,long,False,False,0.04597701149425287,False,19,low
10819,False,medium,False,False,0.05,False,15,low
10820,False,medium,False,False,0.0547945205479452,False,17,low
10821,False,long,True,True,0.03488372093023256,False,22,low
10822,False,medium,False,False,0.3088235294117647,False,13,high
10823,False,short,False,False,0.029411764705882353,False,6,low
10824,False,short,False,False,0.02564102564102564,False,10,low
10825,False,medium,False,False,0.15853658536585366,False,13,high
10826,False,long,False,True,0.07339449541284404,False,19,low
10827,False,short,False,False,0.0,False,10,none
10828,False,short,False,False,0.03076923076923077,False,11,low
10829,False,long,False,True,0.02247191011235955,False,20,low
10830,True,short,True,False,0.0425531914893617,False,10,low
10831,False,short,False,False,0.18181818181818182,False,9,high
10832,False,long,True,False,0.10344827586206896,True,21,high
10833,False,long,False,False,0.02857142857142857,False,25,low
10834,False,long,False,False,0.09183673469387756,False,19,low
10835,False,medium,False,False,0.041666666666666664,False,15,low
10836,False,medium,False,True,0.1,False,14,low
10837,False,short,False,False,0.06493506493506493,False,11,low
10838,False,long,False,False,0.04081632653061224,False,23,low
10839,False,short,True,False,0.0,False,11,none
10840,False,short,False,False,0.09523809523809523,False,7,low
10841,False,short,False,False,0.078125,False,10,low
10842,True,short,False,False,0.043478260869565216,False,5,low
10843,False,short,False,False,0.13953488372093023,False,9,high
10844,False,short,False,False,0.05263157894736842,False,6,low
10845,False,long,True,True,0.05172413793103448,False,19,low
10846,False,long,False,False,0.08411214953271028,False,25,low
10847,False,long,False,False,0.0,False,19,none
10848,False,long,False,False,0.5922330097087378,False,26,high
10849,False,short,False,False,0.5,False,9,high
10850,True,medium,False,False,0.025974025974025976,False,17,low
10851,False,long,False,False,0.10434782608695652,False,23,high
10852,False,medium,False,False,0.06060606060606061,False,15,low
10853,False,long,False,True,0.08421052631578947,False,19,low
10854,False,short,False,False,0.08333333333333333,False,8,low
10855,False,long,False,False,0.15217391304347827,False,19,high
10856,False,medium,False,False,0.07142857142857142,False,17,low
10857,False,medium,False,False,0.057971014492753624,False,13,low
10858,False,long,False,False,0.03409090909090909,False,19,low
10859,True,short,False,False,0.08823529411764706,False,7,low
10860,False,long,False,False,0.043478260869565216,False,19,low
10861,False,long,False,True,0.03669724770642202,False,21,low
10862,False,medium,False,False,0.1590909090909091,False,15,high
10863,False,long,False,False,0.05747126436781609,False,19,low
10864,False,medium,False,True,0.20689655172413793,False,15,high
10865,False,long,False,False,0.03773584905660377,False,25,low
10866,False,short,False,False,0.06944444444444445,False,9,low
10867,False,long,False,False,0.06796116504854369,False,20,low
10868,False,medium,False,False,0.2875,False,16,high
10869,True,short,False,False,0.13333333333333333,False,9,high
10870,False,short,False,False,0.13333333333333333,False,5,high
10871,False,short,False,False,0.1566265060240964,False,12,high
10872,False,medium,False,False,0.16666666666666666,False,17,high
10873,False,medium,False,False,0.0,False,13,none
10874,False,medium,False,False,0.20833333333333334,False,14,high
10875,False,medium,False,False,0.13043478260869565,False,14,high
10876,True,medium,False,False,0.06944444444444445,True,15,low
10877,False,medium,False,False,0.0,False,17,none
10878,False,short,False,False,0.044444444444444446,False,11,low
10879,False,short,True,False,0.047619047619047616,False,11,low
10880,False,medium,False,False,0.0,False,17,none
10881,False,medium,False,False,0.12345679012345678,False,18,high
10882,False,short,False,False,0.25,False,11,high
10883,False,medium,False,False,0.04477611940298507,False,15,low
10884,False,medium,False,False,0.07407407407407407,False,16,low
10885,False,medium,False,False,0.07017543859649122,False,14,low
10886,False,medium,False,False,0.19642857142857142,False,16,high
10887,False,medium,False,True,0.02666666666666667,False,16,low
10888,False,short,False,False,0.1864406779661017,False,11,high
10889,False,long,False,False,0.0449438202247191,False,19,low
10890,False,medium,False,False,0.041666666666666664,False,15,low
10891,False,short,False,False,0.07352941176470588,False,12,low
10892,False,short,True,False,0.1506849315068493,False,8,high
10893,False,long,False,False,0.056818181818181816,False,22,low
10894,False,short,False,False,0.03571428571428571,False,12,low
10895,False,long,True,True,0.027777777777777776,False,22,low
10896,False,medium,False,False,0.0,False,14,none
10897,False,short,False,False,0.13114754098360656,False,11,high
10898,False,short,False,False,0.034482758620689655,False,12,low
10899,False,short,False,False,0.3333333333333333,False,9,high
10900,True,medium,False,False,0.08695652173913043,False,17,low
10901,True,short,False,False,0.16363636363636364,False,12,high
10902,False,medium,False,False,0.05434782608695652,False,18,low
10903,False,long,False,False,0.060240963855421686,False,21,low
10904,False,medium,False,True,0.01694915254237288,False,18,low
10905,False,long,False,True,0.031914893617021274,False,23,low
10906,False,long,False,False,0.02247191011235955,False,23,low
10907,False,short,False,False,0.05454545454545454,False,12,low
10908,False,short,False,False,0.17857142857142858,True,9,high
10909,False,short,False,False,0.1125,False,11,high
10910,False,short,False,True,0.08333333333333333,False,7,low
10911,False,medium,False,False,0.12121212121212122,False,16,high
10912,False,short,False,False,0.05263157894736842,False,11,low
10913,False,medium,False,True,0.07017543859649122,False,13,low
10914,False,short,False,False,0.39473684210526316,False,8,high
10915,False,medium,False,True,0.13131313131313133,False,15,high
10916,False,short,False,False,0.136986301369863,False,12,high
10917,False,short,False,False,0.029850746268656716,False,12,low
10918,False,long,True,True,0.04672897196261682,False,22,low
10919,True,long,True,False,0.038461538461538464,False,24,low
10920,False,long,False,False,0.09433962264150944,False,25,low
10921,False,medium,False,False,0.18571428571428572,False,18,high
10922,False,long,False,True,0.10377358490566038,False,22,high
10923,False,short,False,False,0.14705882352941177,False,5,high
10924,False,medium,False,False,0.04838709677419355,False,16,low
10925,False,long,False,False,0.1188118811881188,False,22,high
10926,False,long,False,False,0.02197802197802198,False,20,low
10927,False,medium,False,True,0.08333333333333333,False,18,low
10928,False,medium,False,False,0.08695652173913043,False,17,low
10929,False,medium,False,False,0.08235294117647059,False,15,low
10930,False,short,False,False,0.029411764705882353,False,4,low
10931,False,medium,False,False,0.06,False,14,low
10932,False,short,False,False,0.14285714285714285,False,7,high
10933,False,short,False,False,0.19444444444444445,False,5,high
10934,False,medium,False,False,0.0410958904109589,False,16,low
10935,False,medium,False,False,0.14814814814814814,False,17,high
10936,False,short,False,False,0.16666666666666666,False,2,high
10937,False,medium,False,False,0.0375,False,18,low
10938,False,medium,False,False,0.7910447761194029,False,13,high
10939,False,long,False,False,0.12987012987012986,False,20,high
10940,False,short,False,False,0.10714285714285714,False,5,high
10941,False,medium,False,False,0.10526315789473684,False,13,high
10942,False,medium,False,False,1.0,False,17,high
10943,False,short,False,False,0.10638297872340426,False,10,high
10944,False,medium,False,True,0.1,False,18,low
10945,False,short,False,False,0.13953488372093023,False,8,high
10946,False,medium,False,False,0.0945945945945946,False,17,low
10947,False,short,False,False,0.047619047619047616,False,11,low
10948,False,medium,False,False,0.18571428571428572,False,15,high
10949,False,short,False,False,0.08571428571428572,False,5,low
10950,False,medium,False,False,0.10843373493975904,False,18,high
10951,False,short,False,False,0.31746031746031744,False,11,high
10952,False,long,False,False,0.034482758620689655,False,19,low
10953,False,medium,False,False,0.19540229885057472,False,13,high
10954,False,medium,False,False,0.2857142857142857,False,16,high
10955,False,long,False,False,0.031914893617021274,False,21,low
10956,False,short,False,False,0.1935483870967742,False,4,high
10957,False,long,False,False,0.043010752688172046,False,21,low
10958,False,short,False,False,0.05405405405405406,False,10,low
10959,False,long,False,True,0.056818181818181816,False,20,low
10960,False,medium,False,False,0.0,False,14,none
10961,False,medium,False,False,0.1588785046728972,False,17,high
10962,False,long,False,True,0.023255813953488372,False,21,low
10963,False,medium,False,False,0.08333333333333333,False,16,low
10964,False,short,False,False,0.13953488372093023,False,7,high
10965,True,long,False,False,0.02912621359223301,False,22,low
10966,False,short,False,True,0.25862068965517243,False,11,high
10967,False,long,False,False,0.26373626373626374,False,19,high
10968,False,short,False,False,0.41025641025641024,False,9,high
10969,False,medium,False,False,0.045454545454545456,False,18,low
10970,True,long,False,False,0.050505050505050504,False,24,low
10971,False,long,False,True,0.24719101123595505,False,23,high
10972,False,long,False,False,0.06930693069306931,False,24,low
10973,False,long,False,True,0.07,False,22,low
10974,False,long,False,False,0.1038961038961039,False,19,high
10975,False,short,False,False,0.029411764705882353,False,11,low
10976,False,medium,False,False,0.0410958904109589,False,18,low
10977,False,short,False,False,0.03636363636363636,False,12,low
10978,False,medium,False,False,0.03614457831325301,False,14,low
10979,False,medium,False,False,0.7222222222222222,False,16,high
10980,False,long,False,False,0.38461538461538464,False,19,high
10981,False,short,False,False,0.0625,False,9,low
10982,False,long,True,True,0.05263157894736842,False,21,low
10983,False,long,False,False,0.02702702702702703,False,23,low
10984,False,long,False,False,0.09090909090909091,False,20,low
10985,False,medium,False,False,0.8309859154929577,False,15,high
10986,False,long,False,False,0.14634146341463414,False,19,high
10987,False,short,False,False,0.125,False,9,high
10988,False,long,False,False,0.12048192771084337,False,21,high
10989,True,long,False,False,0.056818181818181816,False,19,low
10990,False,short,False,False,0.23529411764705882,False,6,high
10991,False,short,False,True,0.047619047619047616,False,10,low
10992,False,long,False,False,0.041237113402061855,False,25,low
10993,False,short,False,False,0.10714285714285714,False,6,high
10994,False,short,False,False,0.0851063829787234,False,11,low
10995,False,medium,False,False,0.07792207792207792,False,16,low
10996,False,short,False,True,0.08333333333333333,False,11,low
10997,False,short,False,False,0.2,False,6,high
10998,False,long,False,False,0.011904761904761904,False,22,low
10999,False,long,False,True,0.04938271604938271,False,19,low
11000,False,short,False,False,0.17647058823529413,False,10,high
11001,False,long,False,False,0.0,False,21,none
11002,True,short,False,False,0.034482758620689655,False,10,low
11003,False,medium,False,False,0.0989010989010989,False,15,low
11004,False,medium,False,True,0.16176470588235295,False,16,high
11005,True,medium,False,False,0.01639344262295082,False,17,low
11006,False,short,False,False,0.18421052631578946,False,5,high
11007,False,medium,False,False,0.0625,False,16,low
11008,False,long,False,True,0.20224719101123595,False,22,high
11009,False,medium,False,False,0.2,False,16,high
11010,False,short,False,False,0.08823529411764706,False,9,low
11011,False,long,False,False,0.022988505747126436,False,19,low
11012,False,medium,False,False,0.4,False,13,high
11013,False,medium,False,False,0.09574468085106383,False,18,low
11014,False,medium,True,True,0.020833333333333332,False,17,low
11015,False,short,False,False,0.22535211267605634,False,11,high
11016,False,short,False,False,0.12048192771084337,False,12,high
11017,False,medium,False,False,0.09473684210526316,False,15,low
11018,False,short,False,True,0.05405405405405406,False,10,low
11019,False,long,False,False,0.08,False,19,low
11020,False,medium,False,False,0.05660377358490566,False,14,low
11021,False,medium,False,False,0.1038961038961039,False,16,high
11022,False,short,False,False,0.07017543859649122,False,12,low
11023,False,medium,False,False,0.06349206349206349,False,13,low
11024,False,medium,False,False,0.12048192771084337,False,17,high
11025,False,medium,False,False,0.06172839506172839,False,15,low
11026,False,medium,False,True,0.024691358024691357,False,13,low
11027,False,medium,False,True,0.07692307692307693,False,13,low
11028,False,medium,False,True,0.07692307692307693,False,16,low
11029,True,short,False,False,0.3076923076923077,False,4,high
11030,False,short,False,False,0.11320754716981132,False,11,high
11031,False,short,False,False,0.08333333333333333,False,3,low
11032,False,medium,False,False,0.05263157894736842,False,18,low
11033,False,short,False,False,0.027777777777777776,False,5,low
11034,False,short,False,False,0.07692307692307693,False,8,low
11035,False,medium,True,True,0.014285714285714285,False,18,low
11036,False,medium,False,True,0.09210526315789473,False,17,low
11037,False,short,False,False,0.041666666666666664,False,10,low
11038,False,medium,False,False,0.011494252873563218,False,14,low
11039,False,short,False,False,0.125,False,4,high
11040,False,long,False,False,0.0,False,21,none
11041,False,long,False,False,0.05,False,19,low
11042,False,long,True,True,0.03896103896103896,False,21,low
11043,False,medium,False,False,0.04938271604938271,False,15,low
11044,False,medium,False,False,0.1388888888888889,False,15,high
11045,False,long,False,False,0.060240963855421686,False,19,low
11046,False,short,False,False,0.0,False,9,none
11047,False,short,False,False,0.041666666666666664,False,7,low
11048,False,short,False,False,0.07692307692307693,False,12,low
11049,False,long,False,True,0.11904761904761904,False,20,high
11050,False,long,False,True,0.05,False,19,low
11051,False,long,False,False,0.011111111111111112,False,19,low
11052,False,short,False,False,0.08333333333333333,False,5,low
11053,False,short,True,False,0.021739130434782608,False,10,low
11054,False,short,False,False,0.12280701754385964,False,11,high
11055,False,long,False,False,0.037037037037037035,False,20,low
11056,False,short,False,False,0.09090909090909091,False,7,low
11057,False,long,False,False,0.07368421052631578,False,24,low
11058,False,long,False,True,0.052083333333333336,False,22,low
11059,False,medium,False,False,0.016129032258064516,False,14,low
11060,False,short,False,False,1.0,False,7,high
11061,False,medium,False,False,0.04054054054054054,False,14,low
11062,True,short,False,False,0.22018348623853212,False,12,high
11063,False,medium,False,True,0.031914893617021274,False,18,low
11064,False,medium,False,False,0.16279069767441862,False,16,high
11065,True,medium,False,True,0.05084745762711865,False,14,low
11066,False,short,False,False,0.06521739130434782,False,9,low
11067,False,long,True,False,0.030612244897959183,False,22,low
11068,False,short,False,False,0.16279069767441862,False,3,high
11069,False,long,True,False,0.03669724770642202,False,24,low
11070,False,short,False,False,0.12903225806451613,False,11,high
11071,False,short,False,False,0.16393442622950818,False,11,high
11072,False,short,False,False,0.06976744186046512,False,11,low
11073,False,medium,False,False,0.10126582278481013,False,18,high
11074,False,medium,False,False,0.05,False,18,low
11075,False,medium,False,False,0.19318181818181818,False,18,high
11076,False,medium,False,False,0.059322033898305086,False,18,low
11077,False,long,False,False,0.02857142857142857,False,23,low
11078,False,long,False,False,0.021739130434782608,False,21,low
11079,False,long,False,False,0.05714285714285714,False,20,low
11080,False,medium,True,True,0.0425531914893617,False,18,low
11081,False,short,False,False,0.17391304347826086,False,10,high
11082,False,short,False,False,0.17142857142857143,False,12,high
11083,False,long,False,False,0.06666666666666667,False,24,low
11084,False,medium,False,False,0.11904761904761904,False,18,high
11085,False,medium,False,False,0.13253012048192772,False,14,high
11086,False,short,False,False,0.08163265306122448,False,11,low
11087,False,short,False,False,0.0,False,7,none
11088,False,long,False,True,0.0898876404494382,False,21,low
11089,False,medium,False,True,0.08888888888888889,False,16,low
11090,False,medium,False,False,0.08064516129032258,False,17,low
11091,False,medium,False,False,0.028037383177570093,False,18,low
11092,False,medium,False,False,0.0,False,14,none
11093,False,medium,False,False,0.05714285714285714,False,17,low
11094,False,medium,False,True,0.03389830508474576,False,16,low
11095,False,medium,False,False,0.058823529411764705,False,16,low
11096,False,short,False,False,0.029411764705882353,False,8,low
11097,False,long,False,True,0.047058823529411764,False,24,low
11098,False,medium,False,False,0.13580246913580246,False,17,high
11099,False,medium,False,True,0.03508771929824561,True,13,low
11100,False,long,False,True,0.08695652173913043,False,22,low
11101,True,long,False,True,0.02857142857142857,False,29,low
11102,False,short,False,False,0.05660377358490566,False,11,low
11103,False,short,False,False,0.04838709677419355,False,12,low
11104,False,medium,False,False,0.04504504504504504,False,14,low
11105,False,medium,False,False,0.0673076923076923,False,18,low
11106,False,short,False,False,0.045454545454545456,False,4,low
11107,False,short,False,False,0.09090909090909091,False,6,low
11108,True,short,False,False,0.08928571428571429,True,8,low
11109,False,long,False,False,0.0,False,19,none
11110,False,long,False,False,0.08974358974358974,False,20,low
11111,False,long,False,True,0.09259259259259259,False,25,low
11112,False,long,False,False,0.13157894736842105,False,22,high
11113,False,medium,False,False,0.11842105263157894,False,13,high
11114,False,short,False,False,0.04054054054054054,False,10,low
11115,False,long,True,False,0.021505376344086023,False,20,low
11116,False,medium,False,False,0.10526315789473684,False,18,high
11117,False,long,False,True,0.08695652173913043,False,20,low
11118,False,short,False,False,0.018518518518518517,False,6,low
11119,False,medium,False,True,0.028169014084507043,False,15,low
11120,False,medium,False,False,0.047619047619047616,False,16,low
11121,False,long,False,False,0.030927835051546393,False,23,low
11122,False,long,False,False,0.03260869565217391,False,20,low
11123,False,short,False,False,0.030303030303030304,False,4,low
11124,False,short,False,False,0.15,False,9,high
11125,False,long,False,False,0.06422018348623854,False,19,low
11126,False,medium,False,False,0.0759493670886076,False,14,low
11127,False,short,False,False,0.017241379310344827,False,12,low
11128,False,long,False,False,0.0380952380952381,False,26,low
11129,False,medium,False,False,0.058823529411764705,False,18,low
11130,False,short,False,False,0.08450704225352113,False,7,low
11131,False,short,False,False,0.25,False,4,high
11132,False,long,False,False,0.05217391304347826,False,25,low
11133,False,short,False,False,0.14864864864864866,False,10,high
11134,False,short,False,False,0.05,False,8,low
11135,False,short,False,False,0.05555555555555555,False,6,low
11136,False,medium,False,False,0.04838709677419355,False,13,low
11137,False,short,False,False,0.1111111111111111,False,7,high
11138,False,short,False,False,0.08771929824561403,False,10,low
11139,False,short,False,False,0.012345679012345678,False,11,low
11140,False,long,False,False,0.03409090909090909,False,22,low
11141,False,long,False,True,0.047058823529411764,False,20,low
11142,False,long,False,False,0.020833333333333332,False,25,low
11143,False,short,False,False,0.04918032786885246,False,10,low
11144,False,long,False,False,0.038834951456310676,False,22,low
11145,False,short,False,False,0.13157894736842105,False,6,high
11146,False,medium,False,False,0.09278350515463918,False,15,low
11147,False,long,True,True,0.021505376344086023,False,20,low
11148,False,short,False,False,0.1095890410958904,False,12,high
11149,False,medium,False,False,0.8214285714285714,False,18,high
11150,False,long,False,True,0.0784313725490196,False,22,low
11151,False,long,False,False,0.07692307692307693,False,19,low
11152,True,long,False,False,0.024390243902439025,False,21,low
11153,False,long,False,True,0.05504587155963303,False,24,low
11154,False,short,False,False,0.19047619047619047,False,5,high
11155,False,medium,False,True,0.2112676056338028,False,18,high
11156,False,medium,False,False,0.21428571428571427,False,14,high
11157,True,long,False,False,0.019801980198019802,False,21,low
11158,False,long,False,False,0.056179775280898875,False,25,low
11159,False,long,False,False,0.05319148936170213,False,20,low
11160,False,short,False,False,0.13333333333333333,False,6,high
11161,False,short,False,False,0.03225806451612903,False,7,low
11162,False,medium,False,False,0.24561403508771928,False,13,high
11163,False,medium,False,False,0.03896103896103896,False,17,low
11164,False,short,False,False,0.0,False,12,none
11165,True,medium,False,False,0.22058823529411764,False,14,high
11166,False,medium,False,True,0.07042253521126761,False,17,low
11167,False,medium,False,False,0.06172839506172839,False,14,low
11168,False,short,False,False,0.0,False,3,none
11169,True,medium,False,False,0.4461538461538462,False,16,high
11170,False,medium,False,False,0.07526881720430108,False,16,low
11171,False,medium,False,False,0.056179775280898875,False,18,low
11172,False,long,False,False,0.0425531914893617,False,19,low
11173,False,medium,False,False,0.07462686567164178,False,14,low
11174,False,medium,False,False,0.11594202898550725,False,18,high
11175,False,short,False,False,0.5,False,9,high
11176,False,medium,False,False,0.11290322580645161,False,14,high
11177,False,long,False,False,0.24175824175824176,False,23,high
11178,False,short,False,False,1.0,False,11,high
11179,False,short,False,False,0.2,False,9,high
11180,False,medium,False,False,0.18461538461538463,False,13,high
11181,False,long,False,False,0.08791208791208792,False,21,low
11182,False,short,False,False,0.043478260869565216,False,10,low
11183,False,short,False,False,0.4050632911392405,False,7,high
11184,False,long,False,False,0.08695652173913043,False,22,low
11185,False,short,False,False,0.03571428571428571,False,8,low
11186,False,medium,False,False,0.08064516129032258,False,14,low
11187,False,short,False,False,0.0196078431372549,False,12,low
11188,False,medium,False,False,0.017857142857142856,False,13,low
11189,False,medium,False,True,1.0,False,17,high
11190,False,long,False,False,0.0594059405940594,False,21,low
11191,False,medium,False,False,0.0875,False,15,low
11192,False,short,False,False,0.0379746835443038,False,12,low
11193,False,medium,False,False,0.08974358974358974,False,15,low
11194,False,long,False,False,0.057692307692307696,False,24,low
11195,False,medium,False,True,0.023529411764705882,False,15,low
11196,False,short,False,False,0.2631578947368421,False,10,high
11197,False,long,False,False,0.08421052631578947,False,21,low
11198,False,long,False,False,0.05454545454545454,False,20,low
11199,False,short,False,False,0.12244897959183673,False,11,high
11200,True,long,False,False,0.0392156862745098,False,24,low
11201,False,medium,False,False,0.0,False,14,none
11202,False,short,False,False,0.125,False,7,high
11203,False,short,False,False,0.21666666666666667,False,10,high
11204,False,long,False,False,0.044444444444444446,False,20,low
11205,True,long,False,False,0.011627906976744186,False,24,low
11206,False,short,False,False,0.18867924528301888,False,7,high
11207,False,medium,False,False,0.1511627906976744,False,14,high
11208,False,medium,False,False,0.05555555555555555,False,18,low
11209,False,medium,False,False,0.014084507042253521,False,13,low
11210,False,long,False,False,0.07368421052631578,False,24,low
11211,False,short,False,False,0.06521739130434782,False,12,low
11212,False,short,False,True,0.07142857142857142,False,6,low
11213,False,short,False,False,0.0,False,10,none
11214,True,medium,False,False,0.02531645569620253,False,14,low
11215,False,short,False,False,0.04081632653061224,False,12,low
11216,False,medium,False,False,0.08196721311475409,False,13,low
11217,False,short,False,False,0.017857142857142856,False,10,low
11218,False,long,False,False,0.023529411764705882,False,24,low
11219,True,medium,False,False,0.0821917808219178,False,18,low
11220,False,short,False,False,0.11538461538461539,False,10,high
11221,True,medium,False,False,0.225,False,15,high
11222,False,medium,False,False,0.03409090909090909,False,18,low
11223,False,short,False,False,0.03125,False,5,low
11224,False,medium,False,False,0.0410958904109589,False,18,low
11225,False,short,False,False,0.06060606060606061,False,9,low
11226,False,medium,False,False,0.021052631578947368,False,16,low
11227,False,short,False,False,0.12,False,5,high
11228,False,long,False,False,0.13924050632911392,False,20,high
11229,False,short,False,False,0.24193548387096775,False,10,high
11230,False,long,False,False,0.0,False,22,none
11231,False,medium,False,False,0.08571428571428572,False,14,low
11232,False,short,False,False,0.13043478260869565,False,11,high
11233,False,medium,True,True,0.06666666666666667,False,15,low
11234,False,short,False,False,0.058823529411764705,False,12,low
11235,False,medium,False,False,0.14285714285714285,False,13,high
11236,False,long,True,True,0.14444444444444443,False,20,high
11237,False,short,False,False,0.08333333333333333,False,7,low
11238,False,short,False,False,0.041666666666666664,False,10,low
11239,False,medium,False,False,0.08771929824561403,False,13,low
11240,False,medium,False,False,0.07407407407407407,False,16,low
11241,False,medium,False,False,0.056338028169014086,False,17,low
11242,False,short,False,False,0.05,False,5,low
11243,False,medium,False,True,0.15517241379310345,False,14,high
11244,False,medium,False,False,0.046153846153846156,False,13,low
11245,False,medium,False,False,0.0410958904109589,False,15,low
11246,False,short,False,False,0.08,False,9,low
11247,False,short,False,False,0.058823529411764705,False,8,low
11248,False,short,False,False,0.08791208791208792,False,12,low
11249,False,medium,False,False,0.013513513513513514,False,15,low
11250,False,medium,False,False,0.05154639175257732,False,17,low
11251,False,short,False,False,0.13043478260869565,False,7,high
11252,False,long,False,True,0.06521739130434782,False,19,low
11253,False,long,False,False,0.2,False,22,high
11254,False,short,False,False,0.034482758620689655,False,5,low
11255,False,short,False,True,0.11363636363636363,False,10,high
11256,True,long,False,False,0.02830188679245283,False,20,low
11257,False,short,False,True,0.1518987341772152,False,12,high
11258,False,medium,False,False,0.07608695652173914,False,15,low
11259,False,medium,False,False,0.08108108108108109,False,14,low
11260,False,short,False,False,0.07692307692307693,False,10,low
11261,False,medium,False,False,0.08064516129032258,False,15,low
11262,False,medium,False,False,0.043478260869565216,False,13,low
11263,False,short,False,False,0.06666666666666667,False,4,low
11264,False,long,False,True,0.045454545454545456,False,24,low
11265,False,medium,False,False,0.016666666666666666,False,18,low
11266,False,long,False,False,0.04597701149425287,False,28,low
11267,False,long,False,False,0.04395604395604396,False,19,low
11268,False,short,False,False,0.16666666666666666,False,5,high
11269,False,medium,False,False,0.0963855421686747,False,18,low
11270,False,medium,False,False,0.061855670103092786,False,18,low
11271,False,long,False,True,0.05504587155963303,False,20,low
11272,False,medium,False,False,0.1590909090909091,False,14,high
11273,False,short,False,False,0.043478260869565216,False,5,low
11274,False,short,False,False,0.13559322033898305,False,12,high
11275,False,medium,False,False,0.08955223880597014,False,13,low
11276,False,long,True,False,0.02857142857142857,False,25,low
11277,False,medium,False,True,0.02702702702702703,False,17,low
11278,False,short,False,False,0.034482758620689655,False,10,low
11279,False,short,False,False,0.07272727272727272,False,7,low
11280,False,medium,False,False,0.16842105263157894,False,14,high
11281,False,short,False,False,0.08333333333333333,False,7,low
11282,False,medium,False,True,0.030303030303030304,False,16,low
11283,False,medium,False,False,0.010869565217391304,False,18,low
11284,False,long,False,False,0.11494252873563218,False,19,high
11285,False,medium,False,False,0.056338028169014086,False,15,low
11286,False,long,False,False,0.037383177570093455,False,21,low
11287,False,long,False,False,0.08888888888888889,False,24,low
11288,False,medium,False,False,0.05434782608695652,False,15,low
11289,False,short,False,False,0.09259259259259259,False,11,low
11290,False,short,False,False,0.08571428571428572,False,6,low
11291,False,long,False,True,0.06060606060606061,False,23,low
11292,False,medium,False,False,0.07142857142857142,False,18,low
11293,False,short,False,False,0.021739130434782608,False,11,low
11294,False,short,False,False,0.1,False,11,low
11295,False,short,False,False,0.17391304347826086,False,7,high
11296,False,long,False,False,0.05454545454545454,False,24,low
11297,False,short,False,False,0.14035087719298245,False,10,high
11298,False,short,False,False,0.12121212121212122,False,5,high
11299,False,medium,False,False,0.21621621621621623,False,17,high
11300,False,long,False,False,0.08035714285714286,False,23,low
11301,False,medium,False,False,0.047619047619047616,False,17,low
11302,False,short,False,False,0.06578947368421052,False,10,low
11303,False,short,False,False,0.07407407407407407,False,9,low
11304,False,medium,False,False,0.04938271604938271,False,14,low
11305,False,medium,False,False,0.03529411764705882,False,15,low
11306,False,medium,False,False,0.046511627906976744,False,17,low
11307,True,short,False,False,0.02040816326530612,False,7,low
11308,False,medium,False,True,0.06097560975609756,False,16,low
11309,False,medium,False,False,0.03260869565217391,False,16,low
11310,False,long,True,True,0.07954545454545454,False,22,low
11311,False,long,True,False,0.0196078431372549,False,23,low
11312,False,medium,False,False,0.057971014492753624,False,17,low
11313,False,long,False,False,0.02654867256637168,False,24,low
11314,False,short,False,True,0.02040816326530612,False,12,low
11315,False,medium,False,False,0.13333333333333333,False,13,high
11316,False,short,False,True,0.14516129032258066,False,10,high
11317,False,medium,False,False,0.07894736842105263,False,17,low
11318,False,short,False,False,0.10810810810810811,False,6,high
11319,False,short,False,False,0.03636363636363636,False,9,low
11320,False,short,False,False,0.05128205128205128,False,8,low
11321,False,medium,False,False,0.11956521739130435,False,14,high
11322,False,medium,False,False,0.03488372093023256,False,17,low
11323,False,long,False,False,0.0380952380952381,False,25,low
11324,False,short,False,False,0.0,False,12,none
11325,False,short,False,False,0.08695652173913043,False,11,low
11326,False,short,False,False,0.06382978723404255,False,7,low
11327,False,short,False,False,0.08695652173913043,False,10,low
11328,False,medium,False,False,0.01282051282051282,False,13,low
11329,False,medium,False,False,0.09302325581395349,False,17,low
11330,False,short,False,False,0.0,True,6,none
11331,False,medium,False,False,0.03333333333333333,False,14,low
11332,False,medium,False,False,0.053763440860215055,False,18,low
11333,False,medium,False,False,0.06172839506172839,False,15,low
11334,False,long,False,False,0.06976744186046512,False,19,low
11335,False,medium,False,False,0.0,False,14,none
11336,False,short,False,False,0.13043478260869565,False,10,high
11337,False,short,False,False,0.1,False,5,low
11338,False,medium,False,False,0.11842105263157894,False,15,high
11339,False,short,False,False,0.0,False,4,none
11340,False,short,False,False,0.0,False,9,none
11341,False,long,False,False,0.019801980198019802,False,19,low
11342,False,medium,False,False,0.0,False,14,none
11343,False,long,True,True,0.08139534883720931,False,19,low
11344,False,long,False,False,0.09523809523809523,False,22,low
11345,False,short,False,False,0.07692307692307693,False,3,low
11346,False,short,False,False,0.18518518518518517,False,4,high
11347,True,medium,False,False,0.05555555555555555,False,14,low
11348,False,short,False,True,0.18867924528301888,False,11,high
11349,False,long,False,False,0.17708333333333334,False,20,high
11350,False,long,False,False,0.009523809523809525,False,20,low
11351,False,medium,False,False,0.1375,False,15,high
11352,False,long,True,False,0.10344827586206896,False,23,high
11353,False,long,False,False,0.030927835051546393,False,28,low
11354,False,short,False,False,0.11320754716981132,False,11,high
11355,False,short,False,False,0.06060606060606061,False,10,low
11356,False,long,False,False,0.056179775280898875,False,21,low
11357,False,long,False,False,0.09259259259259259,False,19,low
11358,False,medium,False,False,0.01,False,16,low
11359,False,medium,False,False,0.011627906976744186,False,18,low
11360,False,medium,False,False,0.05172413793103448,False,13,low
11361,True,medium,False,False,0.08641975308641975,False,15,low
11362,False,long,False,False,0.037037037037037035,False,23,low
11363,False,long,True,True,0.03296703296703297,False,21,low
11364,False,short,False,False,0.06349206349206349,False,11,low
11365,False,short,False,False,0.8833333333333333,False,12,high
11366,False,medium,True,False,0.08,False,16,low
11367,False,short,False,True,0.06666666666666667,False,9,low
11368,True,short,False,False,0.1,False,11,low
11369,False,long,False,False,0.041666666666666664,False,20,low
11370,False,long,False,True,0.037037037037037035,False,19,low
11371,False,short,False,True,0.13725490196078433,False,9,high
11372,False,short,False,False,0.26666666666666666,False,9,high
11373,False,short,False,True,0.0,False,12,none
11374,False,short,False,False,0.075,False,8,low
11375,False,short,False,False,0.10344827586206896,False,11,high
11376,False,medium,False,False,0.1125,False,17,high
11377,False,medium,False,True,0.057971014492753624,False,16,low
11378,False,short,False,False,0.06666666666666667,False,7,low
11379,False,medium,False,True,0.05813953488372093,False,18,low
11380,False,long,False,True,0.061855670103092786,False,21,low
11381,False,medium,False,False,0.24719101123595505,False,15,high
11382,False,short,False,False,0.07894736842105263,False,8,low
11383,True,long,False,True,0.043010752688172046,False,19,low
11384,False,medium,False,False,0.061224489795918366,False,13,low
11385,True,short,False,False,0.10714285714285714,False,11,high
11386,True,short,False,False,0.3,False,8,high
11387,False,medium,False,False,0.14457831325301204,False,14,high
11388,False,short,False,False,0.06578947368421052,False,11,low
11389,False,medium,False,False,0.0641025641025641,False,14,low
11390,False,medium,False,False,0.0,False,17,none
11391,True,short,False,False,0.1282051282051282,False,7,high
11392,False,medium,False,False,0.1375,False,15,high
11393,False,medium,True,False,0.030927835051546393,False,17,low
11394,False,short,False,False,0.057692307692307696,False,10,low
11395,False,short,False,True,0.031746031746031744,False,12,low
11396,False,medium,False,False,0.15942028985507245,False,13,high
11397,False,short,False,False,0.20454545454545456,False,9,high
11398,False,long,True,True,0.01,False,24,low
11399,False,long,False,True,0.020833333333333332,False,20,low
11400,False,short,True,False,0.017543859649122806,False,11,low
11401,False,short,False,False,0.13513513513513514,False,9,high
11402,False,medium,False,False,0.08974358974358974,False,14,low
11403,False,short,False,False,0.05128205128205128,False,8,low
11404,False,short,False,False,0.14285714285714285,False,10,high
11405,False,long,False,False,0.04854368932038835,False,25,low
11406,False,medium,True,False,0.03529411764705882,False,16,low
11407,False,long,False,False,0.056179775280898875,False,23,low
11408,False,short,False,False,0.05357142857142857,False,11,low
11409,False,short,False,False,0.08333333333333333,False,7,low
11410,False,medium,False,False,0.1651376146788991,False,16,high
11411,False,medium,False,False,0.17073170731707318,False,14,high
11412,False,short,False,False,0.13114754098360656,False,11,high
11413,False,short,False,True,0.22857142857142856,False,7,high
11414,False,short,False,False,0.18181818181818182,False,4,high
11415,False,medium,False,False,0.034482758620689655,False,14,low
11416,False,medium,False,False,0.04819277108433735,False,14,low
11417,False,long,True,True,0.028846153846153848,False,30,low
11418,True,medium,False,False,0.08536585365853659,False,17,low
11419,False,short,False,False,0.03333333333333333,False,9,low
11420,False,short,False,True,0.05357142857142857,False,12,low
11421,False,medium,False,False,0.05555555555555555,False,18,low
11422,False,long,False,False,0.0782608695652174,False,22,low
11423,False,long,False,False,0.05405405405405406,False,23,low
11424,False,medium,False,False,0.06,False,14,low
11425,False,long,False,False,0.046296296296296294,False,19,low
11426,False,medium,False,False,0.08695652173913043,False,17,low
11427,False,medium,False,False,0.3709677419354839,False,18,high
11428,False,long,True,True,0.012658227848101266,False,20,low
11429,False,medium,False,False,0.013333333333333334,False,16,low
11430,True,long,False,False,0.022727272727272728,False,20,low
11431,False,short,False,False,0.2727272727272727,False,4,high
11432,False,medium,False,False,0.10714285714285714,False,14,high
11433,True,short,False,False,0.7037037037037037,False,7,high
11434,False,short,False,False,0.043478260869565216,False,6,low
11435,False,short,False,False,0.06862745098039216,False,10,low
11436,False,short,False,True,0.0,False,6,none
11437,True,long,False,False,0.07920792079207921,False,22,low
11438,False,medium,False,False,0.02531645569620253,False,13,low
11439,False,long,False,False,0.034482758620689655,False,19,low
11440,False,medium,False,False,0.011363636363636364,False,16,low
11441,False,medium,False,False,0.04054054054054054,False,17,low
11442,False,medium,False,True,0.9646017699115044,False,17,high
11443,False,medium,False,False,0.17142857142857143,False,13,high
11444,False,long,False,False,0.024691358024691357,False,21,low
11445,False,short,False,False,0.1375,False,12,high
11446,True,short,False,False,0.07692307692307693,False,5,low
11447,False,medium,False,False,0.041666666666666664,False,14,low
11448,True,short,False,False,0.06060606060606061,False,12,low
11449,False,long,False,False,0.10256410256410256,False,20,high
11450,False,short,False,False,0.16666666666666666,False,9,high
11451,False,medium,False,True,0.022988505747126436,False,18,low
11452,False,short,False,False,0.13793103448275862,False,8,high
11453,False,medium,False,False,0.1958762886597938,False,15,high
11454,False,short,False,False,0.14,False,10,high
11455,False,short,False,False,0.14,False,8,high
11456,False,long,False,True,0.06382978723404255,False,23,low
11457,False,short,False,False,0.07142857142857142,False,8,low
11458,True,long,False,False,0.014285714285714285,False,22,low
11459,False,short,False,False,0.05084745762711865,False,11,low
11460,False,medium,True,False,0.04878048780487805,False,17,low
11461,False,medium,False,False,0.07058823529411765,False,16,low
11462,False,short,False,False,0.06666666666666667,False,12,low
11463,False,long,False,False,0.25,False,22,high
11464,False,short,False,False,0.07142857142857142,False,6,low
11465,False,long,False,True,0.05217391304347826,False,23,low
11466,False,short,False,False,0.8666666666666667,False,11,high
11467,False,medium,False,False,0.07462686567164178,False,13,low
11468,False,long,False,True,0.044642857142857144,False,19,low
11469,False,short,False,False,0.17391304347826086,False,6,high
11470,False,long,False,False,0.04081632653061224,False,20,low
11471,False,short,False,False,0.04081632653061224,False,12,low
11472,False,medium,False,False,0.1044776119402985,False,13,high
11473,False,short,False,False,0.028985507246376812,False,10,low
11474,False,medium,False,False,0.23943661971830985,False,14,high
11475,False,short,False,False,0.047619047619047616,False,4,low
11476,False,short,False,True,0.057971014492753624,False,12,low
11477,False,short,False,False,0.12903225806451613,False,8,high
11478,False,medium,False,False,0.10714285714285714,False,17,high
11479,False,medium,False,True,0.09090909090909091,False,17,low
11480,False,medium,False,False,0.13793103448275862,False,14,high
11481,False,long,False,False,0.047619047619047616,False,20,low
11482,True,long,False,False,0.009615384615384616,False,22,low
11483,True,medium,False,False,0.011904761904761904,False,17,low
11484,False,long,False,False,0.018691588785046728,False,20,low
11485,False,short,False,False,0.10204081632653061,False,7,high
11486,False,medium,False,False,0.05,False,13,low
11487,False,short,False,False,0.208955223880597,False,11,high
11488,False,short,False,False,0.07142857142857142,False,9,low
11489,False,short,True,False,0.1504424778761062,False,12,high
11490,False,long,False,False,0.02247191011235955,False,22,low
11491,False,long,False,False,0.1794871794871795,False,19,high
11492,False,long,True,False,0.05434782608695652,False,20,low
11493,False,short,False,False,0.0,False,12,none
11494,False,medium,False,False,0.09722222222222222,False,13,low
11495,False,long,False,False,0.07692307692307693,False,19,low
11496,False,medium,False,False,0.04878048780487805,False,16,low
11497,False,long,False,False,0.06666666666666667,False,21,low
11498,False,long,False,True,0.046511627906976744,False,19,low
11499,False,long,True,True,0.10112359550561797,False,20,high
11500,False,long,False,False,0.06382978723404255,False,20,low
11501,False,short,False,False,0.2222222222222222,False,12,high
11502,False,short,False,False,0.2222222222222222,False,8,high
11503,False,short,False,False,0.041666666666666664,False,11,low
11504,False,medium,False,True,0.05084745762711865,False,15,low
11505,False,short,False,False,0.015873015873015872,False,11,low
11506,False,medium,False,False,0.04395604395604396,False,14,low
11507,False,long,False,True,0.018867924528301886,False,23,low
11508,False,short,False,False,0.09375,False,11,low
11509,False,long,False,True,0.0,False,19,none
11510,False,medium,False,False,0.08333333333333333,False,14,low
11511,False,long,False,False,0.050505050505050504,False,22,low
11512,False,short,False,False,0.15789473684210525,False,11,high
11513,False,long,False,True,0.04819277108433735,False,21,low
11514,False,long,False,False,0.01020408163265306,False,25,low
11515,False,long,False,False,0.07291666666666667,True,22,low
11516,False,medium,False,False,0.10989010989010989,False,18,high
11517,True,short,False,False,0.0,False,7,none
11518,False,medium,False,False,0.09523809523809523,False,15,low
11519,False,medium,False,False,0.1206896551724138,False,14,high
11520,False,short,False,True,0.0967741935483871,False,7,low
11521,False,long,False,True,0.0,False,20,none
11522,False,long,False,False,0.03669724770642202,False,19,low
11523,False,long,False,False,0.06363636363636363,False,22,low
11524,False,short,False,False,0.024390243902439025,False,8,low
11525,False,long,True,False,0.0425531914893617,False,20,low
11526,False,medium,False,False,0.039473684210526314,False,16,low
11527,False,long,False,False,0.08888888888888889,False,21,low
11528,False,short,False,False,0.043478260869565216,False,5,low
11529,False,short,False,False,0.038461538461538464,False,6,low
11530,False,medium,False,False,0.10526315789473684,False,15,high
11531,False,medium,False,True,0.18823529411764706,False,16,high
11532,False,long,False,False,0.07777777777777778,False,20,low
11533,False,short,False,False,0.078125,False,12,low
11534,False,medium,False,False,0.14084507042253522,False,13,high
11535,False,medium,False,False,0.09523809523809523,False,15,low
11536,False,short,False,True,0.3404255319148936,False,8,high
11537,False,short,False,True,0.06666666666666667,False,10,low
11538,False,medium,False,False,0.3023255813953488,False,17,high
11539,True,short,False,False,0.022727272727272728,False,10,low
11540,False,long,False,False,0.018867924528301886,False,25,low
11541,True,long,False,False,0.05263157894736842,False,21,low
11542,False,long,True,True,0.03296703296703297,False,22,low
11543,False,short,False,False,0.12195121951219512,False,5,high
11544,False,medium,False,False,0.15584415584415584,False,13,high
11545,False,long,False,False,0.23711340206185566,False,21,high
11546,False,long,False,True,0.03488372093023256,False,19,low
11547,False,medium,False,False,0.35064935064935066,False,18,high
11548,False,medium,False,False,0.05063291139240506,False,16,low
11549,False,medium,False,False,0.08139534883720931,False,15,low
11550,False,medium,False,False,0.13253012048192772,False,14,high
11551,False,short,False,False,0.15625,False,8,high
11552,False,long,False,True,0.0,False,20,none
11553,False,medium,False,False,0.15492957746478872,False,17,high
11554,False,short,False,False,0.1282051282051282,False,10,high
11555,False,short,False,False,0.2222222222222222,False,7,high
11556,False,medium,False,False,0.022222222222222223,False,18,low
11557,False,long,False,True,0.03333333333333333,False,22,low
11558,False,short,False,False,0.04,False,10,low
11559,False,medium,False,True,0.05970149253731343,False,18,low
11560,False,medium,False,False,0.05970149253731343,False,17,low
11561,False,short,False,False,0.0,False,3,none
11562,True,short,False,False,0.03225806451612903,False,4,low
11563,False,medium,False,True,0.04285714285714286,False,13,low
11564,False,long,False,False,0.12087912087912088,False,20,high
11565,False,long,False,True,0.043478260869565216,False,22,low
11566,True,medium,False,False,0.0449438202247191,False,15,low
11567,False,short,False,False,0.07317073170731707,False,12,low
11568,False,short,False,False,0.04,False,6,low
11569,False,long,True,True,0.029411764705882353,False,21,low
11570,False,short,False,False,0.09523809523809523,False,11,low
11571,False,medium,False,False,0.12941176470588237,False,18,high
11572,False,long,False,False,0.16326530612244897,False,22,high
11573,False,long,False,True,0.08421052631578947,False,20,low
11574,False,short,False,True,0.02040816326530612,False,12,low
11575,False,short,False,False,0.05,False,9,low
11576,False,short,False,False,0.1694915254237288,False,12,high
11577,False,long,False,False,0.012195121951219513,False,19,low
11578,False,short,False,False,0.05555555555555555,True,9,low
11579,False,short,False,False,0.2,False,8,high
11580,False,short,False,False,0.057692307692307696,False,11,low
11581,True,medium,False,False,0.20454545454545456,False,13,high
11582,False,short,False,False,0.027777777777777776,False,7,low
11583,False,long,False,False,0.04040404040404041,False,26,low
11584,False,long,False,False,0.030612244897959183,False,20,low
11585,False,long,False,False,0.027777777777777776,False,19,low
11586,False,medium,False,False,0.011904761904761904,False,18,low
11587,False,short,False,False,0.10204081632653061,False,9,high
11588,False,long,False,True,0.03529411764705882,False,21,low
11589,False,medium,False,False,0.05813953488372093,False,17,low
11590,False,medium,False,False,0.125,False,15,high
11591,False,long,False,False,0.031914893617021274,False,22,low
11592,False,long,True,True,0.0,False,26,none
11593,False,medium,False,False,0.06382978723404255,False,14,low
11594,False,medium,False,False,0.17567567567567569,False,13,high
11595,False,short,False,False,0.17391304347826086,False,9,high
11596,False,long,False,False,0.017391304347826087,False,23,low
11597,False,medium,False,True,0.018518518518518517,False,13,low
11598,False,long,False,True,0.03296703296703297,False,21,low
11599,False,short,False,False,0.16129032258064516,False,12,high
11600,False,short,False,False,0.04081632653061224,False,9,low
11601,False,short,False,False,0.06666666666666667,False,7,low
11602,False,medium,False,False,0.014925373134328358,False,14,low
11603,False,short,False,False,0.04918032786885246,False,11,low
11604,True,long,False,True,0.028846153846153848,False,27,low
11605,False,medium,False,False,0.15873015873015872,False,14,high
11606,False,medium,False,False,0.13432835820895522,False,16,high
11607,False,medium,False,True,0.03389830508474576,False,13,low
11608,False,medium,False,False,0.012658227848101266,False,18,low
11609,False,medium,False,False,0.014925373134328358,False,16,low
11610,False,medium,False,False,0.0625,False,15,low
11611,False,long,False,False,0.0,False,23,none
11612,False,short,False,False,0.20833333333333334,False,6,high
11613,False,medium,False,False,0.125,False,17,high
11614,False,long,True,True,0.336734693877551,False,19,high
11615,False,long,False,False,0.027777777777777776,False,20,low
11616,False,short,False,False,1.0,False,3,high
11617,False,short,False,False,0.022222222222222223,False,8,low
11618,False,long,False,False,0.07547169811320754,False,20,low
11619,False,long,False,True,0.0,False,20,none
11620,False,medium,False,False,0.009708737864077669,False,18,low
11621,False,long,False,True,0.05102040816326531,False,22,low
11622,False,long,False,False,0.12727272727272726,False,21,high
11623,False,medium,False,False,0.043478260869565216,False,15,low
11624,False,medium,False,False,0.1111111111111111,False,15,high
11625,False,long,False,True,0.047058823529411764,False,21,low
11626,False,medium,False,True,0.16923076923076924,False,14,high
11627,False,long,False,False,0.06451612903225806,False,23,low
11628,False,short,False,False,0.046511627906976744,False,11,low
11629,False,long,False,False,0.018691588785046728,False,23,low
11630,False,long,False,True,0.0,False,21,none
11631,False,medium,False,False,0.07692307692307693,False,18,low
11632,False,medium,False,False,0.15151515151515152,False,13,high
11633,False,medium,False,False,0.10204081632653061,False,17,high
11634,False,long,True,False,0.05555555555555555,False,24,low
11635,False,medium,False,False,0.08080808080808081,False,17,low
11636,False,short,False,False,0.12857142857142856,False,11,high
11637,False,short,False,False,0.07142857142857142,False,11,low
11638,False,medium,True,True,0.013157894736842105,False,18,low
11639,False,long,False,False,0.07964601769911504,False,21,low
11640,False,long,False,False,0.009523809523809525,False,22,low
11641,True,medium,False,False,0.2127659574468085,False,18,high
11642,False,short,False,False,0.1267605633802817,False,11,high
11643,False,medium,False,False,0.2647058823529412,False,15,high
11644,False,medium,False,False,0.03296703296703297,False,16,low
11645,False,short,False,False,0.015873015873015872,False,12,low
11646,False,medium,False,True,0.045454545454545456,False,17,low
11647,False,long,False,True,0.04854368932038835,False,24,low
11648,False,short,False,True,0.08771929824561403,False,12,low
11649,False,short,False,False,0.3,False,5,high
11650,False,medium,False,False,0.07142857142857142,False,18,low
11651,False,long,False,False,0.05309734513274336,False,23,low
11652,False,short,False,True,0.3090909090909091,False,12,high
11653,False,long,False,False,0.0297029702970297,False,24,low
11654,False,short,False,False,0.043478260869565216,False,12,low
11655,False,medium,False,False,0.03896103896103896,False,15,low
11656,False,long,False,True,0.04395604395604396,False,22,low
11657,False,medium,False,False,0.12280701754385964,False,13,high
11658,False,short,False,False,0.046511627906976744,False,10,low
11659,False,medium,False,False,0.03488372093023256,False,17,low
11660,False,medium,False,False,0.06060606060606061,False,18,low
11661,False,medium,False,True,0.04,False,18,low
11662,False,long,False,True,0.036585365853658534,False,21,low
11663,False,short,False,False,0.16981132075471697,False,11,high
11664,False,medium,False,False,1.0,False,14,high
11665,False,short,False,False,0.08,False,3,low
11666,False,short,False,False,0.11475409836065574,False,11,high
11667,False,short,False,False,0.16666666666666666,False,10,high
11668,False,long,False,True,0.02727272727272727,False,21,low
11669,False,long,False,True,0.17045454545454544,False,23,high
11670,False,medium,False,True,0.013333333333333334,False,15,low
11671,False,medium,False,False,0.015151515151515152,False,14,low
11672,False,short,False,False,0.5714285714285714,False,9,high
11673,False,long,False,False,0.15730337078651685,False,23,high
11674,False,short,False,False,0.15384615384615385,False,11,high
11675,False,short,False,False,0.0,False,12,none
11676,False,short,False,False,0.06666666666666667,False,7,low
11677,False,medium,False,False,0.07954545454545454,False,13,low
11678,False,medium,False,False,0.1348314606741573,False,16,high
11679,False,medium,False,False,0.14457831325301204,False,18,high
11680,False,medium,False,False,0.16129032258064516,False,13,high
11681,False,long,False,False,0.04819277108433735,False,20,low
11682,False,long,False,False,0.07291666666666667,False,19,low
11683,False,long,False,False,0.03296703296703297,False,20,low
11684,False,medium,False,False,0.1206896551724138,False,14,high
11685,False,long,True,True,0.04878048780487805,False,22,low
11686,False,short,False,False,0.02,False,10,low
11687,False,long,False,False,0.25,False,24,high
11688,False,medium,False,False,0.0,False,13,none
11689,False,short,False,False,0.06666666666666667,False,8,low
11690,False,medium,False,False,0.13095238095238096,False,16,high
11691,False,medium,False,False,0.014084507042253521,False,14,low
11692,False,long,False,False,1.0,False,25,high
11693,False,short,False,False,0.1,False,5,low
11694,False,short,True,False,0.2222222222222222,False,11,high
11695,False,short,False,False,0.12307692307692308,False,11,high
11696,False,long,False,False,0.02654867256637168,False,21,low
11697,False,medium,False,False,0.0,False,16,none
11698,False,long,True,True,0.03333333333333333,False,19,low
11699,False,long,False,False,0.18095238095238095,False,19,high
11700,False,long,False,False,0.04819277108433735,False,21,low
11701,False,short,False,False,0.12987012987012986,False,12,high
11702,False,medium,False,False,0.047619047619047616,False,16,low
11703,False,medium,False,False,0.024691358024691357,False,15,low
11704,False,short,False,False,0.0967741935483871,False,12,low
11705,False,medium,False,False,0.13253012048192772,False,14,high
11706,False,long,False,False,0.058823529411764705,False,20,low
11707,False,short,False,False,0.044444444444444446,False,10,low
11708,False,long,False,False,0.3793103448275862,False,24,high
11709,False,medium,False,False,0.1511627906976744,False,15,high
11710,True,long,False,False,0.009523809523809525,False,29,low
11711,False,medium,False,False,0.020618556701030927,False,14,low
11712,False,long,False,False,0.04597701149425287,False,20,low
11713,False,long,False,True,0.043010752688172046,False,21,low
11714,False,long,False,True,0.041666666666666664,False,20,low
11715,False,short,False,False,0.05128205128205128,False,8,low
11716,True,medium,False,False,0.07462686567164178,False,18,low
11717,False,long,False,True,0.08641975308641975,False,20,low
11718,False,medium,False,False,0.11538461538461539,False,13,high
11719,False,medium,False,False,0.030927835051546393,False,18,low
11720,False,short,False,False,0.038461538461538464,False,5,low
11721,False,medium,False,True,0.014285714285714285,False,16,low
11722,False,short,False,False,0.058823529411764705,False,8,low
11723,False,long,False,False,0.01834862385321101,False,21,low
11724,False,short,False,False,0.1590909090909091,False,7,high
11725,False,medium,False,False,0.07894736842105263,False,17,low
11726,False,long,False,False,0.043010752688172046,False,25,low
11727,False,long,False,False,0.10227272727272728,False,19,high
11728,False,short,False,False,0.17142857142857143,False,9,high
11729,False,long,False,False,0.0,False,22,none
11730,True,long,False,False,0.042105263157894736,False,19,low
11731,False,medium,False,True,0.042105263157894736,False,18,low
11732,False,short,False,False,0.1044776119402985,False,7,high
11733,False,long,False,False,0.03225806451612903,False,24,low
11734,False,short,False,False,0.4857142857142857,False,11,high
11735,False,medium,False,False,0.07142857142857142,False,15,low
11736,False,medium,False,False,0.06578947368421052,False,18,low
11737,False,long,False,False,0.0660377358490566,False,20,low
11738,False,short,False,False,0.3,False,12,high
11739,False,medium,False,False,0.2073170731707317,False,18,high
11740,False,medium,False,False,0.044444444444444446,False,17,low
11741,False,short,False,False,0.1702127659574468,False,11,high
11742,False,medium,False,True,0.08333333333333333,False,15,low
11743,False,medium,False,False,0.14754098360655737,False,14,high
11744,False,medium,False,False,0.046153846153846156,False,17,low
11745,False,short,False,False,0.08163265306122448,False,5,low
11746,False,long,False,False,0.06363636363636363,False,19,low
11747,False,long,False,False,0.09009009009009009,False,24,low
11748,False,medium,False,False,0.1625,False,14,high
11749,False,medium,False,False,0.045454545454545456,False,16,low
11750,False,medium,True,False,0.0136986301369863,False,17,low
11751,False,long,False,True,0.09615384615384616,False,21,low
11752,False,short,False,False,0.0851063829787234,False,7,low
11753,False,short,False,False,0.1509433962264151,False,10,high
11754,False,medium,False,False,0.09090909090909091,False,15,low
11755,False,medium,False,True,0.0,False,15,none
11756,False,short,False,False,0.20588235294117646,False,5,high
11757,False,short,False,False,0.14705882352941177,False,7,high
11758,False,medium,False,False,0.18461538461538463,False,15,high
11759,False,short,True,False,0.10714285714285714,False,6,high
11760,False,long,False,False,0.09821428571428571,False,19,low
11761,False,short,False,False,0.16071428571428573,False,11,high
11762,False,medium,False,False,0.043010752688172046,False,18,low
11763,False,long,False,False,0.00980392156862745,False,19,low
11764,False,short,False,False,0.23529411764705882,False,10,high
11765,False,long,False,True,0.030612244897959183,False,21,low
11766,False,short,False,False,0.1111111111111111,False,6,high
11767,False,long,False,False,0.056818181818181816,False,20,low
11768,False,long,False,False,0.0449438202247191,False,21,low
11769,False,short,False,False,0.13432835820895522,False,7,high
11770,False,short,False,False,0.058823529411764705,False,7,low
11771,False,long,False,False,0.08653846153846154,False,23,low
11772,False,short,False,False,0.0196078431372549,False,7,low
11773,False,medium,False,True,0.08333333333333333,False,14,low
11774,False,medium,True,False,0.05084745762711865,False,17,low
11775,False,short,False,False,0.275,False,4,high
11776,False,short,False,False,0.09375,False,8,low
11777,False,long,False,False,0.2261904761904762,False,20,high
11778,False,short,False,False,0.574468085106383,False,9,high
11779,False,medium,False,True,0.1,False,15,low
11780,False,short,False,False,0.057692307692307696,False,8,low
11781,False,short,False,False,0.1590909090909091,False,8,high
11782,True,medium,False,False,0.09615384615384616,False,14,low
11783,False,long,False,True,0.0375,False,24,low
11784,False,short,False,False,0.1951219512195122,False,6,high
11785,False,long,False,False,0.07407407407407407,False,26,low
11786,False,short,False,False,0.15217391304347827,False,10,high
11787,False,short,False,False,0.038461538461538464,False,12,low
11788,False,long,False,False,0.0,False,20,none
11789,False,short,False,False,0.06382978723404255,False,11,low
11790,False,long,False,False,0.1651376146788991,False,20,high
11791,False,short,False,False,0.0,False,6,none
11792,False,short,False,True,0.07936507936507936,False,11,low
11793,False,medium,False,False,0.15625,False,16,high
11794,False,short,False,False,0.075,False,9,low
11795,False,long,False,False,0.08333333333333333,False,25,low
11796,False,long,False,False,0.22784810126582278,False,19,high
11797,False,short,False,False,0.2,False,6,high
11798,False,short,False,False,0.19444444444444445,False,7,high
11799,True,short,False,False,0.0,False,12,none
11800,False,long,False,False,0.02631578947368421,False,21,low
11801,False,long,False,True,0.02857142857142857,False,26,low
11802,False,short,False,False,0.07936507936507936,False,10,low
11803,True,medium,False,False,0.08256880733944955,False,17,low
11804,False,medium,True,False,0.061224489795918366,False,14,low
11805,False,short,False,False,0.08771929824561403,False,9,low
11806,False,medium,True,False,0.07317073170731707,False,17,low
11807,False,medium,False,False,0.022727272727272728,False,16,low
11808,False,medium,False,True,0.02702702702702703,False,15,low
11809,True,short,False,False,0.14285714285714285,False,9,high
11810,False,medium,False,False,0.31645569620253167,False,17,high
11811,False,medium,False,False,0.047619047619047616,False,13,low
11812,False,short,False,False,0.09433962264150944,False,11,low
11813,False,short,False,False,0.12,False,8,high
11814,False,long,False,False,0.1595744680851064,False,21,high
11815,False,short,False,False,0.1346153846153846,False,11,high
11816,True,short,False,False,0.06779661016949153,False,11,low
11817,False,medium,False,False,0.07936507936507936,False,15,low
11818,False,short,False,False,0.20967741935483872,False,7,high
11819,False,medium,False,True,0.08737864077669903,False,16,low
11820,False,medium,False,True,0.0,False,17,none
11821,False,long,True,False,0.09183673469387756,False,24,low
11822,False,short,False,False,0.05454545454545454,False,10,low
11823,False,medium,False,False,0.11290322580645161,False,14,high
11824,False,short,True,False,0.11428571428571428,False,11,high
11825,False,short,False,False,0.09523809523809523,False,8,low
11826,False,medium,False,False,0.01639344262295082,False,15,low
11827,False,short,False,False,0.03389830508474576,False,12,low
11828,False,medium,False,False,0.10869565217391304,False,17,high
11829,False,medium,False,False,0.023809523809523808,False,15,low
11830,False,medium,False,False,0.06060606060606061,False,17,low
11831,False,short,False,True,0.13157894736842105,False,11,high
11832,False,short,False,False,0.1791044776119403,False,11,high
11833,False,long,False,False,0.09615384615384616,False,19,low
11834,True,short,False,False,0.0,False,9,none
11835,False,short,False,False,0.1111111111111111,False,9,high
11836,False,short,False,False,0.06060606060606061,False,11,low
11837,False,medium,True,True,0.06493506493506493,False,13,low
11838,True,long,False,False,0.039603960396039604,True,29,low
11839,False,medium,True,True,0.07407407407407407,False,13,low
11840,False,short,False,False,0.02564102564102564,False,10,low
11841,True,medium,False,False,0.15517241379310345,False,14,high
11842,False,short,False,False,0.28205128205128205,False,8,high
11843,False,medium,False,False,0.0851063829787234,False,14,low
11844,False,short,False,False,0.10638297872340426,False,12,high
11845,False,short,False,False,0.09090909090909091,False,9,low
11846,False,medium,False,False,0.09259259259259259,False,17,low
11847,False,medium,False,False,0.11363636363636363,False,17,high
11848,False,long,False,False,0.031914893617021274,False,22,low
11849,False,short,False,False,0.08333333333333333,False,10,low
11850,False,medium,False,True,0.029411764705882353,False,18,low
11851,False,medium,False,True,0.05084745762711865,False,15,low
11852,False,medium,False,True,0.14516129032258066,False,17,high
11853,False,medium,False,True,0.013157894736842105,False,14,low
11854,False,short,False,False,0.11290322580645161,False,10,high
11855,False,medium,False,False,0.12280701754385964,False,14,high
11856,False,short,False,False,0.03508771929824561,False,10,low
11857,False,long,False,False,0.09090909090909091,False,26,low
11858,False,medium,False,False,0.06349206349206349,False,16,low
11859,False,medium,False,False,0.013888888888888888,False,16,low
11860,False,short,False,False,0.47368421052631576,False,6,high
11861,False,long,False,False,0.037037037037037035,False,21,low
11862,False,short,False,False,0.1276595744680851,False,7,high
11863,False,short,False,False,0.30357142857142855,False,12,high
11864,False,short,False,False,0.0625,False,10,low
11865,False,medium,False,False,0.18292682926829268,False,15,high
11866,False,short,False,False,0.044444444444444446,False,11,low
11867,False,long,True,True,0.0,False,23,none
11868,False,medium,False,False,0.043478260869565216,False,17,low
11869,False,medium,False,False,0.05,False,14,low
11870,False,medium,False,False,0.13414634146341464,False,16,high
11871,False,short,False,False,0.02127659574468085,False,10,low
11872,False,medium,False,False,0.11290322580645161,False,14,high
11873,False,medium,False,False,0.02857142857142857,False,15,low
11874,False,medium,False,False,0.13559322033898305,False,16,high
11875,False,medium,False,False,0.18072289156626506,False,18,high
11876,False,short,False,False,0.0,False,2,none
11877,False,medium,False,False,0.04950495049504951,False,18,low
11878,False,long,False,False,0.05952380952380952,False,19,low
11879,True,short,False,False,0.09523809523809523,False,4,low
11880,False,short,False,False,0.09259259259259259,False,10,low
11881,False,short,False,False,0.05263157894736842,False,12,low
11882,False,medium,True,True,0.0379746835443038,False,18,low
11883,False,long,False,False,0.07692307692307693,False,24,low
11884,False,long,False,False,0.008695652173913044,False,21,low
11885,False,short,False,False,0.037037037037037035,False,9,low
11886,False,short,False,False,0.02,False,9,low
11887,True,short,False,False,0.14634146341463414,False,7,high
11888,False,long,False,True,0.35106382978723405,False,24,high
11889,True,long,False,True,0.08695652173913043,False,20,low
11890,False,medium,False,False,0.12790697674418605,False,18,high
11891,False,medium,False,False,0.1076923076923077,False,13,high
11892,False,medium,False,False,0.10975609756097561,False,17,high
11893,False,medium,False,True,0.24691358024691357,False,17,high
11894,False,medium,False,False,0.050505050505050504,False,16,low
11895,False,short,False,False,0.11904761904761904,False,7,high
11896,False,medium,False,False,0.13636363636363635,False,17,high
11897,False,short,False,False,0.16129032258064516,False,8,high
11898,False,short,False,False,0.3125,False,10,high
11899,False,short,False,False,0.057692307692307696,False,10,low
11900,False,short,False,False,0.17333333333333334,False,11,high
11901,False,medium,False,False,0.016129032258064516,False,13,low
11902,False,short,False,False,0.0,False,10,none
11903,False,short,False,False,0.05454545454545454,False,10,low
11904,False,short,False,False,0.1935483870967742,False,5,high
11905,False,short,True,True,0.08771929824561403,False,12,low
11906,False,medium,False,False,0.16666666666666666,False,15,high
11907,False,short,False,False,0.19148936170212766,False,5,high
11908,False,long,False,False,0.04950495049504951,False,19,low
11909,False,long,False,True,0.056179775280898875,False,22,low
11910,False,medium,False,False,0.010869565217391304,False,16,low
11911,False,short,False,False,0.10638297872340426,False,11,high
11912,True,short,False,False,0.0,False,7,none
11913,False,long,False,True,0.021739130434782608,False,20,low
11914,False,medium,False,False,0.16304347826086957,False,15,high
11915,False,medium,False,True,0.08450704225352113,False,16,low
11916,False,long,False,True,0.9540229885057471,False,20,high
11917,False,long,False,True,0.043010752688172046,False,21,low
11918,False,medium,False,False,0.10227272727272728,False,16,high
11919,False,short,False,False,0.019230769230769232,False,11,low
11920,False,short,False,False,0.07142857142857142,False,11,low
11921,False,short,False,False,0.1590909090909091,False,7,high
11922,False,long,False,False,0.06542056074766354,False,21,low
11923,False,long,False,False,0.03125,False,22,low
11924,False,short,False,False,0.02564102564102564,False,9,low
11925,False,long,False,False,0.11827956989247312,False,24,high
11926,False,medium,False,False,0.10256410256410256,False,13,high
11927,False,long,False,False,1.0,False,24,high
11928,False,short,False,False,0.02127659574468085,False,9,low
11929,False,short,False,False,0.11764705882352941,False,5,high
11930,False,short,False,False,0.1111111111111111,False,11,high
11931,False,medium,False,False,0.0,False,17,none
11932,False,short,False,False,0.23684210526315788,False,7,high
11933,True,medium,False,False,0.11864406779661017,False,14,high
11934,True,long,False,True,0.0449438202247191,False,21,low
11935,False,short,False,False,0.075,False,8,low
11936,False,long,False,True,0.0,False,21,none
11937,False,short,False,False,0.04918032786885246,False,12,low
11938,False,short,False,False,0.09523809523809523,False,9,low
11939,False,medium,False,False,0.06976744186046512,False,16,low
11940,False,short,False,False,0.05714285714285714,False,10,low
11941,False,long,False,False,0.0,False,20,none
11942,False,long,False,False,0.033707865168539325,False,22,low
11943,False,medium,False,False,0.06451612903225806,False,14,low
11944,False,long,False,False,0.021052631578947368,False,24,low
11945,False,long,False,True,0.07291666666666667,False,19,low
11946,False,medium,False,False,0.0136986301369863,False,17,low
11947,True,medium,False,False,0.03333333333333333,False,18,low
11948,False,medium,False,True,0.22727272727272727,False,16,high
11949,False,short,False,False,0.14814814814814814,False,8,high
11950,False,long,False,True,0.02912621359223301,False,27,low
11951,False,long,False,False,0.03296703296703297,False,20,low
11952,False,short,False,False,0.05405405405405406,False,12,low
11953,False,long,False,False,0.02,False,24,low
11954,False,short,False,False,0.05357142857142857,False,12,low
11955,True,medium,False,False,0.15,False,17,high
11956,False,long,False,False,0.03225806451612903,False,22,low
11957,False,short,False,False,0.15384615384615385,False,7,high
11958,False,short,True,False,0.2,False,10,high
11959,False,medium,False,False,0.09375,False,13,low
11960,False,medium,True,False,0.056338028169014086,False,18,low
11961,False,short,False,False,0.21428571428571427,False,11,high
11962,False,medium,True,False,0.0,False,17,none
11963,False,short,False,False,0.05,False,9,low
11964,False,medium,False,False,0.0,False,18,none
11965,False,long,False,False,0.125,False,20,high
11966,False,medium,False,False,0.028985507246376812,False,14,low
11967,False,long,False,False,0.05309734513274336,False,19,low
11968,True,medium,False,False,0.02857142857142857,False,18,low
11969,False,long,False,False,0.018691588785046728,False,22,low
11970,False,short,False,False,0.21052631578947367,False,9,high
11971,False,short,False,False,0.044444444444444446,False,9,low
11972,False,medium,False,False,0.04285714285714286,False,13,low
11973,False,medium,False,False,0.08,False,15,low
11974,False,short,False,False,0.03389830508474576,False,11,low
11975,False,long,False,False,0.06451612903225806,False,23,low
11976,True,short,False,False,0.08108108108108109,False,11,low
11977,False,short,False,False,0.018518518518518517,False,10,low
11978,False,long,False,False,0.047058823529411764,False,19,low
11979,False,long,False,False,0.057692307692307696,False,22,low
11980,False,short,False,True,0.07936507936507936,False,12,low
11981,False,short,False,False,0.13157894736842105,False,10,high
11982,False,medium,False,False,0.01818181818181818,False,14,low
11983,False,short,False,False,0.1724137931034483,False,12,high
11984,False,short,False,False,0.08108108108108109,False,7,low
11985,False,medium,False,False,0.0821917808219178,False,18,low
11986,False,medium,False,False,0.1125,False,15,high
11987,False,short,False,False,0.15555555555555556,False,9,high
11988,False,short,False,False,0.06,False,10,low
11989,False,medium,False,False,0.22413793103448276,False,14,high
11990,False,long,False,False,0.030612244897959183,False,22,low
11991,False,medium,False,False,0.11666666666666667,False,13,high
11992,False,long,False,True,0.00909090909090909,False,19,low
11993,False,long,False,False,0.06060606060606061,False,23,low
11994,False,short,False,False,0.0,False,10,none
11995,False,long,False,True,0.0,False,23,none
11996,False,long,False,False,0.1346153846153846,False,23,high
11997,False,long,True,True,0.02830188679245283,False,19,low
11998,False,medium,False,False,0.07692307692307693,False,16,low
11999,False,medium,False,False,0.07339449541284404,False,15,low
12000,False,medium,False,False,0.016666666666666666,False,18,low
12001,False,medium,True,False,0.07317073170731707,False,16,low
12002,False,short,False,False,0.16326530612244897,False,10,high
12003,False,medium,False,False,0.039473684210526314,False,14,low
12004,False,long,False,False,0.011235955056179775,False,20,low
12005,False,short,False,False,0.10144927536231885,False,12,high
12006,False,long,True,False,0.0375,False,22,low
12007,False,medium,False,False,0.16363636363636364,False,14,high
12008,False,medium,False,False,0.024691358024691357,False,17,low
12009,False,medium,False,False,0.7872340425531915,False,17,high
12010,False,medium,False,True,0.02666666666666667,False,16,low
12011,False,medium,False,False,0.0875,False,17,low
12012,False,long,True,False,0.011494252873563218,False,20,low
12013,False,short,False,False,0.0,False,8,none
12014,False,short,False,False,0.16,False,7,high
12015,False,short,False,False,0.16,False,10,high
12016,False,short,False,False,0.06666666666666667,False,12,low
12017,False,medium,False,True,0.1276595744680851,False,18,high
12018,False,short,False,False,0.1111111111111111,False,12,high
12019,True,medium,False,False,0.0392156862745098,False,13,low
12020,False,short,False,False,0.1276595744680851,False,9,high
12021,False,short,False,False,0.08695652173913043,False,11,low
12022,True,medium,False,False,0.0625,False,15,low
12023,False,short,False,False,0.14285714285714285,False,10,high
12024,False,short,False,False,0.078125,False,10,low
12025,False,long,False,False,0.09302325581395349,False,25,low
12026,False,short,False,False,0.7213114754098361,False,12,high
12027,False,medium,False,False,0.010638297872340425,False,18,low
12028,False,long,False,False,0.046511627906976744,False,20,low
12029,False,long,False,False,0.11428571428571428,False,19,high
12030,True,short,False,False,0.1724137931034483,False,8,high
12031,False,long,False,True,0.10377358490566038,False,24,high
12032,False,long,False,True,0.05319148936170213,False,22,low
12033,False,long,False,False,0.031578947368421054,False,22,low
12034,False,long,False,True,0.011235955056179775,False,23,low
12035,False,medium,False,False,0.021739130434782608,False,18,low
12036,False,short,False,True,0.028169014084507043,False,11,low
12037,False,short,False,False,0.36363636363636365,False,8,high
12038,False,long,False,True,0.12264150943396226,False,28,high
12039,False,medium,False,False,0.09375,False,15,low
12040,False,short,False,False,0.2127659574468085,False,10,high
12041,False,medium,False,True,0.13793103448275862,False,17,high
12042,False,long,False,False,0.04310344827586207,False,23,low
12043,False,long,False,True,0.039603960396039604,False,22,low
12044,False,short,False,False,0.17647058823529413,False,10,high
12045,False,short,False,False,0.5614035087719298,False,10,high
12046,False,short,False,False,0.2,False,5,high
12047,False,long,False,False,0.06818181818181818,False,19,low
12048,False,medium,False,False,0.058823529411764705,False,15,low
12049,False,long,False,False,0.01098901098901099,False,20,low
12050,False,long,False,False,0.08433734939759036,False,19,low
12051,False,medium,False,False,0.014492753623188406,False,17,low
12052,False,medium,False,False,0.4117647058823529,False,13,high
12053,False,long,False,False,0.038834951456310676,False,23,low
12054,True,short,False,False,0.18309859154929578,False,11,high
12055,False,medium,False,False,0.0625,False,18,low
12056,False,long,False,False,0.04716981132075472,False,24,low
12057,False,short,False,False,0.05,False,12,low
12058,False,short,False,False,0.029411764705882353,False,9,low
12059,False,short,False,False,0.15217391304347827,False,8,high
12060,False,long,False,True,0.0,False,28,none
12061,False,short,False,False,0.0,False,10,none
12062,False,long,False,False,0.32098765432098764,False,20,high
12063,False,medium,False,False,0.3188405797101449,False,18,high
12064,False,medium,False,False,0.06666666666666667,False,18,low
12065,False,medium,False,False,0.060240963855421686,False,14,low
12066,False,long,False,False,0.0,False,24,none
12067,False,medium,False,True,0.010101010101010102,False,16,low
12068,False,long,False,True,0.13793103448275862,False,23,high
12069,False,short,False,False,0.0967741935483871,False,11,low
12070,False,long,False,False,0.0273972602739726,False,22,low
12071,False,medium,False,False,0.046511627906976744,False,17,low
12072,False,short,False,False,0.02857142857142857,False,6,low
12073,False,short,False,False,0.0,False,5,none
12074,False,long,False,False,0.0989010989010989,False,20,low
12075,True,medium,False,False,0.13432835820895522,False,17,high
12076,False,short,False,False,0.16216216216216217,False,9,high
12077,False,long,False,False,0.10891089108910891,False,26,high
12078,False,medium,False,False,0.029850746268656716,False,14,low
12079,False,long,False,False,0.030303030303030304,False,22,low
12080,False,medium,False,False,0.20967741935483872,False,14,high
12081,False,medium,False,False,0.07692307692307693,False,16,low
12082,False,medium,False,False,0.020618556701030927,False,17,low
12083,False,medium,False,False,0.08163265306122448,False,16,low
12084,False,long,False,False,0.03409090909090909,False,25,low
12085,False,medium,False,False,0.0,False,16,none
12086,False,short,False,False,0.15584415584415584,False,12,high
12087,False,short,False,False,0.0,False,9,none
12088,False,long,False,False,0.02531645569620253,False,24,low
12089,False,medium,False,False,0.1590909090909091,False,17,high
12090,False,long,False,True,0.0,False,23,none
12091,True,short,False,False,0.1,False,12,low
12092,False,medium,False,False,0.18269230769230768,False,13,high
12093,False,short,False,False,0.16,False,9,high
12094,False,short,False,False,0.16216216216216217,False,8,high
12095,False,long,False,False,0.10843373493975904,False,22,high
12096,False,long,False,False,0.0594059405940594,False,25,low
12097,False,medium,False,False,0.2,False,14,high
12098,False,long,True,False,0.05970149253731343,False,19,low
12099,False,long,False,True,0.1375,False,19,high
12100,False,long,False,False,0.057692307692307696,False,25,low
12101,False,short,False,True,0.11428571428571428,False,12,high
12102,False,short,False,False,0.05,False,8,low
12103,False,medium,False,True,0.01282051282051282,False,13,low
12104,False,short,False,False,0.0196078431372549,False,12,low
12105,True,medium,False,False,0.018867924528301886,False,13,low
12106,False,short,False,False,0.18478260869565216,False,11,high
12107,False,short,False,False,0.07142857142857142,True,8,low
12108,False,short,False,False,0.042105263157894736,False,12,low
12109,False,long,False,False,0.03409090909090909,False,20,low
12110,False,short,False,False,0.0,False,5,none
12111,False,long,False,False,0.0660377358490566,False,22,low
12112,True,short,False,False,0.0,False,6,none
12113,False,short,False,False,0.11764705882352941,False,8,high
12114,False,short,False,False,0.038461538461538464,False,8,low
12115,False,short,False,False,0.02564102564102564,False,12,low
12116,True,short,False,False,0.24444444444444444,False,10,high
12117,False,short,False,False,0.1,False,12,low
12118,False,long,False,False,0.11702127659574468,False,27,high
12119,False,short,False,False,0.04411764705882353,False,9,low
12120,False,medium,False,False,0.13043478260869565,False,17,high
12121,False,long,False,True,0.043478260869565216,False,22,low
12122,False,short,False,False,0.05,False,10,low
12123,False,medium,False,False,0.12345679012345678,False,13,high
12124,False,long,False,False,0.061946902654867256,False,23,low
12125,False,short,True,False,0.018867924528301886,False,10,low
12126,False,short,False,False,0.025,False,7,low
12127,False,medium,False,False,0.1111111111111111,False,17,high
12128,False,short,False,False,0.0625,False,10,low
12129,False,medium,False,True,0.2962962962962963,False,18,high
12130,False,short,False,False,0.041666666666666664,False,6,low
12131,False,long,True,True,0.13580246913580246,False,20,high
12132,False,long,False,False,0.05555555555555555,False,20,low
12133,False,long,False,False,0.02830188679245283,False,32,low
12134,False,short,False,False,0.10810810810810811,False,5,high
12135,False,short,False,False,0.07042253521126761,False,12,low
12136,False,long,False,False,0.10714285714285714,False,20,high
12137,False,long,False,False,0.0,False,22,none
12138,False,long,False,False,0.056179775280898875,False,22,low
12139,False,short,False,False,0.06557377049180328,False,12,low
12140,False,long,False,False,0.01904761904761905,False,22,low
12141,False,long,False,False,0.12790697674418605,False,20,high
12142,False,long,False,False,0.03333333333333333,False,21,low
12143,False,medium,False,False,0.12987012987012986,False,17,high
12144,False,long,False,False,0.010526315789473684,False,26,low
12145,False,short,False,False,0.05405405405405406,False,10,low
12146,False,long,False,True,0.009523809523809525,False,27,low
12147,False,long,False,False,0.08163265306122448,False,23,low
12148,False,short,False,False,0.09523809523809523,False,5,low
12149,False,short,True,True,0.07692307692307693,False,12,low
12150,False,long,False,False,0.125,False,21,high
12151,False,short,False,False,0.0392156862745098,False,10,low
12152,False,long,False,False,0.07692307692307693,False,21,low
12153,False,short,False,False,0.07142857142857142,False,11,low
12154,False,long,True,False,0.012195121951219513,False,21,low
12155,True,short,False,False,0.08571428571428572,False,8,low
12156,False,short,False,False,0.10638297872340426,False,12,high
12157,False,medium,False,False,0.10416666666666667,False,13,high
12158,False,short,False,True,0.11538461538461539,False,7,high
12159,False,medium,False,False,0.1506849315068493,False,13,high
12160,False,long,False,False,0.018691588785046728,False,25,low
12161,False,short,False,False,0.06976744186046512,False,10,low
12162,False,short,False,False,0.046153846153846156,False,11,low
12163,False,long,False,False,0.14018691588785046,False,22,high
12164,False,long,False,True,0.08823529411764706,False,19,low
12165,False,long,False,True,0.050505050505050504,False,27,low
12166,True,short,False,False,0.13636363636363635,False,7,high
12167,False,short,False,False,0.08333333333333333,False,11,low
12168,False,short,False,False,0.22580645161290322,False,7,high
12169,True,medium,False,False,0.08823529411764706,False,18,low
12170,False,medium,False,False,0.19402985074626866,False,13,high
12171,False,long,False,False,0.025,False,19,low
12172,False,long,False,False,0.017699115044247787,False,21,low
12173,False,medium,False,True,0.1,False,17,low
12174,False,medium,False,False,0.08333333333333333,False,13,low
12175,False,long,False,False,0.01098901098901099,False,19,low
12176,True,short,False,False,0.08333333333333333,False,4,low
12177,False,medium,False,False,0.17391304347826086,False,14,high
12178,False,long,False,False,0.0989010989010989,False,20,low
12179,False,long,False,False,0.008620689655172414,False,22,low
12180,True,short,False,False,0.3684210526315789,False,3,high
12181,False,short,False,False,0.14285714285714285,False,12,high
12182,False,medium,False,False,0.05333333333333334,False,13,low
12183,False,short,False,False,0.125,False,11,high
12184,False,long,False,False,0.16455696202531644,False,21,high
12185,False,short,False,False,0.04,False,8,low
12186,False,medium,False,False,0.030303030303030304,False,15,low
12187,False,medium,False,False,0.04225352112676056,False,14,low
12188,False,long,True,True,0.0449438202247191,False,24,low
12189,False,medium,False,True,0.0273972602739726,False,17,low
12190,False,short,False,False,0.03571428571428571,False,8,low
12191,False,medium,False,True,0.033707865168539325,False,17,low
12192,False,long,False,False,0.12745098039215685,False,19,high
12193,False,long,False,False,0.024390243902439025,False,19,low
12194,False,medium,False,False,0.011363636363636364,False,16,low
12195,False,short,False,False,0.0847457627118644,False,8,low
12196,False,short,False,False,0.07407407407407407,False,11,low
12197,False,medium,False,False,0.0821917808219178,False,18,low
12198,False,long,False,True,0.3047619047619048,False,22,high
12199,False,short,False,False,0.14285714285714285,False,10,high
12200,False,long,False,True,0.06578947368421052,False,20,low
12201,False,short,False,False,0.5535714285714286,False,12,high
12202,False,medium,False,False,0.19117647058823528,False,13,high
12203,False,short,False,False,0.19811320754716982,False,11,high
12204,False,medium,False,False,0.16049382716049382,False,13,high
12205,False,long,False,True,0.0425531914893617,False,20,low
12206,False,long,False,False,0.12149532710280374,False,24,high
12207,False,long,False,False,0.14285714285714285,True,20,high
12208,False,long,False,False,0.045871559633027525,False,25,low
12209,False,short,False,False,0.12903225806451613,False,7,high
12210,False,short,False,False,0.12195121951219512,False,8,high
12211,False,long,False,True,0.02247191011235955,False,20,low
12212,False,long,False,False,0.03669724770642202,False,20,low
12213,False,short,False,False,0.061224489795918366,False,11,low
12214,False,short,False,False,0.13043478260869565,False,11,high
12215,False,medium,False,True,0.2054794520547945,False,17,high
12216,False,long,False,False,0.044642857142857144,False,26,low
12217,False,medium,False,False,0.0,False,16,none
12218,False,short,False,False,0.2647058823529412,False,8,high
12219,False,long,False,True,0.125,False,23,high
12220,False,medium,False,True,0.05194805194805195,False,18,low
12221,False,medium,False,False,0.2028985507246377,False,13,high
12222,False,medium,False,False,0.06976744186046512,False,18,low
12223,False,long,False,False,0.036585365853658534,False,19,low
12224,False,short,True,False,0.0784313725490196,False,12,low
12225,False,medium,False,True,0.07352941176470588,False,13,low
12226,False,medium,False,False,0.016666666666666666,False,16,low
12227,False,medium,False,False,0.11764705882352941,False,18,high
12228,False,long,False,True,0.011363636363636364,False,21,low
12229,False,long,False,False,0.08888888888888889,False,23,low
12230,False,short,False,True,0.045454545454545456,False,5,low
12231,False,short,False,False,0.05263157894736842,False,11,low
12232,False,short,False,False,0.09090909090909091,False,12,low
12233,False,medium,False,False,0.14492753623188406,False,18,high
12234,False,medium,False,False,0.08490566037735849,False,16,low
12235,False,long,False,False,0.1,False,21,low
12236,False,medium,False,False,0.22666666666666666,False,15,high
12237,False,medium,False,False,0.11764705882352941,True,16,high
12238,False,short,False,False,0.0784313725490196,False,7,low
12239,False,long,False,False,0.00980392156862745,False,20,low
12240,True,short,False,False,0.14583333333333334,False,8,high
12241,True,long,False,True,0.03260869565217391,False,21,low
12242,False,short,False,False,0.16,False,9,high
12243,False,long,False,True,0.02,False,25,low
12244,False,medium,False,False,0.14473684210526316,False,14,high
12245,True,short,False,True,0.13636363636363635,False,12,high
12246,False,short,False,True,0.25,False,9,high
12247,False,long,False,False,0.125,False,20,high
12248,False,short,False,False,0.041666666666666664,False,9,low
12249,False,medium,False,False,0.014084507042253521,False,15,low
12250,False,medium,False,False,0.06153846153846154,False,13,low
12251,False,medium,False,True,0.3220338983050847,False,14,high
12252,False,medium,False,False,0.010526315789473684,False,16,low
12253,False,long,False,True,0.02,False,20,low
12254,False,short,False,False,0.12222222222222222,False,12,high
12255,False,short,False,False,0.2037037037037037,False,11,high
12256,False,short,False,False,0.0297029702970297,False,10,low
12257,False,short,False,False,0.2857142857142857,False,7,high
12258,False,medium,False,False,0.08450704225352113,False,16,low
12259,False,medium,False,False,0.14772727272727273,False,18,high
12260,True,short,False,False,0.1320754716981132,False,9,high
12261,False,medium,False,False,0.15294117647058825,False,13,high
12262,False,short,False,False,0.10714285714285714,False,12,high
12263,False,long,False,False,0.0945945945945946,False,21,low
12264,False,medium,False,False,0.05952380952380952,False,17,low
12265,False,short,False,False,0.1111111111111111,False,9,high
12266,False,short,False,False,0.044444444444444446,False,9,low
12267,False,short,False,False,0.0,True,6,none
12268,False,medium,False,False,0.013888888888888888,False,13,low
12269,False,short,False,False,0.10526315789473684,False,8,high
12270,False,long,False,False,0.06666666666666667,False,21,low
12271,False,medium,False,False,0.17333333333333334,False,14,high
12272,False,long,False,False,0.18461538461538463,False,19,high
12273,False,long,False,False,0.012048192771084338,False,20,low
12274,False,short,False,False,0.03125,False,11,low
12275,False,medium,False,False,0.1927710843373494,False,18,high
12276,False,short,False,False,0.1016949152542373,False,12,high
12277,False,long,True,True,0.0,False,24,none
12278,False,long,False,True,0.04938271604938271,False,20,low
12279,False,short,False,True,0.10909090909090909,False,11,high
12280,False,short,False,False,0.0,False,8,none
12281,False,medium,False,False,0.0975609756097561,False,16,low
12282,False,medium,False,False,0.010309278350515464,False,18,low
12283,False,medium,False,False,0.09615384615384616,False,13,low
